date,weekday,time_slot,facility,visitors
2026-03-02,Mon,08:00,Library,21
2026-03-02,Mon,08:30,Library,16
2026-03-02,Mon,09:00,Library,20
2026-03-02,Mon,09:30,Library,20
2026-03-02,Mon,10:00,Library,24
2026-03-02,Mon,10:30,Library,19
2026-03-02,Mon,11:00,Library,29
2026-03-02,Mon,11:30,Library,33
2026-03-02,Mon,12:00,Library,28
2026-03-02,Mon,12:30,Library,32
2026-03-02,Mon,13:00,Library,21
2026-03-02,Mon,13:30,Library,25
2026-03-02,Mon,08:00,Gym,22
2026-03-02,Mon,08:30,Gym,26
2026-03-02,Mon,09:00,Gym,21
2026-03-02,Mon,09:30,Gym,30
2026-03-02,Mon,10:00,Gym,25
2026-03-02,Mon,10:30,Gym,29
2026-03-02,Mon,11:00,Gym,39
2026-03-02,Mon,11:30,Gym,34
2026-03-02,Mon,12:00,Gym,38
2026-03-02,Mon,12:30,Gym,33
2026-03-02,Mon,13:00,Gym,31
2026-03-02,Mon,13:30,Gym,26
2026-03-02,Mon,08:00,Computer_Room,23
2026-03-02,Mon,08:30,Computer_Room,18
2026-03-02,Mon,09:00,Computer_Room,22
2026-03-02,Mon,09:30,Computer_Room,22
2026-03-02,Mon,10:00,Computer_Room,26
2026-03-02,Mon,10:30,Computer_Room,30
2026-03-02,Mon,11:00,Computer_Room,31
2026-03-02,Mon,11:30,Computer_Room,35
2026-03-02,Mon,12:00,Computer_Room,30
2026-03-02,Mon,12:30,Computer_Room,34
2026-03-02,Mon,13:00,Computer_Room,23
2026-03-02,Mon,13:30,Computer_Room,27
2026-03-02,Mon,08:00,Science_Lab,10
2026-03-02,Mon,08:30,Science_Lab,14
2026-03-02,Mon,09:00,Science_Lab,9
2026-03-02,Mon,09:30,Science_Lab,18
2026-03-02,Mon,10:00,Science_Lab,22
2026-03-02,Mon,10:30,Science_Lab,17
2026-03-02,Mon,11:00,Science_Lab,27
2026-03-02,Mon,11:30,Science_Lab,22
2026-03-02,Mon,12:00,Science_Lab,26
2026-03-02,Mon,12:30,Science_Lab,21
2026-03-02,Mon,13:00,Science_Lab,19
2026-03-02,Mon,13:30,Science_Lab,14
2026-03-02,Mon,08:00,Art_Room,12
2026-03-02,Mon,08:30,Art_Room,7
2026-03-02,Mon,09:00,Art_Room,11
2026-03-02,Mon,09:30,Art_Room,20
2026-03-02,Mon,10:00,Art_Room,15
2026-03-02,Mon,10:30,Art_Room,19
2026-03-02,Mon,11:00,Art_Room,20
2026-03-02,Mon,11:30,Art_Room,24
2026-03-02,Mon,12:00,Art_Room,19
2026-03-02,Mon,12:30,Art_Room,23
2026-03-02,Mon,13:00,Art_Room,12
2026-03-02,Mon,13:30,Art_Room,16
2026-03-02,Mon,08:00,Music_Room,11
2026-03-02,Mon,08:30,Music_Room,15
2026-03-02,Mon,09:00,Music_Room,19
2026-03-02,Mon,09:30,Music_Room,19
2026-03-02,Mon,10:00,Music_Room,23
2026-03-02,Mon,10:30,Music_Room,18
2026-03-02,Mon,11:00,Music_Room,28
2026-03-02,Mon,11:30,Music_Room,23
2026-03-02,Mon,12:00,Music_Room,27
2026-03-02,Mon,12:30,Music_Room,22
2026-03-02,Mon,13:00,Music_Room,20
2026-03-02,Mon,13:30,Music_Room,24
2026-03-03,Tue,08:00,Library,20
2026-03-03,Tue,08:30,Library,15
2026-03-03,Tue,09:00,Library,19
2026-03-03,Tue,09:30,Library,19
2026-03-03,Tue,10:00,Library,23
2026-03-03,Tue,10:30,Library,27
2026-03-03,Tue,11:00,Library,28
2026-03-03,Tue,11:30,Library,32
2026-03-03,Tue,12:00,Library,27
2026-03-03,Tue,12:30,Library,31
2026-03-03,Tue,13:00,Library,20
2026-03-03,Tue,13:30,Library,24
2026-03-03,Tue,08:00,Gym,21
2026-03-03,Tue,08:30,Gym,25
2026-03-03,Tue,09:00,Gym,20
2026-03-03,Tue,09:30,Gym,29
2026-03-03,Tue,10:00,Gym,33
2026-03-03,Tue,10:30,Gym,28
2026-03-03,Tue,11:00,Gym,38
2026-03-03,Tue,11:30,Gym,33
2026-03-03,Tue,12:00,Gym,37
2026-03-03,Tue,12:30,Gym,32
2026-03-03,Tue,13:00,Gym,30
2026-03-03,Tue,13:30,Gym,25
2026-03-03,Tue,08:00,Computer_Room,22
2026-03-03,Tue,08:30,Computer_Room,17
2026-03-03,Tue,09:00,Computer_Room,21
2026-03-03,Tue,09:30,Computer_Room,30
2026-03-03,Tue,10:00,Computer_Room,25
2026-03-03,Tue,10:30,Computer_Room,29
2026-03-03,Tue,11:00,Computer_Room,30
2026-03-03,Tue,11:30,Computer_Room,34
2026-03-03,Tue,12:00,Computer_Room,29
2026-03-03,Tue,12:30,Computer_Room,33
2026-03-03,Tue,13:00,Computer_Room,22
2026-03-03,Tue,13:30,Computer_Room,26
2026-03-03,Tue,08:00,Science_Lab,9
2026-03-03,Tue,08:30,Science_Lab,13
2026-03-03,Tue,09:00,Science_Lab,17
2026-03-03,Tue,09:30,Science_Lab,17
2026-03-03,Tue,10:00,Science_Lab,21
2026-03-03,Tue,10:30,Science_Lab,16
2026-03-03,Tue,11:00,Science_Lab,26
2026-03-03,Tue,11:30,Science_Lab,21
2026-03-03,Tue,12:00,Science_Lab,25
2026-03-03,Tue,12:30,Science_Lab,20
2026-03-03,Tue,13:00,Science_Lab,18
2026-03-03,Tue,13:30,Science_Lab,22
2026-03-03,Tue,08:00,Art_Room,11
2026-03-03,Tue,08:30,Art_Room,15
2026-03-03,Tue,09:00,Art_Room,10
2026-03-03,Tue,09:30,Art_Room,19
2026-03-03,Tue,10:00,Art_Room,14
2026-03-03,Tue,10:30,Art_Room,18
2026-03-03,Tue,11:00,Art_Room,19
2026-03-03,Tue,11:30,Art_Room,23
2026-03-03,Tue,12:00,Art_Room,18
2026-03-03,Tue,12:30,Art_Room,22
2026-03-03,Tue,13:00,Art_Room,20
2026-03-03,Tue,13:30,Art_Room,15
2026-03-03,Tue,08:00,Music_Room,19
2026-03-03,Tue,08:30,Music_Room,14
2026-03-03,Tue,09:00,Music_Room,18
2026-03-03,Tue,09:30,Music_Room,18
2026-03-03,Tue,10:00,Music_Room,22
2026-03-03,Tue,10:30,Music_Room,17
2026-03-03,Tue,11:00,Music_Room,27
2026-03-03,Tue,11:30,Music_Room,22
2026-03-03,Tue,12:00,Music_Room,26
2026-03-03,Tue,12:30,Music_Room,30
2026-03-03,Tue,13:00,Music_Room,19
2026-03-03,Tue,13:30,Music_Room,23
2026-03-04,Wed,08:00,Library,19
2026-03-04,Wed,08:30,Library,14
2026-03-04,Wed,09:00,Library,18
2026-03-04,Wed,09:30,Library,27
2026-03-04,Wed,10:00,Library,22
2026-03-04,Wed,10:30,Library,26
2026-03-04,Wed,11:00,Library,27
2026-03-04,Wed,11:30,Library,31
2026-03-04,Wed,12:00,Library,26
2026-03-04,Wed,12:30,Library,30
2026-03-04,Wed,13:00,Library,19
2026-03-04,Wed,13:30,Library,23
2026-03-04,Wed,08:00,Gym,20
2026-03-04,Wed,08:30,Gym,24
2026-03-04,Wed,09:00,Gym,28
2026-03-04,Wed,09:30,Gym,28
2026-03-04,Wed,10:00,Gym,32
2026-03-04,Wed,10:30,Gym,27
2026-03-04,Wed,11:00,Gym,37
2026-03-04,Wed,11:30,Gym,32
2026-03-04,Wed,12:00,Gym,36
2026-03-04,Wed,12:30,Gym,31
2026-03-04,Wed,13:00,Gym,29
2026-03-04,Wed,13:30,Gym,33
2026-03-04,Wed,08:00,Computer_Room,21
2026-03-04,Wed,08:30,Computer_Room,25
2026-03-04,Wed,09:00,Computer_Room,20
2026-03-04,Wed,09:30,Computer_Room,29
2026-03-04,Wed,10:00,Computer_Room,24
2026-03-04,Wed,10:30,Computer_Room,28
2026-03-04,Wed,11:00,Computer_Room,29
2026-03-04,Wed,11:30,Computer_Room,33
2026-03-04,Wed,12:00,Computer_Room,28
2026-03-04,Wed,12:30,Computer_Room,32
2026-03-04,Wed,13:00,Computer_Room,30
2026-03-04,Wed,13:30,Computer_Room,25
2026-03-04,Wed,08:00,Science_Lab,17
2026-03-04,Wed,08:30,Science_Lab,12
2026-03-04,Wed,09:00,Science_Lab,16
2026-03-04,Wed,09:30,Science_Lab,16
2026-03-04,Wed,10:00,Science_Lab,20
2026-03-04,Wed,10:30,Science_Lab,15
2026-03-04,Wed,11:00,Science_Lab,25
2026-03-04,Wed,11:30,Science_Lab,20
2026-03-04,Wed,12:00,Science_Lab,24
2026-03-04,Wed,12:30,Science_Lab,28
2026-03-04,Wed,13:00,Science_Lab,17
2026-03-04,Wed,13:30,Science_Lab,21
2026-03-04,Wed,08:00,Art_Room,10
2026-03-04,Wed,08:30,Art_Room,14
2026-03-04,Wed,09:00,Art_Room,9
2026-03-04,Wed,09:30,Art_Room,18
2026-03-04,Wed,10:00,Art_Room,13
2026-03-04,Wed,10:30,Art_Room,17
2026-03-04,Wed,11:00,Art_Room,18
2026-03-04,Wed,11:30,Art_Room,22
2026-03-04,Wed,12:00,Art_Room,26
2026-03-04,Wed,12:30,Art_Room,21
2026-03-04,Wed,13:00,Art_Room,19
2026-03-04,Wed,13:30,Art_Room,14
2026-03-04,Wed,08:00,Music_Room,18
2026-03-04,Wed,08:30,Music_Room,13
2026-03-04,Wed,09:00,Music_Room,17
2026-03-04,Wed,09:30,Music_Room,17
2026-03-04,Wed,10:00,Music_Room,21
2026-03-04,Wed,10:30,Music_Room,16
2026-03-04,Wed,11:00,Music_Room,26
2026-03-04,Wed,11:30,Music_Room,30
2026-03-04,Wed,12:00,Music_Room,25
2026-03-04,Wed,12:30,Music_Room,29
2026-03-04,Wed,13:00,Music_Room,18
2026-03-04,Wed,13:30,Music_Room,22
2026-03-05,Thu,08:00,Library,18
2026-03-05,Thu,08:30,Library,22
2026-03-05,Thu,09:00,Library,17
2026-03-05,Thu,09:30,Library,26
2026-03-05,Thu,10:00,Library,21
2026-03-05,Thu,10:30,Library,25
2026-03-05,Thu,11:00,Library,26
2026-03-05,Thu,11:30,Library,30
2026-03-05,Thu,12:00,Library,25
2026-03-05,Thu,12:30,Library,29
2026-03-05,Thu,13:00,Library,27
2026-03-05,Thu,13:30,Library,22
2026-03-05,Thu,08:00,Gym,28
2026-03-05,Thu,08:30,Gym,23
2026-03-05,Thu,09:00,Gym,27
2026-03-05,Thu,09:30,Gym,27
2026-03-05,Thu,10:00,Gym,31
2026-03-05,Thu,10:30,Gym,26
2026-03-05,Thu,11:00,Gym,36
2026-03-05,Thu,11:30,Gym,31
2026-03-05,Thu,12:00,Gym,35
2026-03-05,Thu,12:30,Gym,39
2026-03-05,Thu,13:00,Gym,28
2026-03-05,Thu,13:30,Gym,32
2026-03-05,Thu,08:00,Computer_Room,20
2026-03-05,Thu,08:30,Computer_Room,24
2026-03-05,Thu,09:00,Computer_Room,19
2026-03-05,Thu,09:30,Computer_Room,28
2026-03-05,Thu,10:00,Computer_Room,23
2026-03-05,Thu,10:30,Computer_Room,27
2026-03-05,Thu,11:00,Computer_Room,28
2026-03-05,Thu,11:30,Computer_Room,32
2026-03-05,Thu,12:00,Computer_Room,36
2026-03-05,Thu,12:30,Computer_Room,31
2026-03-05,Thu,13:00,Computer_Room,29
2026-03-05,Thu,13:30,Computer_Room,24
2026-03-05,Thu,08:00,Science_Lab,16
2026-03-05,Thu,08:30,Science_Lab,11
2026-03-05,Thu,09:00,Science_Lab,15
2026-03-05,Thu,09:30,Science_Lab,15
2026-03-05,Thu,10:00,Science_Lab,19
2026-03-05,Thu,10:30,Science_Lab,14
2026-03-05,Thu,11:00,Science_Lab,24
2026-03-05,Thu,11:30,Science_Lab,28
2026-03-05,Thu,12:00,Science_Lab,23
2026-03-05,Thu,12:30,Science_Lab,27
2026-03-05,Thu,13:00,Science_Lab,16
2026-03-05,Thu,13:30,Science_Lab,20
2026-03-05,Thu,08:00,Art_Room,9
2026-03-05,Thu,08:30,Art_Room,13
2026-03-05,Thu,09:00,Art_Room,8
2026-03-05,Thu,09:30,Art_Room,17
2026-03-05,Thu,10:00,Art_Room,12
2026-03-05,Thu,10:30,Art_Room,16
2026-03-05,Thu,11:00,Art_Room,26
2026-03-05,Thu,11:30,Art_Room,21
2026-03-05,Thu,12:00,Art_Room,25
2026-03-05,Thu,12:30,Art_Room,20
2026-03-05,Thu,13:00,Art_Room,18
2026-03-05,Thu,13:30,Art_Room,13
2026-03-05,Thu,08:00,Music_Room,17
2026-03-05,Thu,08:30,Music_Room,12
2026-03-05,Thu,09:00,Music_Room,16
2026-03-05,Thu,09:30,Music_Room,16
2026-03-05,Thu,10:00,Music_Room,20
2026-03-05,Thu,10:30,Music_Room,24
2026-03-05,Thu,11:00,Music_Room,25
2026-03-05,Thu,11:30,Music_Room,29
2026-03-05,Thu,12:00,Music_Room,24
2026-03-05,Thu,12:30,Music_Room,28
2026-03-05,Thu,13:00,Music_Room,17
2026-03-05,Thu,13:30,Music_Room,21
2026-03-06,Fri,08:00,Library,21
2026-03-06,Fri,08:30,Library,25
2026-03-06,Fri,09:00,Library,20
2026-03-06,Fri,09:30,Library,29
2026-03-06,Fri,10:00,Library,24
2026-03-06,Fri,10:30,Library,28
2026-03-06,Fri,11:00,Library,29
2026-03-06,Fri,11:30,Library,33
2026-03-06,Fri,12:00,Library,37
2026-03-06,Fri,12:30,Library,32
2026-03-06,Fri,13:00,Library,30
2026-03-06,Fri,13:30,Library,25
2026-03-06,Fri,08:00,Gym,31
2026-03-06,Fri,08:30,Gym,26
2026-03-06,Fri,09:00,Gym,30
2026-03-06,Fri,09:30,Gym,30
2026-03-06,Fri,10:00,Gym,34
2026-03-06,Fri,10:30,Gym,29
2026-03-06,Fri,11:00,Gym,39
2026-03-06,Fri,11:30,Gym,43
2026-03-06,Fri,12:00,Gym,38
2026-03-06,Fri,12:30,Gym,42
2026-03-06,Fri,13:00,Gym,31
2026-03-06,Fri,13:30,Gym,35
2026-03-06,Fri,08:00,Computer_Room,23
2026-03-06,Fri,08:30,Computer_Room,27
2026-03-06,Fri,09:00,Computer_Room,22
2026-03-06,Fri,09:30,Computer_Room,31
2026-03-06,Fri,10:00,Computer_Room,26
2026-03-06,Fri,10:30,Computer_Room,30
2026-03-06,Fri,11:00,Computer_Room,40
2026-03-06,Fri,11:30,Computer_Room,35
2026-03-06,Fri,12:00,Computer_Room,39
2026-03-06,Fri,12:30,Computer_Room,34
2026-03-06,Fri,13:00,Computer_Room,32
2026-03-06,Fri,13:30,Computer_Room,27
2026-03-06,Fri,08:00,Science_Lab,19
2026-03-06,Fri,08:30,Science_Lab,14
2026-03-06,Fri,09:00,Science_Lab,18
2026-03-06,Fri,09:30,Science_Lab,18
2026-03-06,Fri,10:00,Science_Lab,22
2026-03-06,Fri,10:30,Science_Lab,26
2026-03-06,Fri,11:00,Science_Lab,27
2026-03-06,Fri,11:30,Science_Lab,31
2026-03-06,Fri,12:00,Science_Lab,26
2026-03-06,Fri,12:30,Science_Lab,30
2026-03-06,Fri,13:00,Science_Lab,19
2026-03-06,Fri,13:30,Science_Lab,23
2026-03-06,Fri,08:00,Art_Room,12
2026-03-06,Fri,08:30,Art_Room,16
2026-03-06,Fri,09:00,Art_Room,11
2026-03-06,Fri,09:30,Art_Room,20
2026-03-06,Fri,10:00,Art_Room,24
2026-03-06,Fri,10:30,Art_Room,19
2026-03-06,Fri,11:00,Art_Room,29
2026-03-06,Fri,11:30,Art_Room,24
2026-03-06,Fri,12:00,Art_Room,28
2026-03-06,Fri,12:30,Art_Room,23
2026-03-06,Fri,13:00,Art_Room,21
2026-03-06,Fri,13:30,Art_Room,16
2026-03-06,Fri,08:00,Music_Room,20
2026-03-06,Fri,08:30,Music_Room,15
2026-03-06,Fri,09:00,Music_Room,19
2026-03-06,Fri,09:30,Music_Room,28
2026-03-06,Fri,10:00,Music_Room,23
2026-03-06,Fri,10:30,Music_Room,27
2026-03-06,Fri,11:00,Music_Room,28
2026-03-06,Fri,11:30,Music_Room,32
2026-03-06,Fri,12:00,Music_Room,27
2026-03-06,Fri,12:30,Music_Room,31
2026-03-06,Fri,13:00,Music_Room,20
2026-03-06,Fri,13:30,Music_Room,24
2026-03-09,Mon,08:00,Library,16
2026-03-09,Mon,08:30,Library,20
2026-03-09,Mon,09:00,Library,15
2026-03-09,Mon,09:30,Library,24
2026-03-09,Mon,10:00,Library,19
2026-03-09,Mon,10:30,Library,23
2026-03-09,Mon,11:00,Library,33
2026-03-09,Mon,11:30,Library,28
2026-03-09,Mon,12:00,Library,32
2026-03-09,Mon,12:30,Library,27
2026-03-09,Mon,13:00,Library,25
2026-03-09,Mon,13:30,Library,20
2026-03-09,Mon,08:00,Gym,26
2026-03-09,Mon,08:30,Gym,21
2026-03-09,Mon,09:00,Gym,25
2026-03-09,Mon,09:30,Gym,25
2026-03-09,Mon,10:00,Gym,29
2026-03-09,Mon,10:30,Gym,33
2026-03-09,Mon,11:00,Gym,34
2026-03-09,Mon,11:30,Gym,38
2026-03-09,Mon,12:00,Gym,33
2026-03-09,Mon,12:30,Gym,37
2026-03-09,Mon,13:00,Gym,26
2026-03-09,Mon,13:30,Gym,30
2026-03-09,Mon,08:00,Computer_Room,18
2026-03-09,Mon,08:30,Computer_Room,22
2026-03-09,Mon,09:00,Computer_Room,17
2026-03-09,Mon,09:30,Computer_Room,26
2026-03-09,Mon,10:00,Computer_Room,30
2026-03-09,Mon,10:30,Computer_Room,25
2026-03-09,Mon,11:00,Computer_Room,35
2026-03-09,Mon,11:30,Computer_Room,30
2026-03-09,Mon,12:00,Computer_Room,34
2026-03-09,Mon,12:30,Computer_Room,29
2026-03-09,Mon,13:00,Computer_Room,27
2026-03-09,Mon,13:30,Computer_Room,22
2026-03-09,Mon,08:00,Science_Lab,14
2026-03-09,Mon,08:30,Science_Lab,9
2026-03-09,Mon,09:00,Science_Lab,13
2026-03-09,Mon,09:30,Science_Lab,22
2026-03-09,Mon,10:00,Science_Lab,17
2026-03-09,Mon,10:30,Science_Lab,21
2026-03-09,Mon,11:00,Science_Lab,22
2026-03-09,Mon,11:30,Science_Lab,26
2026-03-09,Mon,12:00,Science_Lab,21
2026-03-09,Mon,12:30,Science_Lab,25
2026-03-09,Mon,13:00,Science_Lab,14
2026-03-09,Mon,13:30,Science_Lab,18
2026-03-09,Mon,08:00,Art_Room,7
2026-03-09,Mon,08:30,Art_Room,11
2026-03-09,Mon,09:00,Art_Room,15
2026-03-09,Mon,09:30,Art_Room,15
2026-03-09,Mon,10:00,Art_Room,19
2026-03-09,Mon,10:30,Art_Room,14
2026-03-09,Mon,11:00,Art_Room,24
2026-03-09,Mon,11:30,Art_Room,19
2026-03-09,Mon,12:00,Art_Room,23
2026-03-09,Mon,12:30,Art_Room,18
2026-03-09,Mon,13:00,Art_Room,16
2026-03-09,Mon,13:30,Art_Room,20
2026-03-09,Mon,08:00,Music_Room,15
2026-03-09,Mon,08:30,Music_Room,19
2026-03-09,Mon,09:00,Music_Room,14
2026-03-09,Mon,09:30,Music_Room,23
2026-03-09,Mon,10:00,Music_Room,18
2026-03-09,Mon,10:30,Music_Room,22
2026-03-09,Mon,11:00,Music_Room,23
2026-03-09,Mon,11:30,Music_Room,27
2026-03-09,Mon,12:00,Music_Room,22
2026-03-09,Mon,12:30,Music_Room,26
2026-03-09,Mon,13:00,Music_Room,24
2026-03-09,Mon,13:30,Music_Room,19
2026-03-10,Tue,08:00,Library,15
2026-03-10,Tue,08:30,Library,19
2026-03-10,Tue,09:00,Library,14
2026-03-10,Tue,09:30,Library,23
2026-03-10,Tue,10:00,Library,27
2026-03-10,Tue,10:30,Library,22
2026-03-10,Tue,11:00,Library,32
2026-03-10,Tue,11:30,Library,27
2026-03-10,Tue,12:00,Library,31
2026-03-10,Tue,12:30,Library,26
2026-03-10,Tue,13:00,Library,24
2026-03-10,Tue,13:30,Library,19
2026-03-10,Tue,08:00,Gym,25
2026-03-10,Tue,08:30,Gym,20
2026-03-10,Tue,09:00,Gym,24
2026-03-10,Tue,09:30,Gym,33
2026-03-10,Tue,10:00,Gym,28
2026-03-10,Tue,10:30,Gym,32
2026-03-10,Tue,11:00,Gym,33
2026-03-10,Tue,11:30,Gym,37
2026-03-10,Tue,12:00,Gym,32
2026-03-10,Tue,12:30,Gym,36
2026-03-10,Tue,13:00,Gym,25
2026-03-10,Tue,13:30,Gym,29
2026-03-10,Tue,08:00,Computer_Room,17
2026-03-10,Tue,08:30,Computer_Room,21
2026-03-10,Tue,09:00,Computer_Room,25
2026-03-10,Tue,09:30,Computer_Room,25
2026-03-10,Tue,10:00,Computer_Room,29
2026-03-10,Tue,10:30,Computer_Room,24
2026-03-10,Tue,11:00,Computer_Room,34
2026-03-10,Tue,11:30,Computer_Room,29
2026-03-10,Tue,12:00,Computer_Room,33
2026-03-10,Tue,12:30,Computer_Room,28
2026-03-10,Tue,13:00,Computer_Room,26
2026-03-10,Tue,13:30,Computer_Room,30
2026-03-10,Tue,08:00,Science_Lab,13
2026-03-10,Tue,08:30,Science_Lab,17
2026-03-10,Tue,09:00,Science_Lab,12
2026-03-10,Tue,09:30,Science_Lab,21
2026-03-10,Tue,10:00,Science_Lab,16
2026-03-10,Tue,10:30,Science_Lab,20
2026-03-10,Tue,11:00,Science_Lab,21
2026-03-10,Tue,11:30,Science_Lab,25
2026-03-10,Tue,12:00,Science_Lab,20
2026-03-10,Tue,12:30,Science_Lab,24
2026-03-10,Tue,13:00,Science_Lab,22
2026-03-10,Tue,13:30,Science_Lab,17
2026-03-10,Tue,08:00,Art_Room,15
2026-03-10,Tue,08:30,Art_Room,10
2026-03-10,Tue,09:00,Art_Room,14
2026-03-10,Tue,09:30,Art_Room,14
2026-03-10,Tue,10:00,Art_Room,18
2026-03-10,Tue,10:30,Art_Room,13
2026-03-10,Tue,11:00,Art_Room,23
2026-03-10,Tue,11:30,Art_Room,18
2026-03-10,Tue,12:00,Art_Room,22
2026-03-10,Tue,12:30,Art_Room,26
2026-03-10,Tue,13:00,Art_Room,15
2026-03-10,Tue,13:30,Art_Room,19
2026-03-10,Tue,08:00,Music_Room,14
2026-03-10,Tue,08:30,Music_Room,18
2026-03-10,Tue,09:00,Music_Room,13
2026-03-10,Tue,09:30,Music_Room,22
2026-03-10,Tue,10:00,Music_Room,17
2026-03-10,Tue,10:30,Music_Room,21
2026-03-10,Tue,11:00,Music_Room,22
2026-03-10,Tue,11:30,Music_Room,26
2026-03-10,Tue,12:00,Music_Room,30
2026-03-10,Tue,12:30,Music_Room,25
2026-03-10,Tue,13:00,Music_Room,23
2026-03-10,Tue,13:30,Music_Room,18
2026-03-11,Wed,08:00,Library,14
2026-03-11,Wed,08:30,Library,18
2026-03-11,Wed,09:00,Library,22
2026-03-11,Wed,09:30,Library,22
2026-03-11,Wed,10:00,Library,26
2026-03-11,Wed,10:30,Library,21
2026-03-11,Wed,11:00,Library,31
2026-03-11,Wed,11:30,Library,26
2026-03-11,Wed,12:00,Library,30
2026-03-11,Wed,12:30,Library,25
2026-03-11,Wed,13:00,Library,23
2026-03-11,Wed,13:30,Library,27
2026-03-11,Wed,08:00,Gym,24
2026-03-11,Wed,08:30,Gym,28
2026-03-11,Wed,09:00,Gym,23
2026-03-11,Wed,09:30,Gym,32
2026-03-11,Wed,10:00,Gym,27
2026-03-11,Wed,10:30,Gym,31
2026-03-11,Wed,11:00,Gym,32
2026-03-11,Wed,11:30,Gym,36
2026-03-11,Wed,12:00,Gym,31
2026-03-11,Wed,12:30,Gym,35
2026-03-11,Wed,13:00,Gym,33
2026-03-11,Wed,13:30,Gym,28
2026-03-11,Wed,08:00,Computer_Room,25
2026-03-11,Wed,08:30,Computer_Room,20
2026-03-11,Wed,09:00,Computer_Room,24
2026-03-11,Wed,09:30,Computer_Room,24
2026-03-11,Wed,10:00,Computer_Room,28
2026-03-11,Wed,10:30,Computer_Room,23
2026-03-11,Wed,11:00,Computer_Room,33
2026-03-11,Wed,11:30,Computer_Room,28
2026-03-11,Wed,12:00,Computer_Room,32
2026-03-11,Wed,12:30,Computer_Room,36
2026-03-11,Wed,13:00,Computer_Room,25
2026-03-11,Wed,13:30,Computer_Room,29
2026-03-11,Wed,08:00,Science_Lab,12
2026-03-11,Wed,08:30,Science_Lab,16
2026-03-11,Wed,09:00,Science_Lab,11
2026-03-11,Wed,09:30,Science_Lab,20
2026-03-11,Wed,10:00,Science_Lab,15
2026-03-11,Wed,10:30,Science_Lab,19
2026-03-11,Wed,11:00,Science_Lab,20
2026-03-11,Wed,11:30,Science_Lab,24
2026-03-11,Wed,12:00,Science_Lab,28
2026-03-11,Wed,12:30,Science_Lab,23
2026-03-11,Wed,13:00,Science_Lab,21
2026-03-11,Wed,13:30,Science_Lab,16
2026-03-11,Wed,08:00,Art_Room,14
2026-03-11,Wed,08:30,Art_Room,9
2026-03-11,Wed,09:00,Art_Room,13
2026-03-11,Wed,09:30,Art_Room,13
2026-03-11,Wed,10:00,Art_Room,17
2026-03-11,Wed,10:30,Art_Room,12
2026-03-11,Wed,11:00,Art_Room,22
2026-03-11,Wed,11:30,Art_Room,26
2026-03-11,Wed,12:00,Art_Room,21
2026-03-11,Wed,12:30,Art_Room,25
2026-03-11,Wed,13:00,Art_Room,14
2026-03-11,Wed,13:30,Art_Room,18
2026-03-11,Wed,08:00,Music_Room,13
2026-03-11,Wed,08:30,Music_Room,17
2026-03-11,Wed,09:00,Music_Room,12
2026-03-11,Wed,09:30,Music_Room,21
2026-03-11,Wed,10:00,Music_Room,16
2026-03-11,Wed,10:30,Music_Room,20
2026-03-11,Wed,11:00,Music_Room,30
2026-03-11,Wed,11:30,Music_Room,25
2026-03-11,Wed,12:00,Music_Room,29
2026-03-11,Wed,12:30,Music_Room,24
2026-03-11,Wed,13:00,Music_Room,22
2026-03-11,Wed,13:30,Music_Room,17
2026-03-12,Thu,08:00,Library,22
2026-03-12,Thu,08:30,Library,17
2026-03-12,Thu,09:00,Library,21
2026-03-12,Thu,09:30,Library,21
2026-03-12,Thu,10:00,Library,25
2026-03-12,Thu,10:30,Library,20
2026-03-12,Thu,11:00,Library,30
2026-03-12,Thu,11:30,Library,25
2026-03-12,Thu,12:00,Library,29
2026-03-12,Thu,12:30,Library,33
2026-03-12,Thu,13:00,Library,22
2026-03-12,Thu,13:30,Library,26
2026-03-12,Thu,08:00,Gym,23
2026-03-12,Thu,08:30,Gym,27
2026-03-12,Thu,09:00,Gym,22
2026-03-12,Thu,09:30,Gym,31
2026-03-12,Thu,10:00,Gym,26
2026-03-12,Thu,10:30,Gym,30
2026-03-12,Thu,11:00,Gym,31
2026-03-12,Thu,11:30,Gym,35
2026-03-12,Thu,12:00,Gym,39
2026-03-12,Thu,12:30,Gym,34
2026-03-12,Thu,13:00,Gym,32
2026-03-12,Thu,13:30,Gym,27
2026-03-12,Thu,08:00,Computer_Room,24
2026-03-12,Thu,08:30,Computer_Room,19
2026-03-12,Thu,09:00,Computer_Room,23
2026-03-12,Thu,09:30,Computer_Room,23
2026-03-12,Thu,10:00,Computer_Room,27
2026-03-12,Thu,10:30,Computer_Room,22
2026-03-12,Thu,11:00,Computer_Room,32
2026-03-12,Thu,11:30,Computer_Room,36
2026-03-12,Thu,12:00,Computer_Room,31
2026-03-12,Thu,12:30,Computer_Room,35
2026-03-12,Thu,13:00,Computer_Room,24
2026-03-12,Thu,13:30,Computer_Room,28
2026-03-12,Thu,08:00,Science_Lab,11
2026-03-12,Thu,08:30,Science_Lab,15
2026-03-12,Thu,09:00,Science_Lab,10
2026-03-12,Thu,09:30,Science_Lab,19
2026-03-12,Thu,10:00,Science_Lab,14
2026-03-12,Thu,10:30,Science_Lab,18
2026-03-12,Thu,11:00,Science_Lab,28
2026-03-12,Thu,11:30,Science_Lab,23
2026-03-12,Thu,12:00,Science_Lab,27
2026-03-12,Thu,12:30,Science_Lab,22
2026-03-12,Thu,13:00,Science_Lab,20
2026-03-12,Thu,13:30,Science_Lab,15
2026-03-12,Thu,08:00,Art_Room,13
2026-03-12,Thu,08:30,Art_Room,8
2026-03-12,Thu,09:00,Art_Room,12
2026-03-12,Thu,09:30,Art_Room,12
2026-03-12,Thu,10:00,Art_Room,16
2026-03-12,Thu,10:30,Art_Room,20
2026-03-12,Thu,11:00,Art_Room,21
2026-03-12,Thu,11:30,Art_Room,25
2026-03-12,Thu,12:00,Art_Room,20
2026-03-12,Thu,12:30,Art_Room,24
2026-03-12,Thu,13:00,Art_Room,13
2026-03-12,Thu,13:30,Art_Room,17
2026-03-12,Thu,08:00,Music_Room,12
2026-03-12,Thu,08:30,Music_Room,16
2026-03-12,Thu,09:00,Music_Room,11
2026-03-12,Thu,09:30,Music_Room,20
2026-03-12,Thu,10:00,Music_Room,24
2026-03-12,Thu,10:30,Music_Room,19
2026-03-12,Thu,11:00,Music_Room,29
2026-03-12,Thu,11:30,Music_Room,24
2026-03-12,Thu,12:00,Music_Room,28
2026-03-12,Thu,12:30,Music_Room,23
2026-03-12,Thu,13:00,Music_Room,21
2026-03-12,Thu,13:30,Music_Room,16
2026-03-13,Fri,08:00,Library,25
2026-03-13,Fri,08:30,Library,20
2026-03-13,Fri,09:00,Library,24
2026-03-13,Fri,09:30,Library,24
2026-03-13,Fri,10:00,Library,28
2026-03-13,Fri,10:30,Library,23
2026-03-13,Fri,11:00,Library,33
2026-03-13,Fri,11:30,Library,37
2026-03-13,Fri,12:00,Library,32
2026-03-13,Fri,12:30,Library,36
2026-03-13,Fri,13:00,Library,25
2026-03-13,Fri,13:30,Library,29
2026-03-13,Fri,08:00,Gym,26
2026-03-13,Fri,08:30,Gym,30
2026-03-13,Fri,09:00,Gym,25
2026-03-13,Fri,09:30,Gym,34
2026-03-13,Fri,10:00,Gym,29
2026-03-13,Fri,10:30,Gym,33
2026-03-13,Fri,11:00,Gym,43
2026-03-13,Fri,11:30,Gym,38
2026-03-13,Fri,12:00,Gym,42
2026-03-13,Fri,12:30,Gym,37
2026-03-13,Fri,13:00,Gym,35
2026-03-13,Fri,13:30,Gym,30
2026-03-13,Fri,08:00,Computer_Room,27
2026-03-13,Fri,08:30,Computer_Room,22
2026-03-13,Fri,09:00,Computer_Room,26
2026-03-13,Fri,09:30,Computer_Room,26
2026-03-13,Fri,10:00,Computer_Room,30
2026-03-13,Fri,10:30,Computer_Room,34
2026-03-13,Fri,11:00,Computer_Room,35
2026-03-13,Fri,11:30,Computer_Room,39
2026-03-13,Fri,12:00,Computer_Room,34
2026-03-13,Fri,12:30,Computer_Room,38
2026-03-13,Fri,13:00,Computer_Room,27
2026-03-13,Fri,13:30,Computer_Room,31
2026-03-13,Fri,08:00,Science_Lab,14
2026-03-13,Fri,08:30,Science_Lab,18
2026-03-13,Fri,09:00,Science_Lab,13
2026-03-13,Fri,09:30,Science_Lab,22
2026-03-13,Fri,10:00,Science_Lab,26
2026-03-13,Fri,10:30,Science_Lab,21
2026-03-13,Fri,11:00,Science_Lab,31
2026-03-13,Fri,11:30,Science_Lab,26
2026-03-13,Fri,12:00,Science_Lab,30
2026-03-13,Fri,12:30,Science_Lab,25
2026-03-13,Fri,13:00,Science_Lab,23
2026-03-13,Fri,13:30,Science_Lab,18
2026-03-13,Fri,08:00,Art_Room,16
2026-03-13,Fri,08:30,Art_Room,11
2026-03-13,Fri,09:00,Art_Room,15
2026-03-13,Fri,09:30,Art_Room,24
2026-03-13,Fri,10:00,Art_Room,19
2026-03-13,Fri,10:30,Art_Room,23
2026-03-13,Fri,11:00,Art_Room,24
2026-03-13,Fri,11:30,Art_Room,28
2026-03-13,Fri,12:00,Art_Room,23
2026-03-13,Fri,12:30,Art_Room,27
2026-03-13,Fri,13:00,Art_Room,16
2026-03-13,Fri,13:30,Art_Room,20
2026-03-13,Fri,08:00,Music_Room,15
2026-03-13,Fri,08:30,Music_Room,19
2026-03-13,Fri,09:00,Music_Room,23
2026-03-13,Fri,09:30,Music_Room,23
2026-03-13,Fri,10:00,Music_Room,27
2026-03-13,Fri,10:30,Music_Room,22
2026-03-13,Fri,11:00,Music_Room,32
2026-03-13,Fri,11:30,Music_Room,27
2026-03-13,Fri,12:00,Music_Room,31
2026-03-13,Fri,12:30,Music_Room,26
2026-03-13,Fri,13:00,Music_Room,24
2026-03-13,Fri,13:30,Music_Room,28
2026-03-16,Mon,08:00,Library,20
2026-03-16,Mon,08:30,Library,15
2026-03-16,Mon,09:00,Library,19
2026-03-16,Mon,09:30,Library,19
2026-03-16,Mon,10:00,Library,23
2026-03-16,Mon,10:30,Library,27
2026-03-16,Mon,11:00,Library,28
2026-03-16,Mon,11:30,Library,32
2026-03-16,Mon,12:00,Library,27
2026-03-16,Mon,12:30,Library,31
2026-03-16,Mon,13:00,Library,20
2026-03-16,Mon,13:30,Library,24
2026-03-16,Mon,08:00,Gym,21
2026-03-16,Mon,08:30,Gym,25
2026-03-16,Mon,09:00,Gym,20
2026-03-16,Mon,09:30,Gym,29
2026-03-16,Mon,10:00,Gym,33
2026-03-16,Mon,10:30,Gym,28
2026-03-16,Mon,11:00,Gym,38
2026-03-16,Mon,11:30,Gym,33
2026-03-16,Mon,12:00,Gym,37
2026-03-16,Mon,12:30,Gym,32
2026-03-16,Mon,13:00,Gym,30
2026-03-16,Mon,13:30,Gym,25
2026-03-16,Mon,08:00,Computer_Room,22
2026-03-16,Mon,08:30,Computer_Room,17
2026-03-16,Mon,09:00,Computer_Room,21
2026-03-16,Mon,09:30,Computer_Room,30
2026-03-16,Mon,10:00,Computer_Room,25
2026-03-16,Mon,10:30,Computer_Room,29
2026-03-16,Mon,11:00,Computer_Room,30
2026-03-16,Mon,11:30,Computer_Room,34
2026-03-16,Mon,12:00,Computer_Room,29
2026-03-16,Mon,12:30,Computer_Room,33
2026-03-16,Mon,13:00,Computer_Room,22
2026-03-16,Mon,13:30,Computer_Room,26
2026-03-16,Mon,08:00,Science_Lab,9
2026-03-16,Mon,08:30,Science_Lab,13
2026-03-16,Mon,09:00,Science_Lab,17
2026-03-16,Mon,09:30,Science_Lab,17
2026-03-16,Mon,10:00,Science_Lab,21
2026-03-16,Mon,10:30,Science_Lab,16
2026-03-16,Mon,11:00,Science_Lab,26
2026-03-16,Mon,11:30,Science_Lab,21
2026-03-16,Mon,12:00,Science_Lab,25
2026-03-16,Mon,12:30,Science_Lab,20
2026-03-16,Mon,13:00,Science_Lab,18
2026-03-16,Mon,13:30,Science_Lab,22
2026-03-16,Mon,08:00,Art_Room,11
2026-03-16,Mon,08:30,Art_Room,15
2026-03-16,Mon,09:00,Art_Room,10
2026-03-16,Mon,09:30,Art_Room,19
2026-03-16,Mon,10:00,Art_Room,14
2026-03-16,Mon,10:30,Art_Room,18
2026-03-16,Mon,11:00,Art_Room,19
2026-03-16,Mon,11:30,Art_Room,23
2026-03-16,Mon,12:00,Art_Room,18
2026-03-16,Mon,12:30,Art_Room,22
2026-03-16,Mon,13:00,Art_Room,20
2026-03-16,Mon,13:30,Art_Room,15
2026-03-16,Mon,08:00,Music_Room,19
2026-03-16,Mon,08:30,Music_Room,14
2026-03-16,Mon,09:00,Music_Room,18
2026-03-16,Mon,09:30,Music_Room,18
2026-03-16,Mon,10:00,Music_Room,22
2026-03-16,Mon,10:30,Music_Room,17
2026-03-16,Mon,11:00,Music_Room,27
2026-03-16,Mon,11:30,Music_Room,22
2026-03-16,Mon,12:00,Music_Room,26
2026-03-16,Mon,12:30,Music_Room,30
2026-03-16,Mon,13:00,Music_Room,19
2026-03-16,Mon,13:30,Music_Room,23
2026-03-17,Tue,08:00,Library,19
2026-03-17,Tue,08:30,Library,14
2026-03-17,Tue,09:00,Library,18
2026-03-17,Tue,09:30,Library,27
2026-03-17,Tue,10:00,Library,22
2026-03-17,Tue,10:30,Library,26
2026-03-17,Tue,11:00,Library,27
2026-03-17,Tue,11:30,Library,31
2026-03-17,Tue,12:00,Library,26
2026-03-17,Tue,12:30,Library,30
2026-03-17,Tue,13:00,Library,19
2026-03-17,Tue,13:30,Library,23
2026-03-17,Tue,08:00,Gym,20
2026-03-17,Tue,08:30,Gym,24
2026-03-17,Tue,09:00,Gym,28
2026-03-17,Tue,09:30,Gym,28
2026-03-17,Tue,10:00,Gym,32
2026-03-17,Tue,10:30,Gym,27
2026-03-17,Tue,11:00,Gym,37
2026-03-17,Tue,11:30,Gym,32
2026-03-17,Tue,12:00,Gym,36
2026-03-17,Tue,12:30,Gym,31
2026-03-17,Tue,13:00,Gym,29
2026-03-17,Tue,13:30,Gym,33
2026-03-17,Tue,08:00,Computer_Room,21
2026-03-17,Tue,08:30,Computer_Room,25
2026-03-17,Tue,09:00,Computer_Room,20
2026-03-17,Tue,09:30,Computer_Room,29
2026-03-17,Tue,10:00,Computer_Room,24
2026-03-17,Tue,10:30,Computer_Room,28
2026-03-17,Tue,11:00,Computer_Room,29
2026-03-17,Tue,11:30,Computer_Room,33
2026-03-17,Tue,12:00,Computer_Room,28
2026-03-17,Tue,12:30,Computer_Room,32
2026-03-17,Tue,13:00,Computer_Room,30
2026-03-17,Tue,13:30,Computer_Room,25
2026-03-17,Tue,08:00,Science_Lab,17
2026-03-17,Tue,08:30,Science_Lab,12
2026-03-17,Tue,09:00,Science_Lab,16
2026-03-17,Tue,09:30,Science_Lab,16
2026-03-17,Tue,10:00,Science_Lab,20
2026-03-17,Tue,10:30,Science_Lab,15
2026-03-17,Tue,11:00,Science_Lab,25
2026-03-17,Tue,11:30,Science_Lab,20
2026-03-17,Tue,12:00,Science_Lab,24
2026-03-17,Tue,12:30,Science_Lab,28
2026-03-17,Tue,13:00,Science_Lab,17
2026-03-17,Tue,13:30,Science_Lab,21
2026-03-17,Tue,08:00,Art_Room,10
2026-03-17,Tue,08:30,Art_Room,14
2026-03-17,Tue,09:00,Art_Room,9
2026-03-17,Tue,09:30,Art_Room,18
2026-03-17,Tue,10:00,Art_Room,13
2026-03-17,Tue,10:30,Art_Room,17
2026-03-17,Tue,11:00,Art_Room,18
2026-03-17,Tue,11:30,Art_Room,22
2026-03-17,Tue,12:00,Art_Room,26
2026-03-17,Tue,12:30,Art_Room,21
2026-03-17,Tue,13:00,Art_Room,19
2026-03-17,Tue,13:30,Art_Room,14
2026-03-17,Tue,08:00,Music_Room,18
2026-03-17,Tue,08:30,Music_Room,13
2026-03-17,Tue,09:00,Music_Room,17
2026-03-17,Tue,09:30,Music_Room,17
2026-03-17,Tue,10:00,Music_Room,21
2026-03-17,Tue,10:30,Music_Room,16
2026-03-17,Tue,11:00,Music_Room,26
2026-03-17,Tue,11:30,Music_Room,30
2026-03-17,Tue,12:00,Music_Room,25
2026-03-17,Tue,12:30,Music_Room,29
2026-03-17,Tue,13:00,Music_Room,18
2026-03-17,Tue,13:30,Music_Room,22
2026-03-18,Wed,08:00,Library,18
2026-03-18,Wed,08:30,Library,22
2026-03-18,Wed,09:00,Library,17
2026-03-18,Wed,09:30,Library,26
2026-03-18,Wed,10:00,Library,21
2026-03-18,Wed,10:30,Library,25
2026-03-18,Wed,11:00,Library,26
2026-03-18,Wed,11:30,Library,30
2026-03-18,Wed,12:00,Library,25
2026-03-18,Wed,12:30,Library,29
2026-03-18,Wed,13:00,Library,27
2026-03-18,Wed,13:30,Library,22
2026-03-18,Wed,08:00,Gym,28
2026-03-18,Wed,08:30,Gym,23
2026-03-18,Wed,09:00,Gym,27
2026-03-18,Wed,09:30,Gym,27
2026-03-18,Wed,10:00,Gym,31
2026-03-18,Wed,10:30,Gym,26
2026-03-18,Wed,11:00,Gym,36
2026-03-18,Wed,11:30,Gym,31
2026-03-18,Wed,12:00,Gym,35
2026-03-18,Wed,12:30,Gym,39
2026-03-18,Wed,13:00,Gym,28
2026-03-18,Wed,13:30,Gym,32
2026-03-18,Wed,08:00,Computer_Room,20
2026-03-18,Wed,08:30,Computer_Room,24
2026-03-18,Wed,09:00,Computer_Room,19
2026-03-18,Wed,09:30,Computer_Room,28
2026-03-18,Wed,10:00,Computer_Room,23
2026-03-18,Wed,10:30,Computer_Room,27
2026-03-18,Wed,11:00,Computer_Room,28
2026-03-18,Wed,11:30,Computer_Room,32
2026-03-18,Wed,12:00,Computer_Room,36
2026-03-18,Wed,12:30,Computer_Room,31
2026-03-18,Wed,13:00,Computer_Room,29
2026-03-18,Wed,13:30,Computer_Room,24
2026-03-18,Wed,08:00,Science_Lab,16
2026-03-18,Wed,08:30,Science_Lab,11
2026-03-18,Wed,09:00,Science_Lab,15
2026-03-18,Wed,09:30,Science_Lab,15
2026-03-18,Wed,10:00,Science_Lab,19
2026-03-18,Wed,10:30,Science_Lab,14
2026-03-18,Wed,11:00,Science_Lab,24
2026-03-18,Wed,11:30,Science_Lab,28
2026-03-18,Wed,12:00,Science_Lab,23
2026-03-18,Wed,12:30,Science_Lab,27
2026-03-18,Wed,13:00,Science_Lab,16
2026-03-18,Wed,13:30,Science_Lab,20
2026-03-18,Wed,08:00,Art_Room,9
2026-03-18,Wed,08:30,Art_Room,13
2026-03-18,Wed,09:00,Art_Room,8
2026-03-18,Wed,09:30,Art_Room,17
2026-03-18,Wed,10:00,Art_Room,12
2026-03-18,Wed,10:30,Art_Room,16
2026-03-18,Wed,11:00,Art_Room,26
2026-03-18,Wed,11:30,Art_Room,21
2026-03-18,Wed,12:00,Art_Room,25
2026-03-18,Wed,12:30,Art_Room,20
2026-03-18,Wed,13:00,Art_Room,18
2026-03-18,Wed,13:30,Art_Room,13
2026-03-18,Wed,08:00,Music_Room,17
2026-03-18,Wed,08:30,Music_Room,12
2026-03-18,Wed,09:00,Music_Room,16
2026-03-18,Wed,09:30,Music_Room,16
2026-03-18,Wed,10:00,Music_Room,20
2026-03-18,Wed,10:30,Music_Room,24
2026-03-18,Wed,11:00,Music_Room,25
2026-03-18,Wed,11:30,Music_Room,29
2026-03-18,Wed,12:00,Music_Room,24
2026-03-18,Wed,12:30,Music_Room,28
2026-03-18,Wed,13:00,Music_Room,17
2026-03-18,Wed,13:30,Music_Room,21
2026-03-19,Thu,08:00,Library,17
2026-03-19,Thu,08:30,Library,21
2026-03-19,Thu,09:00,Library,16
2026-03-19,Thu,09:30,Library,25
2026-03-19,Thu,10:00,Library,20
2026-03-19,Thu,10:30,Library,24
2026-03-19,Thu,11:00,Library,25
2026-03-19,Thu,11:30,Library,29
2026-03-19,Thu,12:00,Library,33
2026-03-19,Thu,12:30,Library,28
2026-03-19,Thu,13:00,Library,26
2026-03-19,Thu,13:30,Library,21
2026-03-19,Thu,08:00,Gym,27
2026-03-19,Thu,08:30,Gym,22
2026-03-19,Thu,09:00,Gym,26
2026-03-19,Thu,09:30,Gym,26
2026-03-19,Thu,10:00,Gym,30
2026-03-19,Thu,10:30,Gym,25
2026-03-19,Thu,11:00,Gym,35
2026-03-19,Thu,11:30,Gym,39
2026-03-19,Thu,12:00,Gym,34
2026-03-19,Thu,12:30,Gym,38
2026-03-19,Thu,13:00,Gym,27
2026-03-19,Thu,13:30,Gym,31
2026-03-19,Thu,08:00,Computer_Room,19
2026-03-19,Thu,08:30,Computer_Room,23
2026-03-19,Thu,09:00,Computer_Room,18
2026-03-19,Thu,09:30,Computer_Room,27
2026-03-19,Thu,10:00,Computer_Room,22
2026-03-19,Thu,10:30,Computer_Room,26
2026-03-19,Thu,11:00,Computer_Room,36
2026-03-19,Thu,11:30,Computer_Room,31
2026-03-19,Thu,12:00,Computer_Room,35
2026-03-19,Thu,12:30,Computer_Room,30
2026-03-19,Thu,13:00,Computer_Room,28
2026-03-19,Thu,13:30,Computer_Room,23
2026-03-19,Thu,08:00,Science_Lab,15
2026-03-19,Thu,08:30,Science_Lab,10
2026-03-19,Thu,09:00,Science_Lab,14
2026-03-19,Thu,09:30,Science_Lab,14
2026-03-19,Thu,10:00,Science_Lab,18
2026-03-19,Thu,10:30,Science_Lab,22
2026-03-19,Thu,11:00,Science_Lab,23
2026-03-19,Thu,11:30,Science_Lab,27
2026-03-19,Thu,12:00,Science_Lab,22
2026-03-19,Thu,12:30,Science_Lab,26
2026-03-19,Thu,13:00,Science_Lab,15
2026-03-19,Thu,13:30,Science_Lab,19
2026-03-19,Thu,08:00,Art_Room,8
2026-03-19,Thu,08:30,Art_Room,12
2026-03-19,Thu,09:00,Art_Room,7
2026-03-19,Thu,09:30,Art_Room,16
2026-03-19,Thu,10:00,Art_Room,20
2026-03-19,Thu,10:30,Art_Room,15
2026-03-19,Thu,11:00,Art_Room,25
2026-03-19,Thu,11:30,Art_Room,20
2026-03-19,Thu,12:00,Art_Room,24
2026-03-19,Thu,12:30,Art_Room,19
2026-03-19,Thu,13:00,Art_Room,17
2026-03-19,Thu,13:30,Art_Room,12
2026-03-19,Thu,08:00,Music_Room,16
2026-03-19,Thu,08:30,Music_Room,11
2026-03-19,Thu,09:00,Music_Room,15
2026-03-19,Thu,09:30,Music_Room,24
2026-03-19,Thu,10:00,Music_Room,19
2026-03-19,Thu,10:30,Music_Room,23
2026-03-19,Thu,11:00,Music_Room,24
2026-03-19,Thu,11:30,Music_Room,28
2026-03-19,Thu,12:00,Music_Room,23
2026-03-19,Thu,12:30,Music_Room,27
2026-03-19,Thu,13:00,Music_Room,16
2026-03-19,Thu,13:30,Music_Room,20
2026-03-20,Fri,08:00,Library,20
2026-03-20,Fri,08:30,Library,24
2026-03-20,Fri,09:00,Library,19
2026-03-20,Fri,09:30,Library,28
2026-03-20,Fri,10:00,Library,23
2026-03-20,Fri,10:30,Library,27
2026-03-20,Fri,11:00,Library,37
2026-03-20,Fri,11:30,Library,32
2026-03-20,Fri,12:00,Library,36
2026-03-20,Fri,12:30,Library,31
2026-03-20,Fri,13:00,Library,29
2026-03-20,Fri,13:30,Library,24
2026-03-20,Fri,08:00,Gym,30
2026-03-20,Fri,08:30,Gym,25
2026-03-20,Fri,09:00,Gym,29
2026-03-20,Fri,09:30,Gym,29
2026-03-20,Fri,10:00,Gym,33
2026-03-20,Fri,10:30,Gym,37
2026-03-20,Fri,11:00,Gym,38
2026-03-20,Fri,11:30,Gym,42
2026-03-20,Fri,12:00,Gym,37
2026-03-20,Fri,12:30,Gym,41
2026-03-20,Fri,13:00,Gym,30
2026-03-20,Fri,13:30,Gym,34
2026-03-20,Fri,08:00,Computer_Room,22
2026-03-20,Fri,08:30,Computer_Room,26
2026-03-20,Fri,09:00,Computer_Room,21
2026-03-20,Fri,09:30,Computer_Room,30
2026-03-20,Fri,10:00,Computer_Room,34
2026-03-20,Fri,10:30,Computer_Room,29
2026-03-20,Fri,11:00,Computer_Room,39
2026-03-20,Fri,11:30,Computer_Room,34
2026-03-20,Fri,12:00,Computer_Room,38
2026-03-20,Fri,12:30,Computer_Room,33
2026-03-20,Fri,13:00,Computer_Room,31
2026-03-20,Fri,13:30,Computer_Room,26
2026-03-20,Fri,08:00,Science_Lab,18
2026-03-20,Fri,08:30,Science_Lab,13
2026-03-20,Fri,09:00,Science_Lab,17
2026-03-20,Fri,09:30,Science_Lab,26
2026-03-20,Fri,10:00,Science_Lab,21
2026-03-20,Fri,10:30,Science_Lab,25
2026-03-20,Fri,11:00,Science_Lab,26
2026-03-20,Fri,11:30,Science_Lab,30
2026-03-20,Fri,12:00,Science_Lab,25
2026-03-20,Fri,12:30,Science_Lab,29
2026-03-20,Fri,13:00,Science_Lab,18
2026-03-20,Fri,13:30,Science_Lab,22
2026-03-20,Fri,08:00,Art_Room,11
2026-03-20,Fri,08:30,Art_Room,15
2026-03-20,Fri,09:00,Art_Room,19
2026-03-20,Fri,09:30,Art_Room,19
2026-03-20,Fri,10:00,Art_Room,23
2026-03-20,Fri,10:30,Art_Room,18
2026-03-20,Fri,11:00,Art_Room,28
2026-03-20,Fri,11:30,Art_Room,23
2026-03-20,Fri,12:00,Art_Room,27
2026-03-20,Fri,12:30,Art_Room,22
2026-03-20,Fri,13:00,Art_Room,20
2026-03-20,Fri,13:30,Art_Room,24
2026-03-20,Fri,08:00,Music_Room,19
2026-03-20,Fri,08:30,Music_Room,23
2026-03-20,Fri,09:00,Music_Room,18
2026-03-20,Fri,09:30,Music_Room,27
2026-03-20,Fri,10:00,Music_Room,22
2026-03-20,Fri,10:30,Music_Room,26
2026-03-20,Fri,11:00,Music_Room,27
2026-03-20,Fri,11:30,Music_Room,31
2026-03-20,Fri,12:00,Music_Room,26
2026-03-20,Fri,12:30,Music_Room,30
2026-03-20,Fri,13:00,Music_Room,28
2026-03-20,Fri,13:30,Music_Room,23
2026-03-23,Mon,08:00,Library,15
2026-03-23,Mon,08:30,Library,19
2026-03-23,Mon,09:00,Library,14
2026-03-23,Mon,09:30,Library,23
2026-03-23,Mon,10:00,Library,27
2026-03-23,Mon,10:30,Library,22
2026-03-23,Mon,11:00,Library,32
2026-03-23,Mon,11:30,Library,27
2026-03-23,Mon,12:00,Library,31
2026-03-23,Mon,12:30,Library,26
2026-03-23,Mon,13:00,Library,24
2026-03-23,Mon,13:30,Library,19
2026-03-23,Mon,08:00,Gym,25
2026-03-23,Mon,08:30,Gym,20
2026-03-23,Mon,09:00,Gym,24
2026-03-23,Mon,09:30,Gym,33
2026-03-23,Mon,10:00,Gym,28
2026-03-23,Mon,10:30,Gym,32
2026-03-23,Mon,11:00,Gym,33
2026-03-23,Mon,11:30,Gym,37
2026-03-23,Mon,12:00,Gym,32
2026-03-23,Mon,12:30,Gym,36
2026-03-23,Mon,13:00,Gym,25
2026-03-23,Mon,13:30,Gym,29
2026-03-23,Mon,08:00,Computer_Room,17
2026-03-23,Mon,08:30,Computer_Room,21
2026-03-23,Mon,09:00,Computer_Room,25
2026-03-23,Mon,09:30,Computer_Room,25
2026-03-23,Mon,10:00,Computer_Room,29
2026-03-23,Mon,10:30,Computer_Room,24
2026-03-23,Mon,11:00,Computer_Room,34
2026-03-23,Mon,11:30,Computer_Room,29
2026-03-23,Mon,12:00,Computer_Room,33
2026-03-23,Mon,12:30,Computer_Room,28
2026-03-23,Mon,13:00,Computer_Room,26
2026-03-23,Mon,13:30,Computer_Room,30
2026-03-23,Mon,08:00,Science_Lab,13
2026-03-23,Mon,08:30,Science_Lab,17
2026-03-23,Mon,09:00,Science_Lab,12
2026-03-23,Mon,09:30,Science_Lab,21
2026-03-23,Mon,10:00,Science_Lab,16
2026-03-23,Mon,10:30,Science_Lab,20
2026-03-23,Mon,11:00,Science_Lab,21
2026-03-23,Mon,11:30,Science_Lab,25
2026-03-23,Mon,12:00,Science_Lab,20
2026-03-23,Mon,12:30,Science_Lab,24
2026-03-23,Mon,13:00,Science_Lab,22
2026-03-23,Mon,13:30,Science_Lab,17
2026-03-23,Mon,08:00,Art_Room,15
2026-03-23,Mon,08:30,Art_Room,10
2026-03-23,Mon,09:00,Art_Room,14
2026-03-23,Mon,09:30,Art_Room,14
2026-03-23,Mon,10:00,Art_Room,18
2026-03-23,Mon,10:30,Art_Room,13
2026-03-23,Mon,11:00,Art_Room,23
2026-03-23,Mon,11:30,Art_Room,18
2026-03-23,Mon,12:00,Art_Room,22
2026-03-23,Mon,12:30,Art_Room,26
2026-03-23,Mon,13:00,Art_Room,15
2026-03-23,Mon,13:30,Art_Room,19
2026-03-23,Mon,08:00,Music_Room,14
2026-03-23,Mon,08:30,Music_Room,18
2026-03-23,Mon,09:00,Music_Room,13
2026-03-23,Mon,09:30,Music_Room,22
2026-03-23,Mon,10:00,Music_Room,17
2026-03-23,Mon,10:30,Music_Room,21
2026-03-23,Mon,11:00,Music_Room,22
2026-03-23,Mon,11:30,Music_Room,26
2026-03-23,Mon,12:00,Music_Room,30
2026-03-23,Mon,12:30,Music_Room,25
2026-03-23,Mon,13:00,Music_Room,23
2026-03-23,Mon,13:30,Music_Room,18
2026-03-24,Tue,08:00,Library,14
2026-03-24,Tue,08:30,Library,18
2026-03-24,Tue,09:00,Library,22
2026-03-24,Tue,09:30,Library,22
2026-03-24,Tue,10:00,Library,26
2026-03-24,Tue,10:30,Library,21
2026-03-24,Tue,11:00,Library,31
2026-03-24,Tue,11:30,Library,26
2026-03-24,Tue,12:00,Library,30
2026-03-24,Tue,12:30,Library,25
2026-03-24,Tue,13:00,Library,23
2026-03-24,Tue,13:30,Library,27
2026-03-24,Tue,08:00,Gym,24
2026-03-24,Tue,08:30,Gym,28
2026-03-24,Tue,09:00,Gym,23
2026-03-24,Tue,09:30,Gym,32
2026-03-24,Tue,10:00,Gym,27
2026-03-24,Tue,10:30,Gym,31
2026-03-24,Tue,11:00,Gym,32
2026-03-24,Tue,11:30,Gym,36
2026-03-24,Tue,12:00,Gym,31
2026-03-24,Tue,12:30,Gym,35
2026-03-24,Tue,13:00,Gym,33
2026-03-24,Tue,13:30,Gym,28
2026-03-24,Tue,08:00,Computer_Room,25
2026-03-24,Tue,08:30,Computer_Room,20
2026-03-24,Tue,09:00,Computer_Room,24
2026-03-24,Tue,09:30,Computer_Room,24
2026-03-24,Tue,10:00,Computer_Room,28
2026-03-24,Tue,10:30,Computer_Room,23
2026-03-24,Tue,11:00,Computer_Room,33
2026-03-24,Tue,11:30,Computer_Room,28
2026-03-24,Tue,12:00,Computer_Room,32
2026-03-24,Tue,12:30,Computer_Room,36
2026-03-24,Tue,13:00,Computer_Room,25
2026-03-24,Tue,13:30,Computer_Room,29
2026-03-24,Tue,08:00,Science_Lab,12
2026-03-24,Tue,08:30,Science_Lab,16
2026-03-24,Tue,09:00,Science_Lab,11
2026-03-24,Tue,09:30,Science_Lab,20
2026-03-24,Tue,10:00,Science_Lab,15
2026-03-24,Tue,10:30,Science_Lab,19
2026-03-24,Tue,11:00,Science_Lab,20
2026-03-24,Tue,11:30,Science_Lab,24
2026-03-24,Tue,12:00,Science_Lab,28
2026-03-24,Tue,12:30,Science_Lab,23
2026-03-24,Tue,13:00,Science_Lab,21
2026-03-24,Tue,13:30,Science_Lab,16
2026-03-24,Tue,08:00,Art_Room,14
2026-03-24,Tue,08:30,Art_Room,9
2026-03-24,Tue,09:00,Art_Room,13
2026-03-24,Tue,09:30,Art_Room,13
2026-03-24,Tue,10:00,Art_Room,17
2026-03-24,Tue,10:30,Art_Room,12
2026-03-24,Tue,11:00,Art_Room,22
2026-03-24,Tue,11:30,Art_Room,26
2026-03-24,Tue,12:00,Art_Room,21
2026-03-24,Tue,12:30,Art_Room,25
2026-03-24,Tue,13:00,Art_Room,14
2026-03-24,Tue,13:30,Art_Room,18
2026-03-24,Tue,08:00,Music_Room,13
2026-03-24,Tue,08:30,Music_Room,17
2026-03-24,Tue,09:00,Music_Room,12
2026-03-24,Tue,09:30,Music_Room,21
2026-03-24,Tue,10:00,Music_Room,16
2026-03-24,Tue,10:30,Music_Room,20
2026-03-24,Tue,11:00,Music_Room,30
2026-03-24,Tue,11:30,Music_Room,25
2026-03-24,Tue,12:00,Music_Room,29
2026-03-24,Tue,12:30,Music_Room,24
2026-03-24,Tue,13:00,Music_Room,22
2026-03-24,Tue,13:30,Music_Room,17
2026-03-25,Wed,08:00,Library,22
2026-03-25,Wed,08:30,Library,17
2026-03-25,Wed,09:00,Library,21
2026-03-25,Wed,09:30,Library,21
2026-03-25,Wed,10:00,Library,25
2026-03-25,Wed,10:30,Library,20
2026-03-25,Wed,11:00,Library,30
2026-03-25,Wed,11:30,Library,25
2026-03-25,Wed,12:00,Library,29
2026-03-25,Wed,12:30,Library,33
2026-03-25,Wed,13:00,Library,22
2026-03-25,Wed,13:30,Library,26
2026-03-25,Wed,08:00,Gym,23
2026-03-25,Wed,08:30,Gym,27
2026-03-25,Wed,09:00,Gym,22
2026-03-25,Wed,09:30,Gym,31
2026-03-25,Wed,10:00,Gym,26
2026-03-25,Wed,10:30,Gym,30
2026-03-25,Wed,11:00,Gym,31
2026-03-25,Wed,11:30,Gym,35
2026-03-25,Wed,12:00,Gym,39
2026-03-25,Wed,12:30,Gym,34
2026-03-25,Wed,13:00,Gym,32
2026-03-25,Wed,13:30,Gym,27
2026-03-25,Wed,08:00,Computer_Room,24
2026-03-25,Wed,08:30,Computer_Room,19
2026-03-25,Wed,09:00,Computer_Room,23
2026-03-25,Wed,09:30,Computer_Room,23
2026-03-25,Wed,10:00,Computer_Room,27
2026-03-25,Wed,10:30,Computer_Room,22
2026-03-25,Wed,11:00,Computer_Room,32
2026-03-25,Wed,11:30,Computer_Room,36
2026-03-25,Wed,12:00,Computer_Room,31
2026-03-25,Wed,12:30,Computer_Room,35
2026-03-25,Wed,13:00,Computer_Room,24
2026-03-25,Wed,13:30,Computer_Room,28
2026-03-25,Wed,08:00,Science_Lab,11
2026-03-25,Wed,08:30,Science_Lab,15
2026-03-25,Wed,09:00,Science_Lab,10
2026-03-25,Wed,09:30,Science_Lab,19
2026-03-25,Wed,10:00,Science_Lab,14
2026-03-25,Wed,10:30,Science_Lab,18
2026-03-25,Wed,11:00,Science_Lab,28
2026-03-25,Wed,11:30,Science_Lab,23
2026-03-25,Wed,12:00,Science_Lab,27
2026-03-25,Wed,12:30,Science_Lab,22
2026-03-25,Wed,13:00,Science_Lab,20
2026-03-25,Wed,13:30,Science_Lab,15
2026-03-25,Wed,08:00,Art_Room,13
2026-03-25,Wed,08:30,Art_Room,8
2026-03-25,Wed,09:00,Art_Room,12
2026-03-25,Wed,09:30,Art_Room,12
2026-03-25,Wed,10:00,Art_Room,16
2026-03-25,Wed,10:30,Art_Room,20
2026-03-25,Wed,11:00,Art_Room,21
2026-03-25,Wed,11:30,Art_Room,25
2026-03-25,Wed,12:00,Art_Room,20
2026-03-25,Wed,12:30,Art_Room,24
2026-03-25,Wed,13:00,Art_Room,13
2026-03-25,Wed,13:30,Art_Room,17
2026-03-25,Wed,08:00,Music_Room,12
2026-03-25,Wed,08:30,Music_Room,16
2026-03-25,Wed,09:00,Music_Room,11
2026-03-25,Wed,09:30,Music_Room,20
2026-03-25,Wed,10:00,Music_Room,24
2026-03-25,Wed,10:30,Music_Room,19
2026-03-25,Wed,11:00,Music_Room,29
2026-03-25,Wed,11:30,Music_Room,24
2026-03-25,Wed,12:00,Music_Room,28
2026-03-25,Wed,12:30,Music_Room,23
2026-03-25,Wed,13:00,Music_Room,21
2026-03-25,Wed,13:30,Music_Room,16
2026-03-26,Thu,08:00,Library,21
2026-03-26,Thu,08:30,Library,16
2026-03-26,Thu,09:00,Library,20
2026-03-26,Thu,09:30,Library,20
2026-03-26,Thu,10:00,Library,24
2026-03-26,Thu,10:30,Library,19
2026-03-26,Thu,11:00,Library,29
2026-03-26,Thu,11:30,Library,33
2026-03-26,Thu,12:00,Library,28
2026-03-26,Thu,12:30,Library,32
2026-03-26,Thu,13:00,Library,21
2026-03-26,Thu,13:30,Library,25
2026-03-26,Thu,08:00,Gym,22
2026-03-26,Thu,08:30,Gym,26
2026-03-26,Thu,09:00,Gym,21
2026-03-26,Thu,09:30,Gym,30
2026-03-26,Thu,10:00,Gym,25
2026-03-26,Thu,10:30,Gym,29
2026-03-26,Thu,11:00,Gym,39
2026-03-26,Thu,11:30,Gym,34
2026-03-26,Thu,12:00,Gym,38
2026-03-26,Thu,12:30,Gym,33
2026-03-26,Thu,13:00,Gym,31
2026-03-26,Thu,13:30,Gym,26
2026-03-26,Thu,08:00,Computer_Room,23
2026-03-26,Thu,08:30,Computer_Room,18
2026-03-26,Thu,09:00,Computer_Room,22
2026-03-26,Thu,09:30,Computer_Room,22
2026-03-26,Thu,10:00,Computer_Room,26
2026-03-26,Thu,10:30,Computer_Room,30
2026-03-26,Thu,11:00,Computer_Room,31
2026-03-26,Thu,11:30,Computer_Room,35
2026-03-26,Thu,12:00,Computer_Room,30
2026-03-26,Thu,12:30,Computer_Room,34
2026-03-26,Thu,13:00,Computer_Room,23
2026-03-26,Thu,13:30,Computer_Room,27
2026-03-26,Thu,08:00,Science_Lab,10
2026-03-26,Thu,08:30,Science_Lab,14
2026-03-26,Thu,09:00,Science_Lab,9
2026-03-26,Thu,09:30,Science_Lab,18
2026-03-26,Thu,10:00,Science_Lab,22
2026-03-26,Thu,10:30,Science_Lab,17
2026-03-26,Thu,11:00,Science_Lab,27
2026-03-26,Thu,11:30,Science_Lab,22
2026-03-26,Thu,12:00,Science_Lab,26
2026-03-26,Thu,12:30,Science_Lab,21
2026-03-26,Thu,13:00,Science_Lab,19
2026-03-26,Thu,13:30,Science_Lab,14
2026-03-26,Thu,08:00,Art_Room,12
2026-03-26,Thu,08:30,Art_Room,7
2026-03-26,Thu,09:00,Art_Room,11
2026-03-26,Thu,09:30,Art_Room,20
2026-03-26,Thu,10:00,Art_Room,15
2026-03-26,Thu,10:30,Art_Room,19
2026-03-26,Thu,11:00,Art_Room,20
2026-03-26,Thu,11:30,Art_Room,24
2026-03-26,Thu,12:00,Art_Room,19
2026-03-26,Thu,12:30,Art_Room,23
2026-03-26,Thu,13:00,Art_Room,12
2026-03-26,Thu,13:30,Art_Room,16
2026-03-26,Thu,08:00,Music_Room,11
2026-03-26,Thu,08:30,Music_Room,15
2026-03-26,Thu,09:00,Music_Room,19
2026-03-26,Thu,09:30,Music_Room,19
2026-03-26,Thu,10:00,Music_Room,23
2026-03-26,Thu,10:30,Music_Room,18
2026-03-26,Thu,11:00,Music_Room,28
2026-03-26,Thu,11:30,Music_Room,23
2026-03-26,Thu,12:00,Music_Room,27
2026-03-26,Thu,12:30,Music_Room,22
2026-03-26,Thu,13:00,Music_Room,20
2026-03-26,Thu,13:30,Music_Room,24
2026-03-27,Fri,08:00,Library,24
2026-03-27,Fri,08:30,Library,19
2026-03-27,Fri,09:00,Library,23
2026-03-27,Fri,09:30,Library,23
2026-03-27,Fri,10:00,Library,27
2026-03-27,Fri,10:30,Library,31
2026-03-27,Fri,11:00,Library,32
2026-03-27,Fri,11:30,Library,36
2026-03-27,Fri,12:00,Library,31
2026-03-27,Fri,12:30,Library,35
2026-03-27,Fri,13:00,Library,24
2026-03-27,Fri,13:30,Library,28
2026-03-27,Fri,08:00,Gym,25
2026-03-27,Fri,08:30,Gym,29
2026-03-27,Fri,09:00,Gym,24
2026-03-27,Fri,09:30,Gym,33
2026-03-27,Fri,10:00,Gym,37
2026-03-27,Fri,10:30,Gym,32
2026-03-27,Fri,11:00,Gym,42
2026-03-27,Fri,11:30,Gym,37
2026-03-27,Fri,12:00,Gym,41
2026-03-27,Fri,12:30,Gym,36
2026-03-27,Fri,13:00,Gym,34
2026-03-27,Fri,13:30,Gym,29
2026-03-27,Fri,08:00,Computer_Room,26
2026-03-27,Fri,08:30,Computer_Room,21
2026-03-27,Fri,09:00,Computer_Room,25
2026-03-27,Fri,09:30,Computer_Room,34
2026-03-27,Fri,10:00,Computer_Room,29
2026-03-27,Fri,10:30,Computer_Room,33
2026-03-27,Fri,11:00,Computer_Room,34
2026-03-27,Fri,11:30,Computer_Room,38
2026-03-27,Fri,12:00,Computer_Room,33
2026-03-27,Fri,12:30,Computer_Room,37
2026-03-27,Fri,13:00,Computer_Room,26
2026-03-27,Fri,13:30,Computer_Room,30
2026-03-27,Fri,08:00,Science_Lab,13
2026-03-27,Fri,08:30,Science_Lab,17
2026-03-27,Fri,09:00,Science_Lab,21
2026-03-27,Fri,09:30,Science_Lab,21
2026-03-27,Fri,10:00,Science_Lab,25
2026-03-27,Fri,10:30,Science_Lab,20
2026-03-27,Fri,11:00,Science_Lab,30
2026-03-27,Fri,11:30,Science_Lab,25
2026-03-27,Fri,12:00,Science_Lab,29
2026-03-27,Fri,12:30,Science_Lab,24
2026-03-27,Fri,13:00,Science_Lab,22
2026-03-27,Fri,13:30,Science_Lab,26
2026-03-27,Fri,08:00,Art_Room,15
2026-03-27,Fri,08:30,Art_Room,19
2026-03-27,Fri,09:00,Art_Room,14
2026-03-27,Fri,09:30,Art_Room,23
2026-03-27,Fri,10:00,Art_Room,18
2026-03-27,Fri,10:30,Art_Room,22
2026-03-27,Fri,11:00,Art_Room,23
2026-03-27,Fri,11:30,Art_Room,27
2026-03-27,Fri,12:00,Art_Room,22
2026-03-27,Fri,12:30,Art_Room,26
2026-03-27,Fri,13:00,Art_Room,24
2026-03-27,Fri,13:30,Art_Room,19
2026-03-27,Fri,08:00,Music_Room,23
2026-03-27,Fri,08:30,Music_Room,18
2026-03-27,Fri,09:00,Music_Room,22
2026-03-27,Fri,09:30,Music_Room,22
2026-03-27,Fri,10:00,Music_Room,26
2026-03-27,Fri,10:30,Music_Room,21
2026-03-27,Fri,11:00,Music_Room,31
2026-03-27,Fri,11:30,Music_Room,26
2026-03-27,Fri,12:00,Music_Room,30
2026-03-27,Fri,12:30,Music_Room,34
2026-03-27,Fri,13:00,Music_Room,23
2026-03-27,Fri,13:30,Music_Room,27
2026-03-30,Mon,08:00,Library,19
2026-03-30,Mon,08:30,Library,14
2026-03-30,Mon,09:00,Library,18
2026-03-30,Mon,09:30,Library,27
2026-03-30,Mon,10:00,Library,22
2026-03-30,Mon,10:30,Library,26
2026-03-30,Mon,11:00,Library,27
2026-03-30,Mon,11:30,Library,31
2026-03-30,Mon,12:00,Library,26
2026-03-30,Mon,12:30,Library,30
2026-03-30,Mon,13:00,Library,19
2026-03-30,Mon,13:30,Library,23
2026-03-30,Mon,08:00,Gym,20
2026-03-30,Mon,08:30,Gym,24
2026-03-30,Mon,09:00,Gym,28
2026-03-30,Mon,09:30,Gym,28
2026-03-30,Mon,10:00,Gym,32
2026-03-30,Mon,10:30,Gym,27
2026-03-30,Mon,11:00,Gym,37
2026-03-30,Mon,11:30,Gym,32
2026-03-30,Mon,12:00,Gym,36
2026-03-30,Mon,12:30,Gym,31
2026-03-30,Mon,13:00,Gym,29
2026-03-30,Mon,13:30,Gym,33
2026-03-30,Mon,08:00,Computer_Room,21
2026-03-30,Mon,08:30,Computer_Room,25
2026-03-30,Mon,09:00,Computer_Room,20
2026-03-30,Mon,09:30,Computer_Room,29
2026-03-30,Mon,10:00,Computer_Room,24
2026-03-30,Mon,10:30,Computer_Room,28
2026-03-30,Mon,11:00,Computer_Room,29
2026-03-30,Mon,11:30,Computer_Room,33
2026-03-30,Mon,12:00,Computer_Room,28
2026-03-30,Mon,12:30,Computer_Room,32
2026-03-30,Mon,13:00,Computer_Room,30
2026-03-30,Mon,13:30,Computer_Room,25
2026-03-30,Mon,08:00,Science_Lab,17
2026-03-30,Mon,08:30,Science_Lab,12
2026-03-30,Mon,09:00,Science_Lab,16
2026-03-30,Mon,09:30,Science_Lab,16
2026-03-30,Mon,10:00,Science_Lab,20
2026-03-30,Mon,10:30,Science_Lab,15
2026-03-30,Mon,11:00,Science_Lab,25
2026-03-30,Mon,11:30,Science_Lab,20
2026-03-30,Mon,12:00,Science_Lab,24
2026-03-30,Mon,12:30,Science_Lab,28
2026-03-30,Mon,13:00,Science_Lab,17
2026-03-30,Mon,13:30,Science_Lab,21
2026-03-30,Mon,08:00,Art_Room,10
2026-03-30,Mon,08:30,Art_Room,14
2026-03-30,Mon,09:00,Art_Room,9
2026-03-30,Mon,09:30,Art_Room,18
2026-03-30,Mon,10:00,Art_Room,13
2026-03-30,Mon,10:30,Art_Room,17
2026-03-30,Mon,11:00,Art_Room,18
2026-03-30,Mon,11:30,Art_Room,22
2026-03-30,Mon,12:00,Art_Room,26
2026-03-30,Mon,12:30,Art_Room,21
2026-03-30,Mon,13:00,Art_Room,19
2026-03-30,Mon,13:30,Art_Room,14
2026-03-30,Mon,08:00,Music_Room,18
2026-03-30,Mon,08:30,Music_Room,13
2026-03-30,Mon,09:00,Music_Room,17
2026-03-30,Mon,09:30,Music_Room,17
2026-03-30,Mon,10:00,Music_Room,21
2026-03-30,Mon,10:30,Music_Room,16
2026-03-30,Mon,11:00,Music_Room,26
2026-03-30,Mon,11:30,Music_Room,30
2026-03-30,Mon,12:00,Music_Room,25
2026-03-30,Mon,12:30,Music_Room,29
2026-03-30,Mon,13:00,Music_Room,18
2026-03-30,Mon,13:30,Music_Room,22
2026-03-31,Tue,08:00,Library,18
2026-03-31,Tue,08:30,Library,22
2026-03-31,Tue,09:00,Library,17
2026-03-31,Tue,09:30,Library,26
2026-03-31,Tue,10:00,Library,21
2026-03-31,Tue,10:30,Library,25
2026-03-31,Tue,11:00,Library,26
2026-03-31,Tue,11:30,Library,30
2026-03-31,Tue,12:00,Library,25
2026-03-31,Tue,12:30,Library,29
2026-03-31,Tue,13:00,Library,27
2026-03-31,Tue,13:30,Library,22
2026-03-31,Tue,08:00,Gym,28
2026-03-31,Tue,08:30,Gym,23
2026-03-31,Tue,09:00,Gym,27
2026-03-31,Tue,09:30,Gym,27
2026-03-31,Tue,10:00,Gym,31
2026-03-31,Tue,10:30,Gym,26
2026-03-31,Tue,11:00,Gym,36
2026-03-31,Tue,11:30,Gym,31
2026-03-31,Tue,12:00,Gym,35
2026-03-31,Tue,12:30,Gym,39
2026-03-31,Tue,13:00,Gym,28
2026-03-31,Tue,13:30,Gym,32
2026-03-31,Tue,08:00,Computer_Room,20
2026-03-31,Tue,08:30,Computer_Room,24
2026-03-31,Tue,09:00,Computer_Room,19
2026-03-31,Tue,09:30,Computer_Room,28
2026-03-31,Tue,10:00,Computer_Room,23
2026-03-31,Tue,10:30,Computer_Room,27
2026-03-31,Tue,11:00,Computer_Room,28
2026-03-31,Tue,11:30,Computer_Room,32
2026-03-31,Tue,12:00,Computer_Room,36
2026-03-31,Tue,12:30,Computer_Room,31
2026-03-31,Tue,13:00,Computer_Room,29
2026-03-31,Tue,13:30,Computer_Room,24
2026-03-31,Tue,08:00,Science_Lab,16
2026-03-31,Tue,08:30,Science_Lab,11
2026-03-31,Tue,09:00,Science_Lab,15
2026-03-31,Tue,09:30,Science_Lab,15
2026-03-31,Tue,10:00,Science_Lab,19
2026-03-31,Tue,10:30,Science_Lab,14
2026-03-31,Tue,11:00,Science_Lab,24
2026-03-31,Tue,11:30,Science_Lab,28
2026-03-31,Tue,12:00,Science_Lab,23
2026-03-31,Tue,12:30,Science_Lab,27
2026-03-31,Tue,13:00,Science_Lab,16
2026-03-31,Tue,13:30,Science_Lab,20
2026-03-31,Tue,08:00,Art_Room,9
2026-03-31,Tue,08:30,Art_Room,13
2026-03-31,Tue,09:00,Art_Room,8
2026-03-31,Tue,09:30,Art_Room,17
2026-03-31,Tue,10:00,Art_Room,12
2026-03-31,Tue,10:30,Art_Room,16
2026-03-31,Tue,11:00,Art_Room,26
2026-03-31,Tue,11:30,Art_Room,21
2026-03-31,Tue,12:00,Art_Room,25
2026-03-31,Tue,12:30,Art_Room,20
2026-03-31,Tue,13:00,Art_Room,18
2026-03-31,Tue,13:30,Art_Room,13
2026-03-31,Tue,08:00,Music_Room,17
2026-03-31,Tue,08:30,Music_Room,12
2026-03-31,Tue,09:00,Music_Room,16
2026-03-31,Tue,09:30,Music_Room,16
2026-03-31,Tue,10:00,Music_Room,20
2026-03-31,Tue,10:30,Music_Room,24
2026-03-31,Tue,11:00,Music_Room,25
2026-03-31,Tue,11:30,Music_Room,29
2026-03-31,Tue,12:00,Music_Room,24
2026-03-31,Tue,12:30,Music_Room,28
2026-03-31,Tue,13:00,Music_Room,17
2026-03-31,Tue,13:30,Music_Room,21
2026-04-01,Wed,08:00,Library,17
2026-04-01,Wed,08:30,Library,21
2026-04-01,Wed,09:00,Library,16
2026-04-01,Wed,09:30,Library,25
2026-04-01,Wed,10:00,Library,20
2026-04-01,Wed,10:30,Library,24
2026-04-01,Wed,11:00,Library,25
2026-04-01,Wed,11:30,Library,29
2026-04-01,Wed,12:00,Library,33
2026-04-01,Wed,12:30,Library,28
2026-04-01,Wed,13:00,Library,26
2026-04-01,Wed,13:30,Library,21
2026-04-01,Wed,08:00,Gym,27
2026-04-01,Wed,08:30,Gym,22
2026-04-01,Wed,09:00,Gym,26
2026-04-01,Wed,09:30,Gym,26
2026-04-01,Wed,10:00,Gym,30
2026-04-01,Wed,10:30,Gym,25
2026-04-01,Wed,11:00,Gym,35
2026-04-01,Wed,11:30,Gym,39
2026-04-01,Wed,12:00,Gym,34
2026-04-01,Wed,12:30,Gym,38
2026-04-01,Wed,13:00,Gym,27
2026-04-01,Wed,13:30,Gym,31
2026-04-01,Wed,08:00,Computer_Room,19
2026-04-01,Wed,08:30,Computer_Room,23
2026-04-01,Wed,09:00,Computer_Room,18
2026-04-01,Wed,09:30,Computer_Room,27
2026-04-01,Wed,10:00,Computer_Room,22
2026-04-01,Wed,10:30,Computer_Room,26
2026-04-01,Wed,11:00,Computer_Room,36
2026-04-01,Wed,11:30,Computer_Room,31
2026-04-01,Wed,12:00,Computer_Room,35
2026-04-01,Wed,12:30,Computer_Room,30
2026-04-01,Wed,13:00,Computer_Room,28
2026-04-01,Wed,13:30,Computer_Room,23
2026-04-01,Wed,08:00,Science_Lab,15
2026-04-01,Wed,08:30,Science_Lab,10
2026-04-01,Wed,09:00,Science_Lab,14
2026-04-01,Wed,09:30,Science_Lab,14
2026-04-01,Wed,10:00,Science_Lab,18
2026-04-01,Wed,10:30,Science_Lab,22
2026-04-01,Wed,11:00,Science_Lab,23
2026-04-01,Wed,11:30,Science_Lab,27
2026-04-01,Wed,12:00,Science_Lab,22
2026-04-01,Wed,12:30,Science_Lab,26
2026-04-01,Wed,13:00,Science_Lab,15
2026-04-01,Wed,13:30,Science_Lab,19
2026-04-01,Wed,08:00,Art_Room,8
2026-04-01,Wed,08:30,Art_Room,12
2026-04-01,Wed,09:00,Art_Room,7
2026-04-01,Wed,09:30,Art_Room,16
2026-04-01,Wed,10:00,Art_Room,20
2026-04-01,Wed,10:30,Art_Room,15
2026-04-01,Wed,11:00,Art_Room,25
2026-04-01,Wed,11:30,Art_Room,20
2026-04-01,Wed,12:00,Art_Room,24
2026-04-01,Wed,12:30,Art_Room,19
2026-04-01,Wed,13:00,Art_Room,17
2026-04-01,Wed,13:30,Art_Room,12
2026-04-01,Wed,08:00,Music_Room,16
2026-04-01,Wed,08:30,Music_Room,11
2026-04-01,Wed,09:00,Music_Room,15
2026-04-01,Wed,09:30,Music_Room,24
2026-04-01,Wed,10:00,Music_Room,19
2026-04-01,Wed,10:30,Music_Room,23
2026-04-01,Wed,11:00,Music_Room,24
2026-04-01,Wed,11:30,Music_Room,28
2026-04-01,Wed,12:00,Music_Room,23
2026-04-01,Wed,12:30,Music_Room,27
2026-04-01,Wed,13:00,Music_Room,16
2026-04-01,Wed,13:30,Music_Room,20
2026-04-02,Thu,08:00,Library,16
2026-04-02,Thu,08:30,Library,20
2026-04-02,Thu,09:00,Library,15
2026-04-02,Thu,09:30,Library,24
2026-04-02,Thu,10:00,Library,19
2026-04-02,Thu,10:30,Library,23
2026-04-02,Thu,11:00,Library,33
2026-04-02,Thu,11:30,Library,28
2026-04-02,Thu,12:00,Library,32
2026-04-02,Thu,12:30,Library,27
2026-04-02,Thu,13:00,Library,25
2026-04-02,Thu,13:30,Library,20
2026-04-02,Thu,08:00,Gym,26
2026-04-02,Thu,08:30,Gym,21
2026-04-02,Thu,09:00,Gym,25
2026-04-02,Thu,09:30,Gym,25
2026-04-02,Thu,10:00,Gym,29
2026-04-02,Thu,10:30,Gym,33
2026-04-02,Thu,11:00,Gym,34
2026-04-02,Thu,11:30,Gym,38
2026-04-02,Thu,12:00,Gym,33
2026-04-02,Thu,12:30,Gym,37
2026-04-02,Thu,13:00,Gym,26
2026-04-02,Thu,13:30,Gym,30
2026-04-02,Thu,08:00,Computer_Room,18
2026-04-02,Thu,08:30,Computer_Room,22
2026-04-02,Thu,09:00,Computer_Room,17
2026-04-02,Thu,09:30,Computer_Room,26
2026-04-02,Thu,10:00,Computer_Room,30
2026-04-02,Thu,10:30,Computer_Room,25
2026-04-02,Thu,11:00,Computer_Room,35
2026-04-02,Thu,11:30,Computer_Room,30
2026-04-02,Thu,12:00,Computer_Room,34
2026-04-02,Thu,12:30,Computer_Room,29
2026-04-02,Thu,13:00,Computer_Room,27
2026-04-02,Thu,13:30,Computer_Room,22
2026-04-02,Thu,08:00,Science_Lab,14
2026-04-02,Thu,08:30,Science_Lab,9
2026-04-02,Thu,09:00,Science_Lab,13
2026-04-02,Thu,09:30,Science_Lab,22
2026-04-02,Thu,10:00,Science_Lab,17
2026-04-02,Thu,10:30,Science_Lab,21
2026-04-02,Thu,11:00,Science_Lab,22
2026-04-02,Thu,11:30,Science_Lab,26
2026-04-02,Thu,12:00,Science_Lab,21
2026-04-02,Thu,12:30,Science_Lab,25
2026-04-02,Thu,13:00,Science_Lab,14
2026-04-02,Thu,13:30,Science_Lab,18
2026-04-02,Thu,08:00,Art_Room,7
2026-04-02,Thu,08:30,Art_Room,11
2026-04-02,Thu,09:00,Art_Room,15
2026-04-02,Thu,09:30,Art_Room,15
2026-04-02,Thu,10:00,Art_Room,19
2026-04-02,Thu,10:30,Art_Room,14
2026-04-02,Thu,11:00,Art_Room,24
2026-04-02,Thu,11:30,Art_Room,19
2026-04-02,Thu,12:00,Art_Room,23
2026-04-02,Thu,12:30,Art_Room,18
2026-04-02,Thu,13:00,Art_Room,16
2026-04-02,Thu,13:30,Art_Room,20
2026-04-02,Thu,08:00,Music_Room,15
2026-04-02,Thu,08:30,Music_Room,19
2026-04-02,Thu,09:00,Music_Room,14
2026-04-02,Thu,09:30,Music_Room,23
2026-04-02,Thu,10:00,Music_Room,18
2026-04-02,Thu,10:30,Music_Room,22
2026-04-02,Thu,11:00,Music_Room,23
2026-04-02,Thu,11:30,Music_Room,27
2026-04-02,Thu,12:00,Music_Room,22
2026-04-02,Thu,12:30,Music_Room,26
2026-04-02,Thu,13:00,Music_Room,24
2026-04-02,Thu,13:30,Music_Room,19
2026-04-03,Fri,08:00,Library,19
2026-04-03,Fri,08:30,Library,23
2026-04-03,Fri,09:00,Library,18
2026-04-03,Fri,09:30,Library,27
2026-04-03,Fri,10:00,Library,31
2026-04-03,Fri,10:30,Library,26
2026-04-03,Fri,11:00,Library,36
2026-04-03,Fri,11:30,Library,31
2026-04-03,Fri,12:00,Library,35
2026-04-03,Fri,12:30,Library,30
2026-04-03,Fri,13:00,Library,28
2026-04-03,Fri,13:30,Library,23
2026-04-03,Fri,08:00,Gym,29
2026-04-03,Fri,08:30,Gym,24
2026-04-03,Fri,09:00,Gym,28
2026-04-03,Fri,09:30,Gym,37
2026-04-03,Fri,10:00,Gym,32
2026-04-03,Fri,10:30,Gym,36
2026-04-03,Fri,11:00,Gym,37
2026-04-03,Fri,11:30,Gym,41
2026-04-03,Fri,12:00,Gym,36
2026-04-03,Fri,12:30,Gym,40
2026-04-03,Fri,13:00,Gym,29
2026-04-03,Fri,13:30,Gym,33
2026-04-03,Fri,08:00,Computer_Room,21
2026-04-03,Fri,08:30,Computer_Room,25
2026-04-03,Fri,09:00,Computer_Room,29
2026-04-03,Fri,09:30,Computer_Room,29
2026-04-03,Fri,10:00,Computer_Room,33
2026-04-03,Fri,10:30,Computer_Room,28
2026-04-03,Fri,11:00,Computer_Room,38
2026-04-03,Fri,11:30,Computer_Room,33
2026-04-03,Fri,12:00,Computer_Room,37
2026-04-03,Fri,12:30,Computer_Room,32
2026-04-03,Fri,13:00,Computer_Room,30
2026-04-03,Fri,13:30,Computer_Room,34
2026-04-03,Fri,08:00,Science_Lab,17
2026-04-03,Fri,08:30,Science_Lab,21
2026-04-03,Fri,09:00,Science_Lab,16
2026-04-03,Fri,09:30,Science_Lab,25
2026-04-03,Fri,10:00,Science_Lab,20
2026-04-03,Fri,10:30,Science_Lab,24
2026-04-03,Fri,11:00,Science_Lab,25
2026-04-03,Fri,11:30,Science_Lab,29
2026-04-03,Fri,12:00,Science_Lab,24
2026-04-03,Fri,12:30,Science_Lab,28
2026-04-03,Fri,13:00,Science_Lab,26
2026-04-03,Fri,13:30,Science_Lab,21
2026-04-03,Fri,08:00,Art_Room,19
2026-04-03,Fri,08:30,Art_Room,14
2026-04-03,Fri,09:00,Art_Room,18
2026-04-03,Fri,09:30,Art_Room,18
2026-04-03,Fri,10:00,Art_Room,22
2026-04-03,Fri,10:30,Art_Room,17
2026-04-03,Fri,11:00,Art_Room,27
2026-04-03,Fri,11:30,Art_Room,22
2026-04-03,Fri,12:00,Art_Room,26
2026-04-03,Fri,12:30,Art_Room,30
2026-04-03,Fri,13:00,Art_Room,19
2026-04-03,Fri,13:30,Art_Room,23
2026-04-03,Fri,08:00,Music_Room,18
2026-04-03,Fri,08:30,Music_Room,22
2026-04-03,Fri,09:00,Music_Room,17
2026-04-03,Fri,09:30,Music_Room,26
2026-04-03,Fri,10:00,Music_Room,21
2026-04-03,Fri,10:30,Music_Room,25
2026-04-03,Fri,11:00,Music_Room,26
2026-04-03,Fri,11:30,Music_Room,30
2026-04-03,Fri,12:00,Music_Room,34
2026-04-03,Fri,12:30,Music_Room,29
2026-04-03,Fri,13:00,Music_Room,27
2026-04-03,Fri,13:30,Music_Room,22
2026-04-06,Mon,08:00,Library,14
2026-04-06,Mon,08:30,Library,18
2026-04-06,Mon,09:00,Library,22
2026-04-06,Mon,09:30,Library,22
2026-04-06,Mon,10:00,Library,26
2026-04-06,Mon,10:30,Library,21
2026-04-06,Mon,11:00,Library,31
2026-04-06,Mon,11:30,Library,26
2026-04-06,Mon,12:00,Library,30
2026-04-06,Mon,12:30,Library,25
2026-04-06,Mon,13:00,Library,23
2026-04-06,Mon,13:30,Library,27
2026-04-06,Mon,08:00,Gym,24
2026-04-06,Mon,08:30,Gym,28
2026-04-06,Mon,09:00,Gym,23
2026-04-06,Mon,09:30,Gym,32
2026-04-06,Mon,10:00,Gym,27
2026-04-06,Mon,10:30,Gym,31
2026-04-06,Mon,11:00,Gym,32
2026-04-06,Mon,11:30,Gym,36
2026-04-06,Mon,12:00,Gym,31
2026-04-06,Mon,12:30,Gym,35
2026-04-06,Mon,13:00,Gym,33
2026-04-06,Mon,13:30,Gym,28
2026-04-06,Mon,08:00,Computer_Room,25
2026-04-06,Mon,08:30,Computer_Room,20
2026-04-06,Mon,09:00,Computer_Room,24
2026-04-06,Mon,09:30,Computer_Room,24
2026-04-06,Mon,10:00,Computer_Room,28
2026-04-06,Mon,10:30,Computer_Room,23
2026-04-06,Mon,11:00,Computer_Room,33
2026-04-06,Mon,11:30,Computer_Room,28
2026-04-06,Mon,12:00,Computer_Room,32
2026-04-06,Mon,12:30,Computer_Room,36
2026-04-06,Mon,13:00,Computer_Room,25
2026-04-06,Mon,13:30,Computer_Room,29
2026-04-06,Mon,08:00,Science_Lab,12
2026-04-06,Mon,08:30,Science_Lab,16
2026-04-06,Mon,09:00,Science_Lab,11
2026-04-06,Mon,09:30,Science_Lab,20
2026-04-06,Mon,10:00,Science_Lab,15
2026-04-06,Mon,10:30,Science_Lab,19
2026-04-06,Mon,11:00,Science_Lab,20
2026-04-06,Mon,11:30,Science_Lab,24
2026-04-06,Mon,12:00,Science_Lab,28
2026-04-06,Mon,12:30,Science_Lab,23
2026-04-06,Mon,13:00,Science_Lab,21
2026-04-06,Mon,13:30,Science_Lab,16
2026-04-06,Mon,08:00,Art_Room,14
2026-04-06,Mon,08:30,Art_Room,9
2026-04-06,Mon,09:00,Art_Room,13
2026-04-06,Mon,09:30,Art_Room,13
2026-04-06,Mon,10:00,Art_Room,17
2026-04-06,Mon,10:30,Art_Room,12
2026-04-06,Mon,11:00,Art_Room,22
2026-04-06,Mon,11:30,Art_Room,26
2026-04-06,Mon,12:00,Art_Room,21
2026-04-06,Mon,12:30,Art_Room,25
2026-04-06,Mon,13:00,Art_Room,14
2026-04-06,Mon,13:30,Art_Room,18
2026-04-06,Mon,08:00,Music_Room,13
2026-04-06,Mon,08:30,Music_Room,17
2026-04-06,Mon,09:00,Music_Room,12
2026-04-06,Mon,09:30,Music_Room,21
2026-04-06,Mon,10:00,Music_Room,16
2026-04-06,Mon,10:30,Music_Room,20
2026-04-06,Mon,11:00,Music_Room,30
2026-04-06,Mon,11:30,Music_Room,25
2026-04-06,Mon,12:00,Music_Room,29
2026-04-06,Mon,12:30,Music_Room,24
2026-04-06,Mon,13:00,Music_Room,22
2026-04-06,Mon,13:30,Music_Room,17
2026-04-07,Tue,08:00,Library,22
2026-04-07,Tue,08:30,Library,17
2026-04-07,Tue,09:00,Library,21
2026-04-07,Tue,09:30,Library,21
2026-04-07,Tue,10:00,Library,25
2026-04-07,Tue,10:30,Library,20
2026-04-07,Tue,11:00,Library,30
2026-04-07,Tue,11:30,Library,25
2026-04-07,Tue,12:00,Library,29
2026-04-07,Tue,12:30,Library,33
2026-04-07,Tue,13:00,Library,22
2026-04-07,Tue,13:30,Library,26
2026-04-07,Tue,08:00,Gym,23
2026-04-07,Tue,08:30,Gym,27
2026-04-07,Tue,09:00,Gym,22
2026-04-07,Tue,09:30,Gym,31
2026-04-07,Tue,10:00,Gym,26
2026-04-07,Tue,10:30,Gym,30
2026-04-07,Tue,11:00,Gym,31
2026-04-07,Tue,11:30,Gym,35
2026-04-07,Tue,12:00,Gym,39
2026-04-07,Tue,12:30,Gym,34
2026-04-07,Tue,13:00,Gym,32
2026-04-07,Tue,13:30,Gym,27
2026-04-07,Tue,08:00,Computer_Room,24
2026-04-07,Tue,08:30,Computer_Room,19
2026-04-07,Tue,09:00,Computer_Room,23
2026-04-07,Tue,09:30,Computer_Room,23
2026-04-07,Tue,10:00,Computer_Room,27
2026-04-07,Tue,10:30,Computer_Room,22
2026-04-07,Tue,11:00,Computer_Room,32
2026-04-07,Tue,11:30,Computer_Room,36
2026-04-07,Tue,12:00,Computer_Room,31
2026-04-07,Tue,12:30,Computer_Room,35
2026-04-07,Tue,13:00,Computer_Room,24
2026-04-07,Tue,13:30,Computer_Room,28
2026-04-07,Tue,08:00,Science_Lab,11
2026-04-07,Tue,08:30,Science_Lab,15
2026-04-07,Tue,09:00,Science_Lab,10
2026-04-07,Tue,09:30,Science_Lab,19
2026-04-07,Tue,10:00,Science_Lab,14
2026-04-07,Tue,10:30,Science_Lab,18
2026-04-07,Tue,11:00,Science_Lab,28
2026-04-07,Tue,11:30,Science_Lab,23
2026-04-07,Tue,12:00,Science_Lab,27
2026-04-07,Tue,12:30,Science_Lab,22
2026-04-07,Tue,13:00,Science_Lab,20
2026-04-07,Tue,13:30,Science_Lab,15
2026-04-07,Tue,08:00,Art_Room,13
2026-04-07,Tue,08:30,Art_Room,8
2026-04-07,Tue,09:00,Art_Room,12
2026-04-07,Tue,09:30,Art_Room,12
2026-04-07,Tue,10:00,Art_Room,16
2026-04-07,Tue,10:30,Art_Room,20
2026-04-07,Tue,11:00,Art_Room,21
2026-04-07,Tue,11:30,Art_Room,25
2026-04-07,Tue,12:00,Art_Room,20
2026-04-07,Tue,12:30,Art_Room,24
2026-04-07,Tue,13:00,Art_Room,13
2026-04-07,Tue,13:30,Art_Room,17
2026-04-07,Tue,08:00,Music_Room,12
2026-04-07,Tue,08:30,Music_Room,16
2026-04-07,Tue,09:00,Music_Room,11
2026-04-07,Tue,09:30,Music_Room,20
2026-04-07,Tue,10:00,Music_Room,24
2026-04-07,Tue,10:30,Music_Room,19
2026-04-07,Tue,11:00,Music_Room,29
2026-04-07,Tue,11:30,Music_Room,24
2026-04-07,Tue,12:00,Music_Room,28
2026-04-07,Tue,12:30,Music_Room,23
2026-04-07,Tue,13:00,Music_Room,21
2026-04-07,Tue,13:30,Music_Room,16
2026-04-08,Wed,08:00,Library,21
2026-04-08,Wed,08:30,Library,16
2026-04-08,Wed,09:00,Library,20
2026-04-08,Wed,09:30,Library,20
2026-04-08,Wed,10:00,Library,24
2026-04-08,Wed,10:30,Library,19
2026-04-08,Wed,11:00,Library,29
2026-04-08,Wed,11:30,Library,33
2026-04-08,Wed,12:00,Library,28
2026-04-08,Wed,12:30,Library,32
2026-04-08,Wed,13:00,Library,21
2026-04-08,Wed,13:30,Library,25
2026-04-08,Wed,08:00,Gym,22
2026-04-08,Wed,08:30,Gym,26
2026-04-08,Wed,09:00,Gym,21
2026-04-08,Wed,09:30,Gym,30
2026-04-08,Wed,10:00,Gym,25
2026-04-08,Wed,10:30,Gym,29
2026-04-08,Wed,11:00,Gym,39
2026-04-08,Wed,11:30,Gym,34
2026-04-08,Wed,12:00,Gym,38
2026-04-08,Wed,12:30,Gym,33
2026-04-08,Wed,13:00,Gym,31
2026-04-08,Wed,13:30,Gym,26
2026-04-08,Wed,08:00,Computer_Room,23
2026-04-08,Wed,08:30,Computer_Room,18
2026-04-08,Wed,09:00,Computer_Room,22
2026-04-08,Wed,09:30,Computer_Room,22
2026-04-08,Wed,10:00,Computer_Room,26
2026-04-08,Wed,10:30,Computer_Room,30
2026-04-08,Wed,11:00,Computer_Room,31
2026-04-08,Wed,11:30,Computer_Room,35
2026-04-08,Wed,12:00,Computer_Room,30
2026-04-08,Wed,12:30,Computer_Room,34
2026-04-08,Wed,13:00,Computer_Room,23
2026-04-08,Wed,13:30,Computer_Room,27
2026-04-08,Wed,08:00,Science_Lab,10
2026-04-08,Wed,08:30,Science_Lab,14
2026-04-08,Wed,09:00,Science_Lab,9
2026-04-08,Wed,09:30,Science_Lab,18
2026-04-08,Wed,10:00,Science_Lab,22
2026-04-08,Wed,10:30,Science_Lab,17
2026-04-08,Wed,11:00,Science_Lab,27
2026-04-08,Wed,11:30,Science_Lab,22
2026-04-08,Wed,12:00,Science_Lab,26
2026-04-08,Wed,12:30,Science_Lab,21
2026-04-08,Wed,13:00,Science_Lab,19
2026-04-08,Wed,13:30,Science_Lab,14
2026-04-08,Wed,08:00,Art_Room,12
2026-04-08,Wed,08:30,Art_Room,7
2026-04-08,Wed,09:00,Art_Room,11
2026-04-08,Wed,09:30,Art_Room,20
2026-04-08,Wed,10:00,Art_Room,15
2026-04-08,Wed,10:30,Art_Room,19
2026-04-08,Wed,11:00,Art_Room,20
2026-04-08,Wed,11:30,Art_Room,24
2026-04-08,Wed,12:00,Art_Room,19
2026-04-08,Wed,12:30,Art_Room,23
2026-04-08,Wed,13:00,Art_Room,12
2026-04-08,Wed,13:30,Art_Room,16
2026-04-08,Wed,08:00,Music_Room,11
2026-04-08,Wed,08:30,Music_Room,15
2026-04-08,Wed,09:00,Music_Room,19
2026-04-08,Wed,09:30,Music_Room,19
2026-04-08,Wed,10:00,Music_Room,23
2026-04-08,Wed,10:30,Music_Room,18
2026-04-08,Wed,11:00,Music_Room,28
2026-04-08,Wed,11:30,Music_Room,23
2026-04-08,Wed,12:00,Music_Room,27
2026-04-08,Wed,12:30,Music_Room,22
2026-04-08,Wed,13:00,Music_Room,20
2026-04-08,Wed,13:30,Music_Room,24
2026-04-09,Thu,08:00,Library,20
2026-04-09,Thu,08:30,Library,15
2026-04-09,Thu,09:00,Library,19
2026-04-09,Thu,09:30,Library,19
2026-04-09,Thu,10:00,Library,23
2026-04-09,Thu,10:30,Library,27
2026-04-09,Thu,11:00,Library,28
2026-04-09,Thu,11:30,Library,32
2026-04-09,Thu,12:00,Library,27
2026-04-09,Thu,12:30,Library,31
2026-04-09,Thu,13:00,Library,20
2026-04-09,Thu,13:30,Library,24
2026-04-09,Thu,08:00,Gym,21
2026-04-09,Thu,08:30,Gym,25
2026-04-09,Thu,09:00,Gym,20
2026-04-09,Thu,09:30,Gym,29
2026-04-09,Thu,10:00,Gym,33
2026-04-09,Thu,10:30,Gym,28
2026-04-09,Thu,11:00,Gym,38
2026-04-09,Thu,11:30,Gym,33
2026-04-09,Thu,12:00,Gym,37
2026-04-09,Thu,12:30,Gym,32
2026-04-09,Thu,13:00,Gym,30
2026-04-09,Thu,13:30,Gym,25
2026-04-09,Thu,08:00,Computer_Room,22
2026-04-09,Thu,08:30,Computer_Room,17
2026-04-09,Thu,09:00,Computer_Room,21
2026-04-09,Thu,09:30,Computer_Room,30
2026-04-09,Thu,10:00,Computer_Room,25
2026-04-09,Thu,10:30,Computer_Room,29
2026-04-09,Thu,11:00,Computer_Room,30
2026-04-09,Thu,11:30,Computer_Room,34
2026-04-09,Thu,12:00,Computer_Room,29
2026-04-09,Thu,12:30,Computer_Room,33
2026-04-09,Thu,13:00,Computer_Room,22
2026-04-09,Thu,13:30,Computer_Room,26
2026-04-09,Thu,08:00,Science_Lab,9
2026-04-09,Thu,08:30,Science_Lab,13
2026-04-09,Thu,09:00,Science_Lab,17
2026-04-09,Thu,09:30,Science_Lab,17
2026-04-09,Thu,10:00,Science_Lab,21
2026-04-09,Thu,10:30,Science_Lab,16
2026-04-09,Thu,11:00,Science_Lab,26
2026-04-09,Thu,11:30,Science_Lab,21
2026-04-09,Thu,12:00,Science_Lab,25
2026-04-09,Thu,12:30,Science_Lab,20
2026-04-09,Thu,13:00,Science_Lab,18
2026-04-09,Thu,13:30,Science_Lab,22
2026-04-09,Thu,08:00,Art_Room,11
2026-04-09,Thu,08:30,Art_Room,15
2026-04-09,Thu,09:00,Art_Room,10
2026-04-09,Thu,09:30,Art_Room,19
2026-04-09,Thu,10:00,Art_Room,14
2026-04-09,Thu,10:30,Art_Room,18
2026-04-09,Thu,11:00,Art_Room,19
2026-04-09,Thu,11:30,Art_Room,23
2026-04-09,Thu,12:00,Art_Room,18
2026-04-09,Thu,12:30,Art_Room,22
2026-04-09,Thu,13:00,Art_Room,20
2026-04-09,Thu,13:30,Art_Room,15
2026-04-09,Thu,08:00,Music_Room,19
2026-04-09,Thu,08:30,Music_Room,14
2026-04-09,Thu,09:00,Music_Room,18
2026-04-09,Thu,09:30,Music_Room,18
2026-04-09,Thu,10:00,Music_Room,22
2026-04-09,Thu,10:30,Music_Room,17
2026-04-09,Thu,11:00,Music_Room,27
2026-04-09,Thu,11:30,Music_Room,22
2026-04-09,Thu,12:00,Music_Room,26
2026-04-09,Thu,12:30,Music_Room,30
2026-04-09,Thu,13:00,Music_Room,19
2026-04-09,Thu,13:30,Music_Room,23
2026-04-10,Fri,08:00,Library,23
2026-04-10,Fri,08:30,Library,18
2026-04-10,Fri,09:00,Library,22
2026-04-10,Fri,09:30,Library,31
2026-04-10,Fri,10:00,Library,26
2026-04-10,Fri,10:30,Library,30
2026-04-10,Fri,11:00,Library,31
2026-04-10,Fri,11:30,Library,35
2026-04-10,Fri,12:00,Library,30
2026-04-10,Fri,12:30,Library,34
2026-04-10,Fri,13:00,Library,23
2026-04-10,Fri,13:30,Library,27
2026-04-10,Fri,08:00,Gym,24
2026-04-10,Fri,08:30,Gym,28
2026-04-10,Fri,09:00,Gym,32
2026-04-10,Fri,09:30,Gym,32
2026-04-10,Fri,10:00,Gym,36
2026-04-10,Fri,10:30,Gym,31
2026-04-10,Fri,11:00,Gym,41
2026-04-10,Fri,11:30,Gym,36
2026-04-10,Fri,12:00,Gym,40
2026-04-10,Fri,12:30,Gym,35
2026-04-10,Fri,13:00,Gym,33
2026-04-10,Fri,13:30,Gym,37
2026-04-10,Fri,08:00,Computer_Room,25
2026-04-10,Fri,08:30,Computer_Room,29
2026-04-10,Fri,09:00,Computer_Room,24
2026-04-10,Fri,09:30,Computer_Room,33
2026-04-10,Fri,10:00,Computer_Room,28
2026-04-10,Fri,10:30,Computer_Room,32
2026-04-10,Fri,11:00,Computer_Room,33
2026-04-10,Fri,11:30,Computer_Room,37
2026-04-10,Fri,12:00,Computer_Room,32
2026-04-10,Fri,12:30,Computer_Room,36
2026-04-10,Fri,13:00,Computer_Room,34
2026-04-10,Fri,13:30,Computer_Room,29
2026-04-10,Fri,08:00,Science_Lab,21
2026-04-10,Fri,08:30,Science_Lab,16
2026-04-10,Fri,09:00,Science_Lab,20
2026-04-10,Fri,09:30,Science_Lab,20
2026-04-10,Fri,10:00,Science_Lab,24
2026-04-10,Fri,10:30,Science_Lab,19
2026-04-10,Fri,11:00,Science_Lab,29
2026-04-10,Fri,11:30,Science_Lab,24
2026-04-10,Fri,12:00,Science_Lab,28
2026-04-10,Fri,12:30,Science_Lab,32
2026-04-10,Fri,13:00,Science_Lab,21
2026-04-10,Fri,13:30,Science_Lab,25
2026-04-10,Fri,08:00,Art_Room,14
2026-04-10,Fri,08:30,Art_Room,18
2026-04-10,Fri,09:00,Art_Room,13
2026-04-10,Fri,09:30,Art_Room,22
2026-04-10,Fri,10:00,Art_Room,17
2026-04-10,Fri,10:30,Art_Room,21
2026-04-10,Fri,11:00,Art_Room,22
2026-04-10,Fri,11:30,Art_Room,26
2026-04-10,Fri,12:00,Art_Room,30
2026-04-10,Fri,12:30,Art_Room,25
2026-04-10,Fri,13:00,Art_Room,23
2026-04-10,Fri,13:30,Art_Room,18
2026-04-10,Fri,08:00,Music_Room,22
2026-04-10,Fri,08:30,Music_Room,17
2026-04-10,Fri,09:00,Music_Room,21
2026-04-10,Fri,09:30,Music_Room,21
2026-04-10,Fri,10:00,Music_Room,25
2026-04-10,Fri,10:30,Music_Room,20
2026-04-10,Fri,11:00,Music_Room,30
2026-04-10,Fri,11:30,Music_Room,34
2026-04-10,Fri,12:00,Music_Room,29
2026-04-10,Fri,12:30,Music_Room,33
2026-04-10,Fri,13:00,Music_Room,22
2026-04-10,Fri,13:30,Music_Room,26
2026-04-13,Mon,08:00,Library,18
2026-04-13,Mon,08:30,Library,22
2026-04-13,Mon,09:00,Library,17
2026-04-13,Mon,09:30,Library,26
2026-04-13,Mon,10:00,Library,21
2026-04-13,Mon,10:30,Library,25
2026-04-13,Mon,11:00,Library,26
2026-04-13,Mon,11:30,Library,30
2026-04-13,Mon,12:00,Library,25
2026-04-13,Mon,12:30,Library,29
2026-04-13,Mon,13:00,Library,27
2026-04-13,Mon,13:30,Library,22
2026-04-13,Mon,08:00,Gym,28
2026-04-13,Mon,08:30,Gym,23
2026-04-13,Mon,09:00,Gym,27
2026-04-13,Mon,09:30,Gym,27
2026-04-13,Mon,10:00,Gym,31
2026-04-13,Mon,10:30,Gym,26
2026-04-13,Mon,11:00,Gym,36
2026-04-13,Mon,11:30,Gym,31
2026-04-13,Mon,12:00,Gym,35
2026-04-13,Mon,12:30,Gym,39
2026-04-13,Mon,13:00,Gym,28
2026-04-13,Mon,13:30,Gym,32
2026-04-13,Mon,08:00,Computer_Room,20
2026-04-13,Mon,08:30,Computer_Room,24
2026-04-13,Mon,09:00,Computer_Room,19
2026-04-13,Mon,09:30,Computer_Room,28
2026-04-13,Mon,10:00,Computer_Room,23
2026-04-13,Mon,10:30,Computer_Room,27
2026-04-13,Mon,11:00,Computer_Room,28
2026-04-13,Mon,11:30,Computer_Room,32
2026-04-13,Mon,12:00,Computer_Room,36
2026-04-13,Mon,12:30,Computer_Room,31
2026-04-13,Mon,13:00,Computer_Room,29
2026-04-13,Mon,13:30,Computer_Room,24
2026-04-13,Mon,08:00,Science_Lab,16
2026-04-13,Mon,08:30,Science_Lab,11
2026-04-13,Mon,09:00,Science_Lab,15
2026-04-13,Mon,09:30,Science_Lab,15
2026-04-13,Mon,10:00,Science_Lab,19
2026-04-13,Mon,10:30,Science_Lab,14
2026-04-13,Mon,11:00,Science_Lab,24
2026-04-13,Mon,11:30,Science_Lab,28
2026-04-13,Mon,12:00,Science_Lab,23
2026-04-13,Mon,12:30,Science_Lab,27
2026-04-13,Mon,13:00,Science_Lab,16
2026-04-13,Mon,13:30,Science_Lab,20
2026-04-13,Mon,08:00,Art_Room,9
2026-04-13,Mon,08:30,Art_Room,13
2026-04-13,Mon,09:00,Art_Room,8
2026-04-13,Mon,09:30,Art_Room,17
2026-04-13,Mon,10:00,Art_Room,12
2026-04-13,Mon,10:30,Art_Room,16
2026-04-13,Mon,11:00,Art_Room,26
2026-04-13,Mon,11:30,Art_Room,21
2026-04-13,Mon,12:00,Art_Room,25
2026-04-13,Mon,12:30,Art_Room,20
2026-04-13,Mon,13:00,Art_Room,18
2026-04-13,Mon,13:30,Art_Room,13
2026-04-13,Mon,08:00,Music_Room,17
2026-04-13,Mon,08:30,Music_Room,12
2026-04-13,Mon,09:00,Music_Room,16
2026-04-13,Mon,09:30,Music_Room,16
2026-04-13,Mon,10:00,Music_Room,20
2026-04-13,Mon,10:30,Music_Room,24
2026-04-13,Mon,11:00,Music_Room,25
2026-04-13,Mon,11:30,Music_Room,29
2026-04-13,Mon,12:00,Music_Room,24
2026-04-13,Mon,12:30,Music_Room,28
2026-04-13,Mon,13:00,Music_Room,17
2026-04-13,Mon,13:30,Music_Room,21
2026-04-14,Tue,08:00,Library,17
2026-04-14,Tue,08:30,Library,21
2026-04-14,Tue,09:00,Library,16
2026-04-14,Tue,09:30,Library,25
2026-04-14,Tue,10:00,Library,20
2026-04-14,Tue,10:30,Library,24
2026-04-14,Tue,11:00,Library,25
2026-04-14,Tue,11:30,Library,29
2026-04-14,Tue,12:00,Library,33
2026-04-14,Tue,12:30,Library,28
2026-04-14,Tue,13:00,Library,26
2026-04-14,Tue,13:30,Library,21
2026-04-14,Tue,08:00,Gym,27
2026-04-14,Tue,08:30,Gym,22
2026-04-14,Tue,09:00,Gym,26
2026-04-14,Tue,09:30,Gym,26
2026-04-14,Tue,10:00,Gym,30
2026-04-14,Tue,10:30,Gym,25
2026-04-14,Tue,11:00,Gym,35
2026-04-14,Tue,11:30,Gym,39
2026-04-14,Tue,12:00,Gym,34
2026-04-14,Tue,12:30,Gym,38
2026-04-14,Tue,13:00,Gym,27
2026-04-14,Tue,13:30,Gym,31
2026-04-14,Tue,08:00,Computer_Room,19
2026-04-14,Tue,08:30,Computer_Room,23
2026-04-14,Tue,09:00,Computer_Room,18
2026-04-14,Tue,09:30,Computer_Room,27
2026-04-14,Tue,10:00,Computer_Room,22
2026-04-14,Tue,10:30,Computer_Room,26
2026-04-14,Tue,11:00,Computer_Room,36
2026-04-14,Tue,11:30,Computer_Room,31
2026-04-14,Tue,12:00,Computer_Room,35
2026-04-14,Tue,12:30,Computer_Room,30
2026-04-14,Tue,13:00,Computer_Room,28
2026-04-14,Tue,13:30,Computer_Room,23
2026-04-14,Tue,08:00,Science_Lab,15
2026-04-14,Tue,08:30,Science_Lab,10
2026-04-14,Tue,09:00,Science_Lab,14
2026-04-14,Tue,09:30,Science_Lab,14
2026-04-14,Tue,10:00,Science_Lab,18
2026-04-14,Tue,10:30,Science_Lab,22
2026-04-14,Tue,11:00,Science_Lab,23
2026-04-14,Tue,11:30,Science_Lab,27
2026-04-14,Tue,12:00,Science_Lab,22
2026-04-14,Tue,12:30,Science_Lab,26
2026-04-14,Tue,13:00,Science_Lab,15
2026-04-14,Tue,13:30,Science_Lab,19
2026-04-14,Tue,08:00,Art_Room,8
2026-04-14,Tue,08:30,Art_Room,12
2026-04-14,Tue,09:00,Art_Room,7
2026-04-14,Tue,09:30,Art_Room,16
2026-04-14,Tue,10:00,Art_Room,20
2026-04-14,Tue,10:30,Art_Room,15
2026-04-14,Tue,11:00,Art_Room,25
2026-04-14,Tue,11:30,Art_Room,20
2026-04-14,Tue,12:00,Art_Room,24
2026-04-14,Tue,12:30,Art_Room,19
2026-04-14,Tue,13:00,Art_Room,17
2026-04-14,Tue,13:30,Art_Room,12
2026-04-14,Tue,08:00,Music_Room,16
2026-04-14,Tue,08:30,Music_Room,11
2026-04-14,Tue,09:00,Music_Room,15
2026-04-14,Tue,09:30,Music_Room,24
2026-04-14,Tue,10:00,Music_Room,19
2026-04-14,Tue,10:30,Music_Room,23
2026-04-14,Tue,11:00,Music_Room,24
2026-04-14,Tue,11:30,Music_Room,28
2026-04-14,Tue,12:00,Music_Room,23
2026-04-14,Tue,12:30,Music_Room,27
2026-04-14,Tue,13:00,Music_Room,16
2026-04-14,Tue,13:30,Music_Room,20
2026-04-15,Wed,08:00,Library,16
2026-04-15,Wed,08:30,Library,20
2026-04-15,Wed,09:00,Library,15
2026-04-15,Wed,09:30,Library,24
2026-04-15,Wed,10:00,Library,19
2026-04-15,Wed,10:30,Library,23
2026-04-15,Wed,11:00,Library,33
2026-04-15,Wed,11:30,Library,28
2026-04-15,Wed,12:00,Library,32
2026-04-15,Wed,12:30,Library,27
2026-04-15,Wed,13:00,Library,25
2026-04-15,Wed,13:30,Library,20
2026-04-15,Wed,08:00,Gym,26
2026-04-15,Wed,08:30,Gym,21
2026-04-15,Wed,09:00,Gym,25
2026-04-15,Wed,09:30,Gym,25
2026-04-15,Wed,10:00,Gym,29
2026-04-15,Wed,10:30,Gym,33
2026-04-15,Wed,11:00,Gym,34
2026-04-15,Wed,11:30,Gym,38
2026-04-15,Wed,12:00,Gym,33
2026-04-15,Wed,12:30,Gym,37
2026-04-15,Wed,13:00,Gym,26
2026-04-15,Wed,13:30,Gym,30
2026-04-15,Wed,08:00,Computer_Room,18
2026-04-15,Wed,08:30,Computer_Room,22
2026-04-15,Wed,09:00,Computer_Room,17
2026-04-15,Wed,09:30,Computer_Room,26
2026-04-15,Wed,10:00,Computer_Room,30
2026-04-15,Wed,10:30,Computer_Room,25
2026-04-15,Wed,11:00,Computer_Room,35
2026-04-15,Wed,11:30,Computer_Room,30
2026-04-15,Wed,12:00,Computer_Room,34
2026-04-15,Wed,12:30,Computer_Room,29
2026-04-15,Wed,13:00,Computer_Room,27
2026-04-15,Wed,13:30,Computer_Room,22
2026-04-15,Wed,08:00,Science_Lab,14
2026-04-15,Wed,08:30,Science_Lab,9
2026-04-15,Wed,09:00,Science_Lab,13
2026-04-15,Wed,09:30,Science_Lab,22
2026-04-15,Wed,10:00,Science_Lab,17
2026-04-15,Wed,10:30,Science_Lab,21
2026-04-15,Wed,11:00,Science_Lab,22
2026-04-15,Wed,11:30,Science_Lab,26
2026-04-15,Wed,12:00,Science_Lab,21
2026-04-15,Wed,12:30,Science_Lab,25
2026-04-15,Wed,13:00,Science_Lab,14
2026-04-15,Wed,13:30,Science_Lab,18
2026-04-15,Wed,08:00,Art_Room,7
2026-04-15,Wed,08:30,Art_Room,11
2026-04-15,Wed,09:00,Art_Room,15
2026-04-15,Wed,09:30,Art_Room,15
2026-04-15,Wed,10:00,Art_Room,19
2026-04-15,Wed,10:30,Art_Room,14
2026-04-15,Wed,11:00,Art_Room,24
2026-04-15,Wed,11:30,Art_Room,19
2026-04-15,Wed,12:00,Art_Room,23
2026-04-15,Wed,12:30,Art_Room,18
2026-04-15,Wed,13:00,Art_Room,16
2026-04-15,Wed,13:30,Art_Room,20
2026-04-15,Wed,08:00,Music_Room,15
2026-04-15,Wed,08:30,Music_Room,19
2026-04-15,Wed,09:00,Music_Room,14
2026-04-15,Wed,09:30,Music_Room,23
2026-04-15,Wed,10:00,Music_Room,18
2026-04-15,Wed,10:30,Music_Room,22
2026-04-15,Wed,11:00,Music_Room,23
2026-04-15,Wed,11:30,Music_Room,27
2026-04-15,Wed,12:00,Music_Room,22
2026-04-15,Wed,12:30,Music_Room,26
2026-04-15,Wed,13:00,Music_Room,24
2026-04-15,Wed,13:30,Music_Room,19
2026-04-16,Thu,08:00,Library,15
2026-04-16,Thu,08:30,Library,19
2026-04-16,Thu,09:00,Library,14
2026-04-16,Thu,09:30,Library,23
2026-04-16,Thu,10:00,Library,27
2026-04-16,Thu,10:30,Library,22
2026-04-16,Thu,11:00,Library,32
2026-04-16,Thu,11:30,Library,27
2026-04-16,Thu,12:00,Library,31
2026-04-16,Thu,12:30,Library,26
2026-04-16,Thu,13:00,Library,24
2026-04-16,Thu,13:30,Library,19
2026-04-16,Thu,08:00,Gym,25
2026-04-16,Thu,08:30,Gym,20
2026-04-16,Thu,09:00,Gym,24
2026-04-16,Thu,09:30,Gym,33
2026-04-16,Thu,10:00,Gym,28
2026-04-16,Thu,10:30,Gym,32
2026-04-16,Thu,11:00,Gym,33
2026-04-16,Thu,11:30,Gym,37
2026-04-16,Thu,12:00,Gym,32
2026-04-16,Thu,12:30,Gym,36
2026-04-16,Thu,13:00,Gym,25
2026-04-16,Thu,13:30,Gym,29
2026-04-16,Thu,08:00,Computer_Room,17
2026-04-16,Thu,08:30,Computer_Room,21
2026-04-16,Thu,09:00,Computer_Room,25
2026-04-16,Thu,09:30,Computer_Room,25
2026-04-16,Thu,10:00,Computer_Room,29
2026-04-16,Thu,10:30,Computer_Room,24
2026-04-16,Thu,11:00,Computer_Room,34
2026-04-16,Thu,11:30,Computer_Room,29
2026-04-16,Thu,12:00,Computer_Room,33
2026-04-16,Thu,12:30,Computer_Room,28
2026-04-16,Thu,13:00,Computer_Room,26
2026-04-16,Thu,13:30,Computer_Room,30
2026-04-16,Thu,08:00,Science_Lab,13
2026-04-16,Thu,08:30,Science_Lab,17
2026-04-16,Thu,09:00,Science_Lab,12
2026-04-16,Thu,09:30,Science_Lab,21
2026-04-16,Thu,10:00,Science_Lab,16
2026-04-16,Thu,10:30,Science_Lab,20
2026-04-16,Thu,11:00,Science_Lab,21
2026-04-16,Thu,11:30,Science_Lab,25
2026-04-16,Thu,12:00,Science_Lab,20
2026-04-16,Thu,12:30,Science_Lab,24
2026-04-16,Thu,13:00,Science_Lab,22
2026-04-16,Thu,13:30,Science_Lab,17
2026-04-16,Thu,08:00,Art_Room,15
2026-04-16,Thu,08:30,Art_Room,10
2026-04-16,Thu,09:00,Art_Room,14
2026-04-16,Thu,09:30,Art_Room,14
2026-04-16,Thu,10:00,Art_Room,18
2026-04-16,Thu,10:30,Art_Room,13
2026-04-16,Thu,11:00,Art_Room,23
2026-04-16,Thu,11:30,Art_Room,18
2026-04-16,Thu,12:00,Art_Room,22
2026-04-16,Thu,12:30,Art_Room,26
2026-04-16,Thu,13:00,Art_Room,15
2026-04-16,Thu,13:30,Art_Room,19
2026-04-16,Thu,08:00,Music_Room,14
2026-04-16,Thu,08:30,Music_Room,18
2026-04-16,Thu,09:00,Music_Room,13
2026-04-16,Thu,09:30,Music_Room,22
2026-04-16,Thu,10:00,Music_Room,17
2026-04-16,Thu,10:30,Music_Room,21
2026-04-16,Thu,11:00,Music_Room,22
2026-04-16,Thu,11:30,Music_Room,26
2026-04-16,Thu,12:00,Music_Room,30
2026-04-16,Thu,12:30,Music_Room,25
2026-04-16,Thu,13:00,Music_Room,23
2026-04-16,Thu,13:30,Music_Room,18
2026-04-17,Fri,08:00,Library,18
2026-04-17,Fri,08:30,Library,22
2026-04-17,Fri,09:00,Library,26
2026-04-17,Fri,09:30,Library,26
2026-04-17,Fri,10:00,Library,30
2026-04-17,Fri,10:30,Library,25
2026-04-17,Fri,11:00,Library,35
2026-04-17,Fri,11:30,Library,30
2026-04-17,Fri,12:00,Library,34
2026-04-17,Fri,12:30,Library,29
2026-04-17,Fri,13:00,Library,27
2026-04-17,Fri,13:30,Library,31
2026-04-17,Fri,08:00,Gym,28
2026-04-17,Fri,08:30,Gym,32
2026-04-17,Fri,09:00,Gym,27
2026-04-17,Fri,09:30,Gym,36
2026-04-17,Fri,10:00,Gym,31
2026-04-17,Fri,10:30,Gym,35
2026-04-17,Fri,11:00,Gym,36
2026-04-17,Fri,11:30,Gym,40
2026-04-17,Fri,12:00,Gym,35
2026-04-17,Fri,12:30,Gym,39
2026-04-17,Fri,13:00,Gym,37
2026-04-17,Fri,13:30,Gym,32
2026-04-17,Fri,08:00,Computer_Room,29
2026-04-17,Fri,08:30,Computer_Room,24
2026-04-17,Fri,09:00,Computer_Room,28
2026-04-17,Fri,09:30,Computer_Room,28
2026-04-17,Fri,10:00,Computer_Room,32
2026-04-17,Fri,10:30,Computer_Room,27
2026-04-17,Fri,11:00,Computer_Room,37
2026-04-17,Fri,11:30,Computer_Room,32
2026-04-17,Fri,12:00,Computer_Room,36
2026-04-17,Fri,12:30,Computer_Room,40
2026-04-17,Fri,13:00,Computer_Room,29
2026-04-17,Fri,13:30,Computer_Room,33
2026-04-17,Fri,08:00,Science_Lab,16
2026-04-17,Fri,08:30,Science_Lab,20
2026-04-17,Fri,09:00,Science_Lab,15
2026-04-17,Fri,09:30,Science_Lab,24
2026-04-17,Fri,10:00,Science_Lab,19
2026-04-17,Fri,10:30,Science_Lab,23
2026-04-17,Fri,11:00,Science_Lab,24
2026-04-17,Fri,11:30,Science_Lab,28
2026-04-17,Fri,12:00,Science_Lab,32
2026-04-17,Fri,12:30,Science_Lab,27
2026-04-17,Fri,13:00,Science_Lab,25
2026-04-17,Fri,13:30,Science_Lab,20
2026-04-17,Fri,08:00,Art_Room,18
2026-04-17,Fri,08:30,Art_Room,13
2026-04-17,Fri,09:00,Art_Room,17
2026-04-17,Fri,09:30,Art_Room,17
2026-04-17,Fri,10:00,Art_Room,21
2026-04-17,Fri,10:30,Art_Room,16
2026-04-17,Fri,11:00,Art_Room,26
2026-04-17,Fri,11:30,Art_Room,30
2026-04-17,Fri,12:00,Art_Room,25
2026-04-17,Fri,12:30,Art_Room,29
2026-04-17,Fri,13:00,Art_Room,18
2026-04-17,Fri,13:30,Art_Room,22
2026-04-17,Fri,08:00,Music_Room,17
2026-04-17,Fri,08:30,Music_Room,21
2026-04-17,Fri,09:00,Music_Room,16
2026-04-17,Fri,09:30,Music_Room,25
2026-04-17,Fri,10:00,Music_Room,20
2026-04-17,Fri,10:30,Music_Room,24
2026-04-17,Fri,11:00,Music_Room,34
2026-04-17,Fri,11:30,Music_Room,29
2026-04-17,Fri,12:00,Music_Room,33
2026-04-17,Fri,12:30,Music_Room,28
2026-04-17,Fri,13:00,Music_Room,26
2026-04-17,Fri,13:30,Music_Room,21
2026-04-20,Mon,08:00,Library,22
2026-04-20,Mon,08:30,Library,17
2026-04-20,Mon,09:00,Library,21
2026-04-20,Mon,09:30,Library,21
2026-04-20,Mon,10:00,Library,25
2026-04-20,Mon,10:30,Library,20
2026-04-20,Mon,11:00,Library,30
2026-04-20,Mon,11:30,Library,25
2026-04-20,Mon,12:00,Library,29
2026-04-20,Mon,12:30,Library,33
2026-04-20,Mon,13:00,Library,22
2026-04-20,Mon,13:30,Library,26
2026-04-20,Mon,08:00,Gym,23
2026-04-20,Mon,08:30,Gym,27
2026-04-20,Mon,09:00,Gym,22
2026-04-20,Mon,09:30,Gym,31
2026-04-20,Mon,10:00,Gym,26
2026-04-20,Mon,10:30,Gym,30
2026-04-20,Mon,11:00,Gym,31
2026-04-20,Mon,11:30,Gym,35
2026-04-20,Mon,12:00,Gym,39
2026-04-20,Mon,12:30,Gym,34
2026-04-20,Mon,13:00,Gym,32
2026-04-20,Mon,13:30,Gym,27
2026-04-20,Mon,08:00,Computer_Room,24
2026-04-20,Mon,08:30,Computer_Room,19
2026-04-20,Mon,09:00,Computer_Room,23
2026-04-20,Mon,09:30,Computer_Room,23
2026-04-20,Mon,10:00,Computer_Room,27
2026-04-20,Mon,10:30,Computer_Room,22
2026-04-20,Mon,11:00,Computer_Room,32
2026-04-20,Mon,11:30,Computer_Room,36
2026-04-20,Mon,12:00,Computer_Room,31
2026-04-20,Mon,12:30,Computer_Room,35
2026-04-20,Mon,13:00,Computer_Room,24
2026-04-20,Mon,13:30,Computer_Room,28
2026-04-20,Mon,08:00,Science_Lab,11
2026-04-20,Mon,08:30,Science_Lab,15
2026-04-20,Mon,09:00,Science_Lab,10
2026-04-20,Mon,09:30,Science_Lab,19
2026-04-20,Mon,10:00,Science_Lab,14
2026-04-20,Mon,10:30,Science_Lab,18
2026-04-20,Mon,11:00,Science_Lab,28
2026-04-20,Mon,11:30,Science_Lab,23
2026-04-20,Mon,12:00,Science_Lab,27
2026-04-20,Mon,12:30,Science_Lab,22
2026-04-20,Mon,13:00,Science_Lab,20
2026-04-20,Mon,13:30,Science_Lab,15
2026-04-20,Mon,08:00,Art_Room,13
2026-04-20,Mon,08:30,Art_Room,8
2026-04-20,Mon,09:00,Art_Room,12
2026-04-20,Mon,09:30,Art_Room,12
2026-04-20,Mon,10:00,Art_Room,16
2026-04-20,Mon,10:30,Art_Room,20
2026-04-20,Mon,11:00,Art_Room,21
2026-04-20,Mon,11:30,Art_Room,25
2026-04-20,Mon,12:00,Art_Room,20
2026-04-20,Mon,12:30,Art_Room,24
2026-04-20,Mon,13:00,Art_Room,13
2026-04-20,Mon,13:30,Art_Room,17
2026-04-20,Mon,08:00,Music_Room,12
2026-04-20,Mon,08:30,Music_Room,16
2026-04-20,Mon,09:00,Music_Room,11
2026-04-20,Mon,09:30,Music_Room,20
2026-04-20,Mon,10:00,Music_Room,24
2026-04-20,Mon,10:30,Music_Room,19
2026-04-20,Mon,11:00,Music_Room,29
2026-04-20,Mon,11:30,Music_Room,24
2026-04-20,Mon,12:00,Music_Room,28
2026-04-20,Mon,12:30,Music_Room,23
2026-04-20,Mon,13:00,Music_Room,21
2026-04-20,Mon,13:30,Music_Room,16
2026-04-21,Tue,08:00,Library,21
2026-04-21,Tue,08:30,Library,16
2026-04-21,Tue,09:00,Library,20
2026-04-21,Tue,09:30,Library,20
2026-04-21,Tue,10:00,Library,24
2026-04-21,Tue,10:30,Library,19
2026-04-21,Tue,11:00,Library,29
2026-04-21,Tue,11:30,Library,33
2026-04-21,Tue,12:00,Library,28
2026-04-21,Tue,12:30,Library,32
2026-04-21,Tue,13:00,Library,21
2026-04-21,Tue,13:30,Library,25
2026-04-21,Tue,08:00,Gym,22
2026-04-21,Tue,08:30,Gym,26
2026-04-21,Tue,09:00,Gym,21
2026-04-21,Tue,09:30,Gym,30
2026-04-21,Tue,10:00,Gym,25
2026-04-21,Tue,10:30,Gym,29
2026-04-21,Tue,11:00,Gym,39
2026-04-21,Tue,11:30,Gym,34
2026-04-21,Tue,12:00,Gym,38
2026-04-21,Tue,12:30,Gym,33
2026-04-21,Tue,13:00,Gym,31
2026-04-21,Tue,13:30,Gym,26
2026-04-21,Tue,08:00,Computer_Room,23
2026-04-21,Tue,08:30,Computer_Room,18
2026-04-21,Tue,09:00,Computer_Room,22
2026-04-21,Tue,09:30,Computer_Room,22
2026-04-21,Tue,10:00,Computer_Room,26
2026-04-21,Tue,10:30,Computer_Room,30
2026-04-21,Tue,11:00,Computer_Room,31
2026-04-21,Tue,11:30,Computer_Room,35
2026-04-21,Tue,12:00,Computer_Room,30
2026-04-21,Tue,12:30,Computer_Room,34
2026-04-21,Tue,13:00,Computer_Room,23
2026-04-21,Tue,13:30,Computer_Room,27
2026-04-21,Tue,08:00,Science_Lab,10
2026-04-21,Tue,08:30,Science_Lab,14
2026-04-21,Tue,09:00,Science_Lab,9
2026-04-21,Tue,09:30,Science_Lab,18
2026-04-21,Tue,10:00,Science_Lab,22
2026-04-21,Tue,10:30,Science_Lab,17
2026-04-21,Tue,11:00,Science_Lab,27
2026-04-21,Tue,11:30,Science_Lab,22
2026-04-21,Tue,12:00,Science_Lab,26
2026-04-21,Tue,12:30,Science_Lab,21
2026-04-21,Tue,13:00,Science_Lab,19
2026-04-21,Tue,13:30,Science_Lab,14
2026-04-21,Tue,08:00,Art_Room,12
2026-04-21,Tue,08:30,Art_Room,7
2026-04-21,Tue,09:00,Art_Room,11
2026-04-21,Tue,09:30,Art_Room,20
2026-04-21,Tue,10:00,Art_Room,15
2026-04-21,Tue,10:30,Art_Room,19
2026-04-21,Tue,11:00,Art_Room,20
2026-04-21,Tue,11:30,Art_Room,24
2026-04-21,Tue,12:00,Art_Room,19
2026-04-21,Tue,12:30,Art_Room,23
2026-04-21,Tue,13:00,Art_Room,12
2026-04-21,Tue,13:30,Art_Room,16
2026-04-21,Tue,08:00,Music_Room,11
2026-04-21,Tue,08:30,Music_Room,15
2026-04-21,Tue,09:00,Music_Room,19
2026-04-21,Tue,09:30,Music_Room,19
2026-04-21,Tue,10:00,Music_Room,23
2026-04-21,Tue,10:30,Music_Room,18
2026-04-21,Tue,11:00,Music_Room,28
2026-04-21,Tue,11:30,Music_Room,23
2026-04-21,Tue,12:00,Music_Room,27
2026-04-21,Tue,12:30,Music_Room,22
2026-04-21,Tue,13:00,Music_Room,20
2026-04-21,Tue,13:30,Music_Room,24
2026-04-22,Wed,08:00,Library,20
2026-04-22,Wed,08:30,Library,15
2026-04-22,Wed,09:00,Library,19
2026-04-22,Wed,09:30,Library,19
2026-04-22,Wed,10:00,Library,23
2026-04-22,Wed,10:30,Library,27
2026-04-22,Wed,11:00,Library,28
2026-04-22,Wed,11:30,Library,32
2026-04-22,Wed,12:00,Library,27
2026-04-22,Wed,12:30,Library,31
2026-04-22,Wed,13:00,Library,20
2026-04-22,Wed,13:30,Library,24
2026-04-22,Wed,08:00,Gym,21
2026-04-22,Wed,08:30,Gym,25
2026-04-22,Wed,09:00,Gym,20
2026-04-22,Wed,09:30,Gym,29
2026-04-22,Wed,10:00,Gym,33
2026-04-22,Wed,10:30,Gym,28
2026-04-22,Wed,11:00,Gym,38
2026-04-22,Wed,11:30,Gym,33
2026-04-22,Wed,12:00,Gym,37
2026-04-22,Wed,12:30,Gym,32
2026-04-22,Wed,13:00,Gym,30
2026-04-22,Wed,13:30,Gym,25
2026-04-22,Wed,08:00,Computer_Room,22
2026-04-22,Wed,08:30,Computer_Room,17
2026-04-22,Wed,09:00,Computer_Room,21
2026-04-22,Wed,09:30,Computer_Room,30
2026-04-22,Wed,10:00,Computer_Room,25
2026-04-22,Wed,10:30,Computer_Room,29
2026-04-22,Wed,11:00,Computer_Room,30
2026-04-22,Wed,11:30,Computer_Room,34
2026-04-22,Wed,12:00,Computer_Room,29
2026-04-22,Wed,12:30,Computer_Room,33
2026-04-22,Wed,13:00,Computer_Room,22
2026-04-22,Wed,13:30,Computer_Room,26
2026-04-22,Wed,08:00,Science_Lab,9
2026-04-22,Wed,08:30,Science_Lab,13
2026-04-22,Wed,09:00,Science_Lab,17
2026-04-22,Wed,09:30,Science_Lab,17
2026-04-22,Wed,10:00,Science_Lab,21
2026-04-22,Wed,10:30,Science_Lab,16
2026-04-22,Wed,11:00,Science_Lab,26
2026-04-22,Wed,11:30,Science_Lab,21
2026-04-22,Wed,12:00,Science_Lab,25
2026-04-22,Wed,12:30,Science_Lab,20
2026-04-22,Wed,13:00,Science_Lab,18
2026-04-22,Wed,13:30,Science_Lab,22
2026-04-22,Wed,08:00,Art_Room,11
2026-04-22,Wed,08:30,Art_Room,15
2026-04-22,Wed,09:00,Art_Room,10
2026-04-22,Wed,09:30,Art_Room,19
2026-04-22,Wed,10:00,Art_Room,14
2026-04-22,Wed,10:30,Art_Room,18
2026-04-22,Wed,11:00,Art_Room,19
2026-04-22,Wed,11:30,Art_Room,23
2026-04-22,Wed,12:00,Art_Room,18
2026-04-22,Wed,12:30,Art_Room,22
2026-04-22,Wed,13:00,Art_Room,20
2026-04-22,Wed,13:30,Art_Room,15
2026-04-22,Wed,08:00,Music_Room,19
2026-04-22,Wed,08:30,Music_Room,14
2026-04-22,Wed,09:00,Music_Room,18
2026-04-22,Wed,09:30,Music_Room,18
2026-04-22,Wed,10:00,Music_Room,22
2026-04-22,Wed,10:30,Music_Room,17
2026-04-22,Wed,11:00,Music_Room,27
2026-04-22,Wed,11:30,Music_Room,22
2026-04-22,Wed,12:00,Music_Room,26
2026-04-22,Wed,12:30,Music_Room,30
2026-04-22,Wed,13:00,Music_Room,19
2026-04-22,Wed,13:30,Music_Room,23
2026-04-23,Thu,08:00,Library,19
2026-04-23,Thu,08:30,Library,14
2026-04-23,Thu,09:00,Library,18
2026-04-23,Thu,09:30,Library,27
2026-04-23,Thu,10:00,Library,22
2026-04-23,Thu,10:30,Library,26
2026-04-23,Thu,11:00,Library,27
2026-04-23,Thu,11:30,Library,31
2026-04-23,Thu,12:00,Library,26
2026-04-23,Thu,12:30,Library,30
2026-04-23,Thu,13:00,Library,19
2026-04-23,Thu,13:30,Library,23
2026-04-23,Thu,08:00,Gym,20
2026-04-23,Thu,08:30,Gym,24
2026-04-23,Thu,09:00,Gym,28
2026-04-23,Thu,09:30,Gym,28
2026-04-23,Thu,10:00,Gym,32
2026-04-23,Thu,10:30,Gym,27
2026-04-23,Thu,11:00,Gym,37
2026-04-23,Thu,11:30,Gym,32
2026-04-23,Thu,12:00,Gym,36
2026-04-23,Thu,12:30,Gym,31
2026-04-23,Thu,13:00,Gym,29
2026-04-23,Thu,13:30,Gym,33
2026-04-23,Thu,08:00,Computer_Room,21
2026-04-23,Thu,08:30,Computer_Room,25
2026-04-23,Thu,09:00,Computer_Room,20
2026-04-23,Thu,09:30,Computer_Room,29
2026-04-23,Thu,10:00,Computer_Room,24
2026-04-23,Thu,10:30,Computer_Room,28
2026-04-23,Thu,11:00,Computer_Room,29
2026-04-23,Thu,11:30,Computer_Room,33
2026-04-23,Thu,12:00,Computer_Room,28
2026-04-23,Thu,12:30,Computer_Room,32
2026-04-23,Thu,13:00,Computer_Room,30
2026-04-23,Thu,13:30,Computer_Room,25
2026-04-23,Thu,08:00,Science_Lab,17
2026-04-23,Thu,08:30,Science_Lab,12
2026-04-23,Thu,09:00,Science_Lab,16
2026-04-23,Thu,09:30,Science_Lab,16
2026-04-23,Thu,10:00,Science_Lab,20
2026-04-23,Thu,10:30,Science_Lab,15
2026-04-23,Thu,11:00,Science_Lab,25
2026-04-23,Thu,11:30,Science_Lab,20
2026-04-23,Thu,12:00,Science_Lab,24
2026-04-23,Thu,12:30,Science_Lab,28
2026-04-23,Thu,13:00,Science_Lab,17
2026-04-23,Thu,13:30,Science_Lab,21
2026-04-23,Thu,08:00,Art_Room,10
2026-04-23,Thu,08:30,Art_Room,14
2026-04-23,Thu,09:00,Art_Room,9
2026-04-23,Thu,09:30,Art_Room,18
2026-04-23,Thu,10:00,Art_Room,13
2026-04-23,Thu,10:30,Art_Room,17
2026-04-23,Thu,11:00,Art_Room,18
2026-04-23,Thu,11:30,Art_Room,22
2026-04-23,Thu,12:00,Art_Room,26
2026-04-23,Thu,12:30,Art_Room,21
2026-04-23,Thu,13:00,Art_Room,19
2026-04-23,Thu,13:30,Art_Room,14
2026-04-23,Thu,08:00,Music_Room,18
2026-04-23,Thu,08:30,Music_Room,13
2026-04-23,Thu,09:00,Music_Room,17
2026-04-23,Thu,09:30,Music_Room,17
2026-04-23,Thu,10:00,Music_Room,21
2026-04-23,Thu,10:30,Music_Room,16
2026-04-23,Thu,11:00,Music_Room,26
2026-04-23,Thu,11:30,Music_Room,30
2026-04-23,Thu,12:00,Music_Room,25
2026-04-23,Thu,12:30,Music_Room,29
2026-04-23,Thu,13:00,Music_Room,18
2026-04-23,Thu,13:30,Music_Room,22
2026-04-24,Fri,08:00,Library,22
2026-04-24,Fri,08:30,Library,26
2026-04-24,Fri,09:00,Library,21
2026-04-24,Fri,09:30,Library,30
2026-04-24,Fri,10:00,Library,25
2026-04-24,Fri,10:30,Library,29
2026-04-24,Fri,11:00,Library,30
2026-04-24,Fri,11:30,Library,34
2026-04-24,Fri,12:00,Library,29
2026-04-24,Fri,12:30,Library,33
2026-04-24,Fri,13:00,Library,31
2026-04-24,Fri,13:30,Library,26
2026-04-24,Fri,08:00,Gym,32
2026-04-24,Fri,08:30,Gym,27
2026-04-24,Fri,09:00,Gym,31
2026-04-24,Fri,09:30,Gym,31
2026-04-24,Fri,10:00,Gym,35
2026-04-24,Fri,10:30,Gym,30
2026-04-24,Fri,11:00,Gym,40
2026-04-24,Fri,11:30,Gym,35
2026-04-24,Fri,12:00,Gym,39
2026-04-24,Fri,12:30,Gym,43
2026-04-24,Fri,13:00,Gym,32
2026-04-24,Fri,13:30,Gym,36
2026-04-24,Fri,08:00,Computer_Room,24
2026-04-24,Fri,08:30,Computer_Room,28
2026-04-24,Fri,09:00,Computer_Room,23
2026-04-24,Fri,09:30,Computer_Room,32
2026-04-24,Fri,10:00,Computer_Room,27
2026-04-24,Fri,10:30,Computer_Room,31
2026-04-24,Fri,11:00,Computer_Room,32
2026-04-24,Fri,11:30,Computer_Room,36
2026-04-24,Fri,12:00,Computer_Room,40
2026-04-24,Fri,12:30,Computer_Room,35
2026-04-24,Fri,13:00,Computer_Room,33
2026-04-24,Fri,13:30,Computer_Room,28
2026-04-24,Fri,08:00,Science_Lab,20
2026-04-24,Fri,08:30,Science_Lab,15
2026-04-24,Fri,09:00,Science_Lab,19
2026-04-24,Fri,09:30,Science_Lab,19
2026-04-24,Fri,10:00,Science_Lab,23
2026-04-24,Fri,10:30,Science_Lab,18
2026-04-24,Fri,11:00,Science_Lab,28
2026-04-24,Fri,11:30,Science_Lab,32
2026-04-24,Fri,12:00,Science_Lab,27
2026-04-24,Fri,12:30,Science_Lab,31
2026-04-24,Fri,13:00,Science_Lab,20
2026-04-24,Fri,13:30,Science_Lab,24
2026-04-24,Fri,08:00,Art_Room,13
2026-04-24,Fri,08:30,Art_Room,17
2026-04-24,Fri,09:00,Art_Room,12
2026-04-24,Fri,09:30,Art_Room,21
2026-04-24,Fri,10:00,Art_Room,16
2026-04-24,Fri,10:30,Art_Room,20
2026-04-24,Fri,11:00,Art_Room,30
2026-04-24,Fri,11:30,Art_Room,25
2026-04-24,Fri,12:00,Art_Room,29
2026-04-24,Fri,12:30,Art_Room,24
2026-04-24,Fri,13:00,Art_Room,22
2026-04-24,Fri,13:30,Art_Room,17
2026-04-24,Fri,08:00,Music_Room,21
2026-04-24,Fri,08:30,Music_Room,16
2026-04-24,Fri,09:00,Music_Room,20
2026-04-24,Fri,09:30,Music_Room,20
2026-04-24,Fri,10:00,Music_Room,24
2026-04-24,Fri,10:30,Music_Room,28
2026-04-24,Fri,11:00,Music_Room,29
2026-04-24,Fri,11:30,Music_Room,33
2026-04-24,Fri,12:00,Music_Room,28
2026-04-24,Fri,12:30,Music_Room,32
2026-04-24,Fri,13:00,Music_Room,21
2026-04-24,Fri,13:30,Music_Room,25
2026-04-27,Mon,08:00,Library,17
2026-04-27,Mon,08:30,Library,21
2026-04-27,Mon,09:00,Library,16
2026-04-27,Mon,09:30,Library,25
2026-04-27,Mon,10:00,Library,20
2026-04-27,Mon,10:30,Library,24
2026-04-27,Mon,11:00,Library,25
2026-04-27,Mon,11:30,Library,29
2026-04-27,Mon,12:00,Library,33
2026-04-27,Mon,12:30,Library,28
2026-04-27,Mon,13:00,Library,26
2026-04-27,Mon,13:30,Library,21
2026-04-27,Mon,08:00,Gym,27
2026-04-27,Mon,08:30,Gym,22
2026-04-27,Mon,09:00,Gym,26
2026-04-27,Mon,09:30,Gym,26
2026-04-27,Mon,10:00,Gym,30
2026-04-27,Mon,10:30,Gym,25
2026-04-27,Mon,11:00,Gym,35
2026-04-27,Mon,11:30,Gym,39
2026-04-27,Mon,12:00,Gym,34
2026-04-27,Mon,12:30,Gym,38
2026-04-27,Mon,13:00,Gym,27
2026-04-27,Mon,13:30,Gym,31
2026-04-27,Mon,08:00,Computer_Room,19
2026-04-27,Mon,08:30,Computer_Room,23
2026-04-27,Mon,09:00,Computer_Room,18
2026-04-27,Mon,09:30,Computer_Room,27
2026-04-27,Mon,10:00,Computer_Room,22
2026-04-27,Mon,10:30,Computer_Room,26
2026-04-27,Mon,11:00,Computer_Room,36
2026-04-27,Mon,11:30,Computer_Room,31
2026-04-27,Mon,12:00,Computer_Room,35
2026-04-27,Mon,12:30,Computer_Room,30
2026-04-27,Mon,13:00,Computer_Room,28
2026-04-27,Mon,13:30,Computer_Room,23
2026-04-27,Mon,08:00,Science_Lab,15
2026-04-27,Mon,08:30,Science_Lab,10
2026-04-27,Mon,09:00,Science_Lab,14
2026-04-27,Mon,09:30,Science_Lab,14
2026-04-27,Mon,10:00,Science_Lab,18
2026-04-27,Mon,10:30,Science_Lab,22
2026-04-27,Mon,11:00,Science_Lab,23
2026-04-27,Mon,11:30,Science_Lab,27
2026-04-27,Mon,12:00,Science_Lab,22
2026-04-27,Mon,12:30,Science_Lab,26
2026-04-27,Mon,13:00,Science_Lab,15
2026-04-27,Mon,13:30,Science_Lab,19
2026-04-27,Mon,08:00,Art_Room,8
2026-04-27,Mon,08:30,Art_Room,12
2026-04-27,Mon,09:00,Art_Room,7
2026-04-27,Mon,09:30,Art_Room,16
2026-04-27,Mon,10:00,Art_Room,20
2026-04-27,Mon,10:30,Art_Room,15
2026-04-27,Mon,11:00,Art_Room,25
2026-04-27,Mon,11:30,Art_Room,20
2026-04-27,Mon,12:00,Art_Room,24
2026-04-27,Mon,12:30,Art_Room,19
2026-04-27,Mon,13:00,Art_Room,17
2026-04-27,Mon,13:30,Art_Room,12
2026-04-27,Mon,08:00,Music_Room,16
2026-04-27,Mon,08:30,Music_Room,11
2026-04-27,Mon,09:00,Music_Room,15
2026-04-27,Mon,09:30,Music_Room,24
2026-04-27,Mon,10:00,Music_Room,19
2026-04-27,Mon,10:30,Music_Room,23
2026-04-27,Mon,11:00,Music_Room,24
2026-04-27,Mon,11:30,Music_Room,28
2026-04-27,Mon,12:00,Music_Room,23
2026-04-27,Mon,12:30,Music_Room,27
2026-04-27,Mon,13:00,Music_Room,16
2026-04-27,Mon,13:30,Music_Room,20
2026-04-28,Tue,08:00,Library,16
2026-04-28,Tue,08:30,Library,20
2026-04-28,Tue,09:00,Library,15
2026-04-28,Tue,09:30,Library,24
2026-04-28,Tue,10:00,Library,19
2026-04-28,Tue,10:30,Library,23
2026-04-28,Tue,11:00,Library,33
2026-04-28,Tue,11:30,Library,28
2026-04-28,Tue,12:00,Library,32
2026-04-28,Tue,12:30,Library,27
2026-04-28,Tue,13:00,Library,25
2026-04-28,Tue,13:30,Library,20
2026-04-28,Tue,08:00,Gym,26
2026-04-28,Tue,08:30,Gym,21
2026-04-28,Tue,09:00,Gym,25
2026-04-28,Tue,09:30,Gym,25
2026-04-28,Tue,10:00,Gym,29
2026-04-28,Tue,10:30,Gym,33
2026-04-28,Tue,11:00,Gym,34
2026-04-28,Tue,11:30,Gym,38
2026-04-28,Tue,12:00,Gym,33
2026-04-28,Tue,12:30,Gym,37
2026-04-28,Tue,13:00,Gym,26
2026-04-28,Tue,13:30,Gym,30
2026-04-28,Tue,08:00,Computer_Room,18
2026-04-28,Tue,08:30,Computer_Room,22
2026-04-28,Tue,09:00,Computer_Room,17
2026-04-28,Tue,09:30,Computer_Room,26
2026-04-28,Tue,10:00,Computer_Room,30
2026-04-28,Tue,10:30,Computer_Room,25
2026-04-28,Tue,11:00,Computer_Room,35
2026-04-28,Tue,11:30,Computer_Room,30
2026-04-28,Tue,12:00,Computer_Room,34
2026-04-28,Tue,12:30,Computer_Room,29
2026-04-28,Tue,13:00,Computer_Room,27
2026-04-28,Tue,13:30,Computer_Room,22
2026-04-28,Tue,08:00,Science_Lab,14
2026-04-28,Tue,08:30,Science_Lab,9
2026-04-28,Tue,09:00,Science_Lab,13
2026-04-28,Tue,09:30,Science_Lab,22
2026-04-28,Tue,10:00,Science_Lab,17
2026-04-28,Tue,10:30,Science_Lab,21
2026-04-28,Tue,11:00,Science_Lab,22
2026-04-28,Tue,11:30,Science_Lab,26
2026-04-28,Tue,12:00,Science_Lab,21
2026-04-28,Tue,12:30,Science_Lab,25
2026-04-28,Tue,13:00,Science_Lab,14
2026-04-28,Tue,13:30,Science_Lab,18
2026-04-28,Tue,08:00,Art_Room,7
2026-04-28,Tue,08:30,Art_Room,11
2026-04-28,Tue,09:00,Art_Room,15
2026-04-28,Tue,09:30,Art_Room,15
2026-04-28,Tue,10:00,Art_Room,19
2026-04-28,Tue,10:30,Art_Room,14
2026-04-28,Tue,11:00,Art_Room,24
2026-04-28,Tue,11:30,Art_Room,19
2026-04-28,Tue,12:00,Art_Room,23
2026-04-28,Tue,12:30,Art_Room,18
2026-04-28,Tue,13:00,Art_Room,16
2026-04-28,Tue,13:30,Art_Room,20
2026-04-28,Tue,08:00,Music_Room,15
2026-04-28,Tue,08:30,Music_Room,19
2026-04-28,Tue,09:00,Music_Room,14
2026-04-28,Tue,09:30,Music_Room,23
2026-04-28,Tue,10:00,Music_Room,18
2026-04-28,Tue,10:30,Music_Room,22
2026-04-28,Tue,11:00,Music_Room,23
2026-04-28,Tue,11:30,Music_Room,27
2026-04-28,Tue,12:00,Music_Room,22
2026-04-28,Tue,12:30,Music_Room,26
2026-04-28,Tue,13:00,Music_Room,24
2026-04-28,Tue,13:30,Music_Room,19
2026-04-29,Wed,08:00,Library,15
2026-04-29,Wed,08:30,Library,19
2026-04-29,Wed,09:00,Library,14
2026-04-29,Wed,09:30,Library,23
2026-04-29,Wed,10:00,Library,27
2026-04-29,Wed,10:30,Library,22
2026-04-29,Wed,11:00,Library,32
2026-04-29,Wed,11:30,Library,27
2026-04-29,Wed,12:00,Library,31
2026-04-29,Wed,12:30,Library,26
2026-04-29,Wed,13:00,Library,24
2026-04-29,Wed,13:30,Library,19
2026-04-29,Wed,08:00,Gym,25
2026-04-29,Wed,08:30,Gym,20
2026-04-29,Wed,09:00,Gym,24
2026-04-29,Wed,09:30,Gym,33
2026-04-29,Wed,10:00,Gym,28
2026-04-29,Wed,10:30,Gym,32
2026-04-29,Wed,11:00,Gym,33
2026-04-29,Wed,11:30,Gym,37
2026-04-29,Wed,12:00,Gym,32
2026-04-29,Wed,12:30,Gym,36
2026-04-29,Wed,13:00,Gym,25
2026-04-29,Wed,13:30,Gym,29
2026-04-29,Wed,08:00,Computer_Room,17
2026-04-29,Wed,08:30,Computer_Room,21
2026-04-29,Wed,09:00,Computer_Room,25
2026-04-29,Wed,09:30,Computer_Room,25
2026-04-29,Wed,10:00,Computer_Room,29
2026-04-29,Wed,10:30,Computer_Room,24
2026-04-29,Wed,11:00,Computer_Room,34
2026-04-29,Wed,11:30,Computer_Room,29
2026-04-29,Wed,12:00,Computer_Room,33
2026-04-29,Wed,12:30,Computer_Room,28
2026-04-29,Wed,13:00,Computer_Room,26
2026-04-29,Wed,13:30,Computer_Room,30
2026-04-29,Wed,08:00,Science_Lab,13
2026-04-29,Wed,08:30,Science_Lab,17
2026-04-29,Wed,09:00,Science_Lab,12
2026-04-29,Wed,09:30,Science_Lab,21
2026-04-29,Wed,10:00,Science_Lab,16
2026-04-29,Wed,10:30,Science_Lab,20
2026-04-29,Wed,11:00,Science_Lab,21
2026-04-29,Wed,11:30,Science_Lab,25
2026-04-29,Wed,12:00,Science_Lab,20
2026-04-29,Wed,12:30,Science_Lab,24
2026-04-29,Wed,13:00,Science_Lab,22
2026-04-29,Wed,13:30,Science_Lab,17
2026-04-29,Wed,08:00,Art_Room,15
2026-04-29,Wed,08:30,Art_Room,10
2026-04-29,Wed,09:00,Art_Room,14
2026-04-29,Wed,09:30,Art_Room,14
2026-04-29,Wed,10:00,Art_Room,18
2026-04-29,Wed,10:30,Art_Room,13
2026-04-29,Wed,11:00,Art_Room,23
2026-04-29,Wed,11:30,Art_Room,18
2026-04-29,Wed,12:00,Art_Room,22
2026-04-29,Wed,12:30,Art_Room,26
2026-04-29,Wed,13:00,Art_Room,15
2026-04-29,Wed,13:30,Art_Room,19
2026-04-29,Wed,08:00,Music_Room,14
2026-04-29,Wed,08:30,Music_Room,18
2026-04-29,Wed,09:00,Music_Room,13
2026-04-29,Wed,09:30,Music_Room,22
2026-04-29,Wed,10:00,Music_Room,17
2026-04-29,Wed,10:30,Music_Room,21
2026-04-29,Wed,11:00,Music_Room,22
2026-04-29,Wed,11:30,Music_Room,26
2026-04-29,Wed,12:00,Music_Room,30
2026-04-29,Wed,12:30,Music_Room,25
2026-04-29,Wed,13:00,Music_Room,23
2026-04-29,Wed,13:30,Music_Room,18
2026-04-30,Thu,08:00,Library,14
2026-04-30,Thu,08:30,Library,18
2026-04-30,Thu,09:00,Library,22
2026-04-30,Thu,09:30,Library,22
2026-04-30,Thu,10:00,Library,26
2026-04-30,Thu,10:30,Library,21
2026-04-30,Thu,11:00,Library,31
2026-04-30,Thu,11:30,Library,26
2026-04-30,Thu,12:00,Library,30
2026-04-30,Thu,12:30,Library,25
2026-04-30,Thu,13:00,Library,23
2026-04-30,Thu,13:30,Library,27
2026-04-30,Thu,08:00,Gym,24
2026-04-30,Thu,08:30,Gym,28
2026-04-30,Thu,09:00,Gym,23
2026-04-30,Thu,09:30,Gym,32
2026-04-30,Thu,10:00,Gym,27
2026-04-30,Thu,10:30,Gym,31
2026-04-30,Thu,11:00,Gym,32
2026-04-30,Thu,11:30,Gym,36
2026-04-30,Thu,12:00,Gym,31
2026-04-30,Thu,12:30,Gym,35
2026-04-30,Thu,13:00,Gym,33
2026-04-30,Thu,13:30,Gym,28
2026-04-30,Thu,08:00,Computer_Room,25
2026-04-30,Thu,08:30,Computer_Room,20
2026-04-30,Thu,09:00,Computer_Room,24
2026-04-30,Thu,09:30,Computer_Room,24
2026-04-30,Thu,10:00,Computer_Room,28
2026-04-30,Thu,10:30,Computer_Room,23
2026-04-30,Thu,11:00,Computer_Room,33
2026-04-30,Thu,11:30,Computer_Room,28
2026-04-30,Thu,12:00,Computer_Room,32
2026-04-30,Thu,12:30,Computer_Room,36
2026-04-30,Thu,13:00,Computer_Room,25
2026-04-30,Thu,13:30,Computer_Room,29
2026-04-30,Thu,08:00,Science_Lab,12
2026-04-30,Thu,08:30,Science_Lab,16
2026-04-30,Thu,09:00,Science_Lab,11
2026-04-30,Thu,09:30,Science_Lab,20
2026-04-30,Thu,10:00,Science_Lab,15
2026-04-30,Thu,10:30,Science_Lab,19
2026-04-30,Thu,11:00,Science_Lab,20
2026-04-30,Thu,11:30,Science_Lab,24
2026-04-30,Thu,12:00,Science_Lab,28
2026-04-30,Thu,12:30,Science_Lab,23
2026-04-30,Thu,13:00,Science_Lab,21
2026-04-30,Thu,13:30,Science_Lab,16
2026-04-30,Thu,08:00,Art_Room,14
2026-04-30,Thu,08:30,Art_Room,9
2026-04-30,Thu,09:00,Art_Room,13
2026-04-30,Thu,09:30,Art_Room,13
2026-04-30,Thu,10:00,Art_Room,17
2026-04-30,Thu,10:30,Art_Room,12
2026-04-30,Thu,11:00,Art_Room,22
2026-04-30,Thu,11:30,Art_Room,26
2026-04-30,Thu,12:00,Art_Room,21
2026-04-30,Thu,12:30,Art_Room,25
2026-04-30,Thu,13:00,Art_Room,14
2026-04-30,Thu,13:30,Art_Room,18
2026-04-30,Thu,08:00,Music_Room,13
2026-04-30,Thu,08:30,Music_Room,17
2026-04-30,Thu,09:00,Music_Room,12
2026-04-30,Thu,09:30,Music_Room,21
2026-04-30,Thu,10:00,Music_Room,16
2026-04-30,Thu,10:30,Music_Room,20
2026-04-30,Thu,11:00,Music_Room,30
2026-04-30,Thu,11:30,Music_Room,25
2026-04-30,Thu,12:00,Music_Room,29
2026-04-30,Thu,12:30,Music_Room,24
2026-04-30,Thu,13:00,Music_Room,22
2026-04-30,Thu,13:30,Music_Room,17
2026-05-01,Fri,08:00,Library,26
2026-05-01,Fri,08:30,Library,21
2026-05-01,Fri,09:00,Library,25
2026-05-01,Fri,09:30,Library,25
2026-05-01,Fri,10:00,Library,29
2026-05-01,Fri,10:30,Library,24
2026-05-01,Fri,11:00,Library,34
2026-05-01,Fri,11:30,Library,29
2026-05-01,Fri,12:00,Library,33
2026-05-01,Fri,12:30,Library,37
2026-05-01,Fri,13:00,Library,26
2026-05-01,Fri,13:30,Library,30
2026-05-01,Fri,08:00,Gym,27
2026-05-01,Fri,08:30,Gym,31
2026-05-01,Fri,09:00,Gym,26
2026-05-01,Fri,09:30,Gym,35
2026-05-01,Fri,10:00,Gym,30
2026-05-01,Fri,10:30,Gym,34
2026-05-01,Fri,11:00,Gym,35
2026-05-01,Fri,11:30,Gym,39
2026-05-01,Fri,12:00,Gym,43
2026-05-01,Fri,12:30,Gym,38
2026-05-01,Fri,13:00,Gym,36
2026-05-01,Fri,13:30,Gym,31
2026-05-01,Fri,08:00,Computer_Room,28
2026-05-01,Fri,08:30,Computer_Room,23
2026-05-01,Fri,09:00,Computer_Room,27
2026-05-01,Fri,09:30,Computer_Room,27
2026-05-01,Fri,10:00,Computer_Room,31
2026-05-01,Fri,10:30,Computer_Room,26
2026-05-01,Fri,11:00,Computer_Room,36
2026-05-01,Fri,11:30,Computer_Room,40
2026-05-01,Fri,12:00,Computer_Room,35
2026-05-01,Fri,12:30,Computer_Room,39
2026-05-01,Fri,13:00,Computer_Room,28
2026-05-01,Fri,13:30,Computer_Room,32
2026-05-01,Fri,08:00,Science_Lab,15
2026-05-01,Fri,08:30,Science_Lab,19
2026-05-01,Fri,09:00,Science_Lab,14
2026-05-01,Fri,09:30,Science_Lab,23
2026-05-01,Fri,10:00,Science_Lab,18
2026-05-01,Fri,10:30,Science_Lab,22
2026-05-01,Fri,11:00,Science_Lab,32
2026-05-01,Fri,11:30,Science_Lab,27
2026-05-01,Fri,12:00,Science_Lab,31
2026-05-01,Fri,12:30,Science_Lab,26
2026-05-01,Fri,13:00,Science_Lab,24
2026-05-01,Fri,13:30,Science_Lab,19
2026-05-01,Fri,08:00,Art_Room,17
2026-05-01,Fri,08:30,Art_Room,12
2026-05-01,Fri,09:00,Art_Room,16
2026-05-01,Fri,09:30,Art_Room,16
2026-05-01,Fri,10:00,Art_Room,20
2026-05-01,Fri,10:30,Art_Room,24
2026-05-01,Fri,11:00,Art_Room,25
2026-05-01,Fri,11:30,Art_Room,29
2026-05-01,Fri,12:00,Art_Room,24
2026-05-01,Fri,12:30,Art_Room,28
2026-05-01,Fri,13:00,Art_Room,17
2026-05-01,Fri,13:30,Art_Room,21
2026-05-01,Fri,08:00,Music_Room,16
2026-05-01,Fri,08:30,Music_Room,20
2026-05-01,Fri,09:00,Music_Room,15
2026-05-01,Fri,09:30,Music_Room,24
2026-05-01,Fri,10:00,Music_Room,28
2026-05-01,Fri,10:30,Music_Room,23
2026-05-01,Fri,11:00,Music_Room,33
2026-05-01,Fri,11:30,Music_Room,28
2026-05-01,Fri,12:00,Music_Room,32
2026-05-01,Fri,12:30,Music_Room,27
2026-05-01,Fri,13:00,Music_Room,25
2026-05-01,Fri,13:30,Music_Room,20
2026-05-04,Mon,08:00,Library,21
2026-05-04,Mon,08:30,Library,16
2026-05-04,Mon,09:00,Library,20
2026-05-04,Mon,09:30,Library,20
2026-05-04,Mon,10:00,Library,24
2026-05-04,Mon,10:30,Library,19
2026-05-04,Mon,11:00,Library,29
2026-05-04,Mon,11:30,Library,33
2026-05-04,Mon,12:00,Library,28
2026-05-04,Mon,12:30,Library,32
2026-05-04,Mon,13:00,Library,21
2026-05-04,Mon,13:30,Library,25
2026-05-04,Mon,08:00,Gym,22
2026-05-04,Mon,08:30,Gym,26
2026-05-04,Mon,09:00,Gym,21
2026-05-04,Mon,09:30,Gym,30
2026-05-04,Mon,10:00,Gym,25
2026-05-04,Mon,10:30,Gym,29
2026-05-04,Mon,11:00,Gym,39
2026-05-04,Mon,11:30,Gym,34
2026-05-04,Mon,12:00,Gym,38
2026-05-04,Mon,12:30,Gym,33
2026-05-04,Mon,13:00,Gym,31
2026-05-04,Mon,13:30,Gym,26
2026-05-04,Mon,08:00,Computer_Room,23
2026-05-04,Mon,08:30,Computer_Room,18
2026-05-04,Mon,09:00,Computer_Room,22
2026-05-04,Mon,09:30,Computer_Room,22
2026-05-04,Mon,10:00,Computer_Room,26
2026-05-04,Mon,10:30,Computer_Room,30
2026-05-04,Mon,11:00,Computer_Room,31
2026-05-04,Mon,11:30,Computer_Room,35
2026-05-04,Mon,12:00,Computer_Room,30
2026-05-04,Mon,12:30,Computer_Room,34
2026-05-04,Mon,13:00,Computer_Room,23
2026-05-04,Mon,13:30,Computer_Room,27
2026-05-04,Mon,08:00,Science_Lab,10
2026-05-04,Mon,08:30,Science_Lab,14
2026-05-04,Mon,09:00,Science_Lab,9
2026-05-04,Mon,09:30,Science_Lab,18
2026-05-04,Mon,10:00,Science_Lab,22
2026-05-04,Mon,10:30,Science_Lab,17
2026-05-04,Mon,11:00,Science_Lab,27
2026-05-04,Mon,11:30,Science_Lab,22
2026-05-04,Mon,12:00,Science_Lab,26
2026-05-04,Mon,12:30,Science_Lab,21
2026-05-04,Mon,13:00,Science_Lab,19
2026-05-04,Mon,13:30,Science_Lab,14
2026-05-04,Mon,08:00,Art_Room,12
2026-05-04,Mon,08:30,Art_Room,7
2026-05-04,Mon,09:00,Art_Room,11
2026-05-04,Mon,09:30,Art_Room,20
2026-05-04,Mon,10:00,Art_Room,15
2026-05-04,Mon,10:30,Art_Room,19
2026-05-04,Mon,11:00,Art_Room,20
2026-05-04,Mon,11:30,Art_Room,24
2026-05-04,Mon,12:00,Art_Room,19
2026-05-04,Mon,12:30,Art_Room,23
2026-05-04,Mon,13:00,Art_Room,12
2026-05-04,Mon,13:30,Art_Room,16
2026-05-04,Mon,08:00,Music_Room,11
2026-05-04,Mon,08:30,Music_Room,15
2026-05-04,Mon,09:00,Music_Room,19
2026-05-04,Mon,09:30,Music_Room,19
2026-05-04,Mon,10:00,Music_Room,23
2026-05-04,Mon,10:30,Music_Room,18
2026-05-04,Mon,11:00,Music_Room,28
2026-05-04,Mon,11:30,Music_Room,23
2026-05-04,Mon,12:00,Music_Room,27
2026-05-04,Mon,12:30,Music_Room,22
2026-05-04,Mon,13:00,Music_Room,20
2026-05-04,Mon,13:30,Music_Room,24
2026-05-05,Tue,08:00,Library,20
2026-05-05,Tue,08:30,Library,15
2026-05-05,Tue,09:00,Library,19
2026-05-05,Tue,09:30,Library,19
2026-05-05,Tue,10:00,Library,23
2026-05-05,Tue,10:30,Library,27
2026-05-05,Tue,11:00,Library,28
2026-05-05,Tue,11:30,Library,32
2026-05-05,Tue,12:00,Library,27
2026-05-05,Tue,12:30,Library,31
2026-05-05,Tue,13:00,Library,20
2026-05-05,Tue,13:30,Library,24
2026-05-05,Tue,08:00,Gym,21
2026-05-05,Tue,08:30,Gym,25
2026-05-05,Tue,09:00,Gym,20
2026-05-05,Tue,09:30,Gym,29
2026-05-05,Tue,10:00,Gym,33
2026-05-05,Tue,10:30,Gym,28
2026-05-05,Tue,11:00,Gym,38
2026-05-05,Tue,11:30,Gym,33
2026-05-05,Tue,12:00,Gym,37
2026-05-05,Tue,12:30,Gym,32
2026-05-05,Tue,13:00,Gym,30
2026-05-05,Tue,13:30,Gym,25
2026-05-05,Tue,08:00,Computer_Room,22
2026-05-05,Tue,08:30,Computer_Room,17
2026-05-05,Tue,09:00,Computer_Room,21
2026-05-05,Tue,09:30,Computer_Room,30
2026-05-05,Tue,10:00,Computer_Room,25
2026-05-05,Tue,10:30,Computer_Room,29
2026-05-05,Tue,11:00,Computer_Room,30
2026-05-05,Tue,11:30,Computer_Room,34
2026-05-05,Tue,12:00,Computer_Room,29
2026-05-05,Tue,12:30,Computer_Room,33
2026-05-05,Tue,13:00,Computer_Room,22
2026-05-05,Tue,13:30,Computer_Room,26
2026-05-05,Tue,08:00,Science_Lab,9
2026-05-05,Tue,08:30,Science_Lab,13
2026-05-05,Tue,09:00,Science_Lab,17
2026-05-05,Tue,09:30,Science_Lab,17
2026-05-05,Tue,10:00,Science_Lab,21
2026-05-05,Tue,10:30,Science_Lab,16
2026-05-05,Tue,11:00,Science_Lab,26
2026-05-05,Tue,11:30,Science_Lab,21
2026-05-05,Tue,12:00,Science_Lab,25
2026-05-05,Tue,12:30,Science_Lab,20
2026-05-05,Tue,13:00,Science_Lab,18
2026-05-05,Tue,13:30,Science_Lab,22
2026-05-05,Tue,08:00,Art_Room,11
2026-05-05,Tue,08:30,Art_Room,15
2026-05-05,Tue,09:00,Art_Room,10
2026-05-05,Tue,09:30,Art_Room,19
2026-05-05,Tue,10:00,Art_Room,14
2026-05-05,Tue,10:30,Art_Room,18
2026-05-05,Tue,11:00,Art_Room,19
2026-05-05,Tue,11:30,Art_Room,23
2026-05-05,Tue,12:00,Art_Room,18
2026-05-05,Tue,12:30,Art_Room,22
2026-05-05,Tue,13:00,Art_Room,20
2026-05-05,Tue,13:30,Art_Room,15
2026-05-05,Tue,08:00,Music_Room,19
2026-05-05,Tue,08:30,Music_Room,14
2026-05-05,Tue,09:00,Music_Room,18
2026-05-05,Tue,09:30,Music_Room,18
2026-05-05,Tue,10:00,Music_Room,22
2026-05-05,Tue,10:30,Music_Room,17
2026-05-05,Tue,11:00,Music_Room,27
2026-05-05,Tue,11:30,Music_Room,22
2026-05-05,Tue,12:00,Music_Room,26
2026-05-05,Tue,12:30,Music_Room,30
2026-05-05,Tue,13:00,Music_Room,19
2026-05-05,Tue,13:30,Music_Room,23
2026-05-06,Wed,08:00,Library,19
2026-05-06,Wed,08:30,Library,14
2026-05-06,Wed,09:00,Library,18
2026-05-06,Wed,09:30,Library,27
2026-05-06,Wed,10:00,Library,22
2026-05-06,Wed,10:30,Library,26
2026-05-06,Wed,11:00,Library,27
2026-05-06,Wed,11:30,Library,31
2026-05-06,Wed,12:00,Library,26
2026-05-06,Wed,12:30,Library,30
2026-05-06,Wed,13:00,Library,19
2026-05-06,Wed,13:30,Library,23
2026-05-06,Wed,08:00,Gym,20
2026-05-06,Wed,08:30,Gym,24
2026-05-06,Wed,09:00,Gym,28
2026-05-06,Wed,09:30,Gym,28
2026-05-06,Wed,10:00,Gym,32
2026-05-06,Wed,10:30,Gym,27
2026-05-06,Wed,11:00,Gym,37
2026-05-06,Wed,11:30,Gym,32
2026-05-06,Wed,12:00,Gym,36
2026-05-06,Wed,12:30,Gym,31
2026-05-06,Wed,13:00,Gym,29
2026-05-06,Wed,13:30,Gym,33
2026-05-06,Wed,08:00,Computer_Room,21
2026-05-06,Wed,08:30,Computer_Room,25
2026-05-06,Wed,09:00,Computer_Room,20
2026-05-06,Wed,09:30,Computer_Room,29
2026-05-06,Wed,10:00,Computer_Room,24
2026-05-06,Wed,10:30,Computer_Room,28
2026-05-06,Wed,11:00,Computer_Room,29
2026-05-06,Wed,11:30,Computer_Room,33
2026-05-06,Wed,12:00,Computer_Room,28
2026-05-06,Wed,12:30,Computer_Room,32
2026-05-06,Wed,13:00,Computer_Room,30
2026-05-06,Wed,13:30,Computer_Room,25
2026-05-06,Wed,08:00,Science_Lab,17
2026-05-06,Wed,08:30,Science_Lab,12
2026-05-06,Wed,09:00,Science_Lab,16
2026-05-06,Wed,09:30,Science_Lab,16
2026-05-06,Wed,10:00,Science_Lab,20
2026-05-06,Wed,10:30,Science_Lab,15
2026-05-06,Wed,11:00,Science_Lab,25
2026-05-06,Wed,11:30,Science_Lab,20
2026-05-06,Wed,12:00,Science_Lab,24
2026-05-06,Wed,12:30,Science_Lab,28
2026-05-06,Wed,13:00,Science_Lab,17
2026-05-06,Wed,13:30,Science_Lab,21
2026-05-06,Wed,08:00,Art_Room,10
2026-05-06,Wed,08:30,Art_Room,14
2026-05-06,Wed,09:00,Art_Room,9
2026-05-06,Wed,09:30,Art_Room,18
2026-05-06,Wed,10:00,Art_Room,13
2026-05-06,Wed,10:30,Art_Room,17
2026-05-06,Wed,11:00,Art_Room,18
2026-05-06,Wed,11:30,Art_Room,22
2026-05-06,Wed,12:00,Art_Room,26
2026-05-06,Wed,12:30,Art_Room,21
2026-05-06,Wed,13:00,Art_Room,19
2026-05-06,Wed,13:30,Art_Room,14
2026-05-06,Wed,08:00,Music_Room,18
2026-05-06,Wed,08:30,Music_Room,13
2026-05-06,Wed,09:00,Music_Room,17
2026-05-06,Wed,09:30,Music_Room,17
2026-05-06,Wed,10:00,Music_Room,21
2026-05-06,Wed,10:30,Music_Room,16
2026-05-06,Wed,11:00,Music_Room,26
2026-05-06,Wed,11:30,Music_Room,30
2026-05-06,Wed,12:00,Music_Room,25
2026-05-06,Wed,12:30,Music_Room,29
2026-05-06,Wed,13:00,Music_Room,18
2026-05-06,Wed,13:30,Music_Room,22
2026-05-07,Thu,08:00,Library,18
2026-05-07,Thu,08:30,Library,22
2026-05-07,Thu,09:00,Library,17
2026-05-07,Thu,09:30,Library,26
2026-05-07,Thu,10:00,Library,21
2026-05-07,Thu,10:30,Library,25
2026-05-07,Thu,11:00,Library,26
2026-05-07,Thu,11:30,Library,30
2026-05-07,Thu,12:00,Library,25
2026-05-07,Thu,12:30,Library,29
2026-05-07,Thu,13:00,Library,27
2026-05-07,Thu,13:30,Library,22
2026-05-07,Thu,08:00,Gym,28
2026-05-07,Thu,08:30,Gym,23
2026-05-07,Thu,09:00,Gym,27
2026-05-07,Thu,09:30,Gym,27
2026-05-07,Thu,10:00,Gym,31
2026-05-07,Thu,10:30,Gym,26
2026-05-07,Thu,11:00,Gym,36
2026-05-07,Thu,11:30,Gym,31
2026-05-07,Thu,12:00,Gym,35
2026-05-07,Thu,12:30,Gym,39
2026-05-07,Thu,13:00,Gym,28
2026-05-07,Thu,13:30,Gym,32
2026-05-07,Thu,08:00,Computer_Room,20
2026-05-07,Thu,08:30,Computer_Room,24
2026-05-07,Thu,09:00,Computer_Room,19
2026-05-07,Thu,09:30,Computer_Room,28
2026-05-07,Thu,10:00,Computer_Room,23
2026-05-07,Thu,10:30,Computer_Room,27
2026-05-07,Thu,11:00,Computer_Room,28
2026-05-07,Thu,11:30,Computer_Room,32
2026-05-07,Thu,12:00,Computer_Room,36
2026-05-07,Thu,12:30,Computer_Room,31
2026-05-07,Thu,13:00,Computer_Room,29
2026-05-07,Thu,13:30,Computer_Room,24
2026-05-07,Thu,08:00,Science_Lab,16
2026-05-07,Thu,08:30,Science_Lab,11
2026-05-07,Thu,09:00,Science_Lab,15
2026-05-07,Thu,09:30,Science_Lab,15
2026-05-07,Thu,10:00,Science_Lab,19
2026-05-07,Thu,10:30,Science_Lab,14
2026-05-07,Thu,11:00,Science_Lab,24
2026-05-07,Thu,11:30,Science_Lab,28
2026-05-07,Thu,12:00,Science_Lab,23
2026-05-07,Thu,12:30,Science_Lab,27
2026-05-07,Thu,13:00,Science_Lab,16
2026-05-07,Thu,13:30,Science_Lab,20
2026-05-07,Thu,08:00,Art_Room,9
2026-05-07,Thu,08:30,Art_Room,13
2026-05-07,Thu,09:00,Art_Room,8
2026-05-07,Thu,09:30,Art_Room,17
2026-05-07,Thu,10:00,Art_Room,12
2026-05-07,Thu,10:30,Art_Room,16
2026-05-07,Thu,11:00,Art_Room,26
2026-05-07,Thu,11:30,Art_Room,21
2026-05-07,Thu,12:00,Art_Room,25
2026-05-07,Thu,12:30,Art_Room,20
2026-05-07,Thu,13:00,Art_Room,18
2026-05-07,Thu,13:30,Art_Room,13
2026-05-07,Thu,08:00,Music_Room,17
2026-05-07,Thu,08:30,Music_Room,12
2026-05-07,Thu,09:00,Music_Room,16
2026-05-07,Thu,09:30,Music_Room,16
2026-05-07,Thu,10:00,Music_Room,20
2026-05-07,Thu,10:30,Music_Room,24
2026-05-07,Thu,11:00,Music_Room,25
2026-05-07,Thu,11:30,Music_Room,29
2026-05-07,Thu,12:00,Music_Room,24
2026-05-07,Thu,12:30,Music_Room,28
2026-05-07,Thu,13:00,Music_Room,17
2026-05-07,Thu,13:30,Music_Room,21
2026-05-08,Fri,08:00,Library,21
2026-05-08,Fri,08:30,Library,25
2026-05-08,Fri,09:00,Library,20
2026-05-08,Fri,09:30,Library,29
2026-05-08,Fri,10:00,Library,24
2026-05-08,Fri,10:30,Library,28
2026-05-08,Fri,11:00,Library,29
2026-05-08,Fri,11:30,Library,33
2026-05-08,Fri,12:00,Library,37
2026-05-08,Fri,12:30,Library,32
2026-05-08,Fri,13:00,Library,30
2026-05-08,Fri,13:30,Library,25
2026-05-08,Fri,08:00,Gym,31
2026-05-08,Fri,08:30,Gym,26
2026-05-08,Fri,09:00,Gym,30
2026-05-08,Fri,09:30,Gym,30
2026-05-08,Fri,10:00,Gym,34
2026-05-08,Fri,10:30,Gym,29
2026-05-08,Fri,11:00,Gym,39
2026-05-08,Fri,11:30,Gym,43
2026-05-08,Fri,12:00,Gym,38
2026-05-08,Fri,12:30,Gym,42
2026-05-08,Fri,13:00,Gym,31
2026-05-08,Fri,13:30,Gym,35
2026-05-08,Fri,08:00,Computer_Room,23
2026-05-08,Fri,08:30,Computer_Room,27
2026-05-08,Fri,09:00,Computer_Room,22
2026-05-08,Fri,09:30,Computer_Room,31
2026-05-08,Fri,10:00,Computer_Room,26
2026-05-08,Fri,10:30,Computer_Room,30
2026-05-08,Fri,11:00,Computer_Room,40
2026-05-08,Fri,11:30,Computer_Room,35
2026-05-08,Fri,12:00,Computer_Room,39
2026-05-08,Fri,12:30,Computer_Room,34
2026-05-08,Fri,13:00,Computer_Room,32
2026-05-08,Fri,13:30,Computer_Room,27
2026-05-08,Fri,08:00,Science_Lab,19
2026-05-08,Fri,08:30,Science_Lab,14
2026-05-08,Fri,09:00,Science_Lab,18
2026-05-08,Fri,09:30,Science_Lab,18
2026-05-08,Fri,10:00,Science_Lab,22
2026-05-08,Fri,10:30,Science_Lab,26
2026-05-08,Fri,11:00,Science_Lab,27
2026-05-08,Fri,11:30,Science_Lab,31
2026-05-08,Fri,12:00,Science_Lab,26
2026-05-08,Fri,12:30,Science_Lab,30
2026-05-08,Fri,13:00,Science_Lab,19
2026-05-08,Fri,13:30,Science_Lab,23
2026-05-08,Fri,08:00,Art_Room,12
2026-05-08,Fri,08:30,Art_Room,16
2026-05-08,Fri,09:00,Art_Room,11
2026-05-08,Fri,09:30,Art_Room,20
2026-05-08,Fri,10:00,Art_Room,24
2026-05-08,Fri,10:30,Art_Room,19
2026-05-08,Fri,11:00,Art_Room,29
2026-05-08,Fri,11:30,Art_Room,24
2026-05-08,Fri,12:00,Art_Room,28
2026-05-08,Fri,12:30,Art_Room,23
2026-05-08,Fri,13:00,Art_Room,21
2026-05-08,Fri,13:30,Art_Room,16
2026-05-08,Fri,08:00,Music_Room,20
2026-05-08,Fri,08:30,Music_Room,15
2026-05-08,Fri,09:00,Music_Room,19
2026-05-08,Fri,09:30,Music_Room,28
2026-05-08,Fri,10:00,Music_Room,23
2026-05-08,Fri,10:30,Music_Room,27
2026-05-08,Fri,11:00,Music_Room,28
2026-05-08,Fri,11:30,Music_Room,32
2026-05-08,Fri,12:00,Music_Room,27
2026-05-08,Fri,12:30,Music_Room,31
2026-05-08,Fri,13:00,Music_Room,20
2026-05-08,Fri,13:30,Music_Room,24
2026-05-11,Mon,08:00,Library,16
2026-05-11,Mon,08:30,Library,20
2026-05-11,Mon,09:00,Library,15
2026-05-11,Mon,09:30,Library,24
2026-05-11,Mon,10:00,Library,19
2026-05-11,Mon,10:30,Library,23
2026-05-11,Mon,11:00,Library,33
2026-05-11,Mon,11:30,Library,28
2026-05-11,Mon,12:00,Library,32
2026-05-11,Mon,12:30,Library,27
2026-05-11,Mon,13:00,Library,25
2026-05-11,Mon,13:30,Library,20
2026-05-11,Mon,08:00,Gym,26
2026-05-11,Mon,08:30,Gym,21
2026-05-11,Mon,09:00,Gym,25
2026-05-11,Mon,09:30,Gym,25
2026-05-11,Mon,10:00,Gym,29
2026-05-11,Mon,10:30,Gym,33
2026-05-11,Mon,11:00,Gym,34
2026-05-11,Mon,11:30,Gym,38
2026-05-11,Mon,12:00,Gym,33
2026-05-11,Mon,12:30,Gym,37
2026-05-11,Mon,13:00,Gym,26
2026-05-11,Mon,13:30,Gym,30
2026-05-11,Mon,08:00,Computer_Room,18
2026-05-11,Mon,08:30,Computer_Room,22
2026-05-11,Mon,09:00,Computer_Room,17
2026-05-11,Mon,09:30,Computer_Room,26
2026-05-11,Mon,10:00,Computer_Room,30
2026-05-11,Mon,10:30,Computer_Room,25
2026-05-11,Mon,11:00,Computer_Room,35
2026-05-11,Mon,11:30,Computer_Room,30
2026-05-11,Mon,12:00,Computer_Room,34
2026-05-11,Mon,12:30,Computer_Room,29
2026-05-11,Mon,13:00,Computer_Room,27
2026-05-11,Mon,13:30,Computer_Room,22
2026-05-11,Mon,08:00,Science_Lab,14
2026-05-11,Mon,08:30,Science_Lab,9
2026-05-11,Mon,09:00,Science_Lab,13
2026-05-11,Mon,09:30,Science_Lab,22
2026-05-11,Mon,10:00,Science_Lab,17
2026-05-11,Mon,10:30,Science_Lab,21
2026-05-11,Mon,11:00,Science_Lab,22
2026-05-11,Mon,11:30,Science_Lab,26
2026-05-11,Mon,12:00,Science_Lab,21
2026-05-11,Mon,12:30,Science_Lab,25
2026-05-11,Mon,13:00,Science_Lab,14
2026-05-11,Mon,13:30,Science_Lab,18
2026-05-11,Mon,08:00,Art_Room,7
2026-05-11,Mon,08:30,Art_Room,11
2026-05-11,Mon,09:00,Art_Room,15
2026-05-11,Mon,09:30,Art_Room,15
2026-05-11,Mon,10:00,Art_Room,19
2026-05-11,Mon,10:30,Art_Room,14
2026-05-11,Mon,11:00,Art_Room,24
2026-05-11,Mon,11:30,Art_Room,19
2026-05-11,Mon,12:00,Art_Room,23
2026-05-11,Mon,12:30,Art_Room,18
2026-05-11,Mon,13:00,Art_Room,16
2026-05-11,Mon,13:30,Art_Room,20
2026-05-11,Mon,08:00,Music_Room,15
2026-05-11,Mon,08:30,Music_Room,19
2026-05-11,Mon,09:00,Music_Room,14
2026-05-11,Mon,09:30,Music_Room,23
2026-05-11,Mon,10:00,Music_Room,18
2026-05-11,Mon,10:30,Music_Room,22
2026-05-11,Mon,11:00,Music_Room,23
2026-05-11,Mon,11:30,Music_Room,27
2026-05-11,Mon,12:00,Music_Room,22
2026-05-11,Mon,12:30,Music_Room,26
2026-05-11,Mon,13:00,Music_Room,24
2026-05-11,Mon,13:30,Music_Room,19
2026-05-12,Tue,08:00,Library,15
2026-05-12,Tue,08:30,Library,19
2026-05-12,Tue,09:00,Library,14
2026-05-12,Tue,09:30,Library,23
2026-05-12,Tue,10:00,Library,27
2026-05-12,Tue,10:30,Library,22
2026-05-12,Tue,11:00,Library,32
2026-05-12,Tue,11:30,Library,27
2026-05-12,Tue,12:00,Library,31
2026-05-12,Tue,12:30,Library,26
2026-05-12,Tue,13:00,Library,24
2026-05-12,Tue,13:30,Library,19
2026-05-12,Tue,08:00,Gym,25
2026-05-12,Tue,08:30,Gym,20
2026-05-12,Tue,09:00,Gym,24
2026-05-12,Tue,09:30,Gym,33
2026-05-12,Tue,10:00,Gym,28
2026-05-12,Tue,10:30,Gym,32
2026-05-12,Tue,11:00,Gym,33
2026-05-12,Tue,11:30,Gym,37
2026-05-12,Tue,12:00,Gym,32
2026-05-12,Tue,12:30,Gym,36
2026-05-12,Tue,13:00,Gym,25
2026-05-12,Tue,13:30,Gym,29
2026-05-12,Tue,08:00,Computer_Room,17
2026-05-12,Tue,08:30,Computer_Room,21
2026-05-12,Tue,09:00,Computer_Room,25
2026-05-12,Tue,09:30,Computer_Room,25
2026-05-12,Tue,10:00,Computer_Room,29
2026-05-12,Tue,10:30,Computer_Room,24
2026-05-12,Tue,11:00,Computer_Room,34
2026-05-12,Tue,11:30,Computer_Room,29
2026-05-12,Tue,12:00,Computer_Room,33
2026-05-12,Tue,12:30,Computer_Room,28
2026-05-12,Tue,13:00,Computer_Room,26
2026-05-12,Tue,13:30,Computer_Room,30
2026-05-12,Tue,08:00,Science_Lab,13
2026-05-12,Tue,08:30,Science_Lab,17
2026-05-12,Tue,09:00,Science_Lab,12
2026-05-12,Tue,09:30,Science_Lab,21
2026-05-12,Tue,10:00,Science_Lab,16
2026-05-12,Tue,10:30,Science_Lab,20
2026-05-12,Tue,11:00,Science_Lab,21
2026-05-12,Tue,11:30,Science_Lab,25
2026-05-12,Tue,12:00,Science_Lab,20
2026-05-12,Tue,12:30,Science_Lab,24
2026-05-12,Tue,13:00,Science_Lab,22
2026-05-12,Tue,13:30,Science_Lab,17
2026-05-12,Tue,08:00,Art_Room,15
2026-05-12,Tue,08:30,Art_Room,10
2026-05-12,Tue,09:00,Art_Room,14
2026-05-12,Tue,09:30,Art_Room,14
2026-05-12,Tue,10:00,Art_Room,18
2026-05-12,Tue,10:30,Art_Room,13
2026-05-12,Tue,11:00,Art_Room,23
2026-05-12,Tue,11:30,Art_Room,18
2026-05-12,Tue,12:00,Art_Room,22
2026-05-12,Tue,12:30,Art_Room,26
2026-05-12,Tue,13:00,Art_Room,15
2026-05-12,Tue,13:30,Art_Room,19
2026-05-12,Tue,08:00,Music_Room,14
2026-05-12,Tue,08:30,Music_Room,18
2026-05-12,Tue,09:00,Music_Room,13
2026-05-12,Tue,09:30,Music_Room,22
2026-05-12,Tue,10:00,Music_Room,17
2026-05-12,Tue,10:30,Music_Room,21
2026-05-12,Tue,11:00,Music_Room,22
2026-05-12,Tue,11:30,Music_Room,26
2026-05-12,Tue,12:00,Music_Room,30
2026-05-12,Tue,12:30,Music_Room,25
2026-05-12,Tue,13:00,Music_Room,23
2026-05-12,Tue,13:30,Music_Room,18
2026-05-13,Wed,08:00,Library,14
2026-05-13,Wed,08:30,Library,18
2026-05-13,Wed,09:00,Library,22
2026-05-13,Wed,09:30,Library,22
2026-05-13,Wed,10:00,Library,26
2026-05-13,Wed,10:30,Library,21
2026-05-13,Wed,11:00,Library,31
2026-05-13,Wed,11:30,Library,26
2026-05-13,Wed,12:00,Library,30
2026-05-13,Wed,12:30,Library,25
2026-05-13,Wed,13:00,Library,23
2026-05-13,Wed,13:30,Library,27
2026-05-13,Wed,08:00,Gym,24
2026-05-13,Wed,08:30,Gym,28
2026-05-13,Wed,09:00,Gym,23
2026-05-13,Wed,09:30,Gym,32
2026-05-13,Wed,10:00,Gym,27
2026-05-13,Wed,10:30,Gym,31
2026-05-13,Wed,11:00,Gym,32
2026-05-13,Wed,11:30,Gym,36
2026-05-13,Wed,12:00,Gym,31
2026-05-13,Wed,12:30,Gym,35
2026-05-13,Wed,13:00,Gym,33
2026-05-13,Wed,13:30,Gym,28
2026-05-13,Wed,08:00,Computer_Room,25
2026-05-13,Wed,08:30,Computer_Room,20
2026-05-13,Wed,09:00,Computer_Room,24
2026-05-13,Wed,09:30,Computer_Room,24
2026-05-13,Wed,10:00,Computer_Room,28
2026-05-13,Wed,10:30,Computer_Room,23
2026-05-13,Wed,11:00,Computer_Room,33
2026-05-13,Wed,11:30,Computer_Room,28
2026-05-13,Wed,12:00,Computer_Room,32
2026-05-13,Wed,12:30,Computer_Room,36
2026-05-13,Wed,13:00,Computer_Room,25
2026-05-13,Wed,13:30,Computer_Room,29
2026-05-13,Wed,08:00,Science_Lab,12
2026-05-13,Wed,08:30,Science_Lab,16
2026-05-13,Wed,09:00,Science_Lab,11
2026-05-13,Wed,09:30,Science_Lab,20
2026-05-13,Wed,10:00,Science_Lab,15
2026-05-13,Wed,10:30,Science_Lab,19
2026-05-13,Wed,11:00,Science_Lab,20
2026-05-13,Wed,11:30,Science_Lab,24
2026-05-13,Wed,12:00,Science_Lab,28
2026-05-13,Wed,12:30,Science_Lab,23
2026-05-13,Wed,13:00,Science_Lab,21
2026-05-13,Wed,13:30,Science_Lab,16
2026-05-13,Wed,08:00,Art_Room,14
2026-05-13,Wed,08:30,Art_Room,9
2026-05-13,Wed,09:00,Art_Room,13
2026-05-13,Wed,09:30,Art_Room,13
2026-05-13,Wed,10:00,Art_Room,17
2026-05-13,Wed,10:30,Art_Room,12
2026-05-13,Wed,11:00,Art_Room,22
2026-05-13,Wed,11:30,Art_Room,26
2026-05-13,Wed,12:00,Art_Room,21
2026-05-13,Wed,12:30,Art_Room,25
2026-05-13,Wed,13:00,Art_Room,14
2026-05-13,Wed,13:30,Art_Room,18
2026-05-13,Wed,08:00,Music_Room,13
2026-05-13,Wed,08:30,Music_Room,17
2026-05-13,Wed,09:00,Music_Room,12
2026-05-13,Wed,09:30,Music_Room,21
2026-05-13,Wed,10:00,Music_Room,16
2026-05-13,Wed,10:30,Music_Room,20
2026-05-13,Wed,11:00,Music_Room,30
2026-05-13,Wed,11:30,Music_Room,25
2026-05-13,Wed,12:00,Music_Room,29
2026-05-13,Wed,12:30,Music_Room,24
2026-05-13,Wed,13:00,Music_Room,22
2026-05-13,Wed,13:30,Music_Room,17
2026-05-14,Thu,08:00,Library,22
2026-05-14,Thu,08:30,Library,17
2026-05-14,Thu,09:00,Library,21
2026-05-14,Thu,09:30,Library,21
2026-05-14,Thu,10:00,Library,25
2026-05-14,Thu,10:30,Library,20
2026-05-14,Thu,11:00,Library,30
2026-05-14,Thu,11:30,Library,25
2026-05-14,Thu,12:00,Library,29
2026-05-14,Thu,12:30,Library,33
2026-05-14,Thu,13:00,Library,22
2026-05-14,Thu,13:30,Library,26
2026-05-14,Thu,08:00,Gym,23
2026-05-14,Thu,08:30,Gym,27
2026-05-14,Thu,09:00,Gym,22
2026-05-14,Thu,09:30,Gym,31
2026-05-14,Thu,10:00,Gym,26
2026-05-14,Thu,10:30,Gym,30
2026-05-14,Thu,11:00,Gym,31
2026-05-14,Thu,11:30,Gym,35
2026-05-14,Thu,12:00,Gym,39
2026-05-14,Thu,12:30,Gym,34
2026-05-14,Thu,13:00,Gym,32
2026-05-14,Thu,13:30,Gym,27
2026-05-14,Thu,08:00,Computer_Room,24
2026-05-14,Thu,08:30,Computer_Room,19
2026-05-14,Thu,09:00,Computer_Room,23
2026-05-14,Thu,09:30,Computer_Room,23
2026-05-14,Thu,10:00,Computer_Room,27
2026-05-14,Thu,10:30,Computer_Room,22
2026-05-14,Thu,11:00,Computer_Room,32
2026-05-14,Thu,11:30,Computer_Room,36
2026-05-14,Thu,12:00,Computer_Room,31
2026-05-14,Thu,12:30,Computer_Room,35
2026-05-14,Thu,13:00,Computer_Room,24
2026-05-14,Thu,13:30,Computer_Room,28
2026-05-14,Thu,08:00,Science_Lab,11
2026-05-14,Thu,08:30,Science_Lab,15
2026-05-14,Thu,09:00,Science_Lab,10
2026-05-14,Thu,09:30,Science_Lab,19
2026-05-14,Thu,10:00,Science_Lab,14
2026-05-14,Thu,10:30,Science_Lab,18
2026-05-14,Thu,11:00,Science_Lab,28
2026-05-14,Thu,11:30,Science_Lab,23
2026-05-14,Thu,12:00,Science_Lab,27
2026-05-14,Thu,12:30,Science_Lab,22
2026-05-14,Thu,13:00,Science_Lab,20
2026-05-14,Thu,13:30,Science_Lab,15
2026-05-14,Thu,08:00,Art_Room,13
2026-05-14,Thu,08:30,Art_Room,8
2026-05-14,Thu,09:00,Art_Room,12
2026-05-14,Thu,09:30,Art_Room,12
2026-05-14,Thu,10:00,Art_Room,16
2026-05-14,Thu,10:30,Art_Room,20
2026-05-14,Thu,11:00,Art_Room,21
2026-05-14,Thu,11:30,Art_Room,25
2026-05-14,Thu,12:00,Art_Room,20
2026-05-14,Thu,12:30,Art_Room,24
2026-05-14,Thu,13:00,Art_Room,13
2026-05-14,Thu,13:30,Art_Room,17
2026-05-14,Thu,08:00,Music_Room,12
2026-05-14,Thu,08:30,Music_Room,16
2026-05-14,Thu,09:00,Music_Room,11
2026-05-14,Thu,09:30,Music_Room,20
2026-05-14,Thu,10:00,Music_Room,24
2026-05-14,Thu,10:30,Music_Room,19
2026-05-14,Thu,11:00,Music_Room,29
2026-05-14,Thu,11:30,Music_Room,24
2026-05-14,Thu,12:00,Music_Room,28
2026-05-14,Thu,12:30,Music_Room,23
2026-05-14,Thu,13:00,Music_Room,21
2026-05-14,Thu,13:30,Music_Room,16
2026-05-15,Fri,08:00,Library,25
2026-05-15,Fri,08:30,Library,20
2026-05-15,Fri,09:00,Library,24
2026-05-15,Fri,09:30,Library,24
2026-05-15,Fri,10:00,Library,28
2026-05-15,Fri,10:30,Library,23
2026-05-15,Fri,11:00,Library,33
2026-05-15,Fri,11:30,Library,37
2026-05-15,Fri,12:00,Library,32
2026-05-15,Fri,12:30,Library,36
2026-05-15,Fri,13:00,Library,25
2026-05-15,Fri,13:30,Library,29
2026-05-15,Fri,08:00,Gym,26
2026-05-15,Fri,08:30,Gym,30
2026-05-15,Fri,09:00,Gym,25
2026-05-15,Fri,09:30,Gym,34
2026-05-15,Fri,10:00,Gym,29
2026-05-15,Fri,10:30,Gym,33
2026-05-15,Fri,11:00,Gym,43
2026-05-15,Fri,11:30,Gym,38
2026-05-15,Fri,12:00,Gym,42
2026-05-15,Fri,12:30,Gym,37
2026-05-15,Fri,13:00,Gym,35
2026-05-15,Fri,13:30,Gym,30
2026-05-15,Fri,08:00,Computer_Room,27
2026-05-15,Fri,08:30,Computer_Room,22
2026-05-15,Fri,09:00,Computer_Room,26
2026-05-15,Fri,09:30,Computer_Room,26
2026-05-15,Fri,10:00,Computer_Room,30
2026-05-15,Fri,10:30,Computer_Room,34
2026-05-15,Fri,11:00,Computer_Room,35
2026-05-15,Fri,11:30,Computer_Room,39
2026-05-15,Fri,12:00,Computer_Room,34
2026-05-15,Fri,12:30,Computer_Room,38
2026-05-15,Fri,13:00,Computer_Room,27
2026-05-15,Fri,13:30,Computer_Room,31
2026-05-15,Fri,08:00,Science_Lab,14
2026-05-15,Fri,08:30,Science_Lab,18
2026-05-15,Fri,09:00,Science_Lab,13
2026-05-15,Fri,09:30,Science_Lab,22
2026-05-15,Fri,10:00,Science_Lab,26
2026-05-15,Fri,10:30,Science_Lab,21
2026-05-15,Fri,11:00,Science_Lab,31
2026-05-15,Fri,11:30,Science_Lab,26
2026-05-15,Fri,12:00,Science_Lab,30
2026-05-15,Fri,12:30,Science_Lab,25
2026-05-15,Fri,13:00,Science_Lab,23
2026-05-15,Fri,13:30,Science_Lab,18
2026-05-15,Fri,08:00,Art_Room,16
2026-05-15,Fri,08:30,Art_Room,11
2026-05-15,Fri,09:00,Art_Room,15
2026-05-15,Fri,09:30,Art_Room,24
2026-05-15,Fri,10:00,Art_Room,19
2026-05-15,Fri,10:30,Art_Room,23
2026-05-15,Fri,11:00,Art_Room,24
2026-05-15,Fri,11:30,Art_Room,28
2026-05-15,Fri,12:00,Art_Room,23
2026-05-15,Fri,12:30,Art_Room,27
2026-05-15,Fri,13:00,Art_Room,16
2026-05-15,Fri,13:30,Art_Room,20
2026-05-15,Fri,08:00,Music_Room,15
2026-05-15,Fri,08:30,Music_Room,19
2026-05-15,Fri,09:00,Music_Room,23
2026-05-15,Fri,09:30,Music_Room,23
2026-05-15,Fri,10:00,Music_Room,27
2026-05-15,Fri,10:30,Music_Room,22
2026-05-15,Fri,11:00,Music_Room,32
2026-05-15,Fri,11:30,Music_Room,27
2026-05-15,Fri,12:00,Music_Room,31
2026-05-15,Fri,12:30,Music_Room,26
2026-05-15,Fri,13:00,Music_Room,24
2026-05-15,Fri,13:30,Music_Room,28
2026-05-18,Mon,08:00,Library,20
2026-05-18,Mon,08:30,Library,15
2026-05-18,Mon,09:00,Library,19
2026-05-18,Mon,09:30,Library,19
2026-05-18,Mon,10:00,Library,23
2026-05-18,Mon,10:30,Library,27
2026-05-18,Mon,11:00,Library,28
2026-05-18,Mon,11:30,Library,32
2026-05-18,Mon,12:00,Library,27
2026-05-18,Mon,12:30,Library,31
2026-05-18,Mon,13:00,Library,20
2026-05-18,Mon,13:30,Library,24
2026-05-18,Mon,08:00,Gym,21
2026-05-18,Mon,08:30,Gym,25
2026-05-18,Mon,09:00,Gym,20
2026-05-18,Mon,09:30,Gym,29
2026-05-18,Mon,10:00,Gym,33
2026-05-18,Mon,10:30,Gym,28
2026-05-18,Mon,11:00,Gym,38
2026-05-18,Mon,11:30,Gym,33
2026-05-18,Mon,12:00,Gym,37
2026-05-18,Mon,12:30,Gym,32
2026-05-18,Mon,13:00,Gym,30
2026-05-18,Mon,13:30,Gym,25
2026-05-18,Mon,08:00,Computer_Room,22
2026-05-18,Mon,08:30,Computer_Room,17
2026-05-18,Mon,09:00,Computer_Room,21
2026-05-18,Mon,09:30,Computer_Room,30
2026-05-18,Mon,10:00,Computer_Room,25
2026-05-18,Mon,10:30,Computer_Room,29
2026-05-18,Mon,11:00,Computer_Room,30
2026-05-18,Mon,11:30,Computer_Room,34
2026-05-18,Mon,12:00,Computer_Room,29
2026-05-18,Mon,12:30,Computer_Room,33
2026-05-18,Mon,13:00,Computer_Room,22
2026-05-18,Mon,13:30,Computer_Room,26
2026-05-18,Mon,08:00,Science_Lab,9
2026-05-18,Mon,08:30,Science_Lab,13
2026-05-18,Mon,09:00,Science_Lab,17
2026-05-18,Mon,09:30,Science_Lab,17
2026-05-18,Mon,10:00,Science_Lab,21
2026-05-18,Mon,10:30,Science_Lab,16
2026-05-18,Mon,11:00,Science_Lab,26
2026-05-18,Mon,11:30,Science_Lab,21
2026-05-18,Mon,12:00,Science_Lab,25
2026-05-18,Mon,12:30,Science_Lab,20
2026-05-18,Mon,13:00,Science_Lab,18
2026-05-18,Mon,13:30,Science_Lab,22
2026-05-18,Mon,08:00,Art_Room,11
2026-05-18,Mon,08:30,Art_Room,15
2026-05-18,Mon,09:00,Art_Room,10
2026-05-18,Mon,09:30,Art_Room,19
2026-05-18,Mon,10:00,Art_Room,14
2026-05-18,Mon,10:30,Art_Room,18
2026-05-18,Mon,11:00,Art_Room,19
2026-05-18,Mon,11:30,Art_Room,23
2026-05-18,Mon,12:00,Art_Room,18
2026-05-18,Mon,12:30,Art_Room,22
2026-05-18,Mon,13:00,Art_Room,20
2026-05-18,Mon,13:30,Art_Room,15
2026-05-18,Mon,08:00,Music_Room,19
2026-05-18,Mon,08:30,Music_Room,14
2026-05-18,Mon,09:00,Music_Room,18
2026-05-18,Mon,09:30,Music_Room,18
2026-05-18,Mon,10:00,Music_Room,22
2026-05-18,Mon,10:30,Music_Room,17
2026-05-18,Mon,11:00,Music_Room,27
2026-05-18,Mon,11:30,Music_Room,22
2026-05-18,Mon,12:00,Music_Room,26
2026-05-18,Mon,12:30,Music_Room,30
2026-05-18,Mon,13:00,Music_Room,19
2026-05-18,Mon,13:30,Music_Room,23
2026-05-19,Tue,08:00,Library,19
2026-05-19,Tue,08:30,Library,14
2026-05-19,Tue,09:00,Library,18
2026-05-19,Tue,09:30,Library,27
2026-05-19,Tue,10:00,Library,22
2026-05-19,Tue,10:30,Library,26
2026-05-19,Tue,11:00,Library,27
2026-05-19,Tue,11:30,Library,31
2026-05-19,Tue,12:00,Library,26
2026-05-19,Tue,12:30,Library,30
2026-05-19,Tue,13:00,Library,19
2026-05-19,Tue,13:30,Library,23
2026-05-19,Tue,08:00,Gym,20
2026-05-19,Tue,08:30,Gym,24
2026-05-19,Tue,09:00,Gym,28
2026-05-19,Tue,09:30,Gym,28
2026-05-19,Tue,10:00,Gym,32
2026-05-19,Tue,10:30,Gym,27
2026-05-19,Tue,11:00,Gym,37
2026-05-19,Tue,11:30,Gym,32
2026-05-19,Tue,12:00,Gym,36
2026-05-19,Tue,12:30,Gym,31
2026-05-19,Tue,13:00,Gym,29
2026-05-19,Tue,13:30,Gym,33
2026-05-19,Tue,08:00,Computer_Room,21
2026-05-19,Tue,08:30,Computer_Room,25
2026-05-19,Tue,09:00,Computer_Room,20
2026-05-19,Tue,09:30,Computer_Room,29
2026-05-19,Tue,10:00,Computer_Room,24
2026-05-19,Tue,10:30,Computer_Room,28
2026-05-19,Tue,11:00,Computer_Room,29
2026-05-19,Tue,11:30,Computer_Room,33
2026-05-19,Tue,12:00,Computer_Room,28
2026-05-19,Tue,12:30,Computer_Room,32
2026-05-19,Tue,13:00,Computer_Room,30
2026-05-19,Tue,13:30,Computer_Room,25
2026-05-19,Tue,08:00,Science_Lab,17
2026-05-19,Tue,08:30,Science_Lab,12
2026-05-19,Tue,09:00,Science_Lab,16
2026-05-19,Tue,09:30,Science_Lab,16
2026-05-19,Tue,10:00,Science_Lab,20
2026-05-19,Tue,10:30,Science_Lab,15
2026-05-19,Tue,11:00,Science_Lab,25
2026-05-19,Tue,11:30,Science_Lab,20
2026-05-19,Tue,12:00,Science_Lab,24
2026-05-19,Tue,12:30,Science_Lab,28
2026-05-19,Tue,13:00,Science_Lab,17
2026-05-19,Tue,13:30,Science_Lab,21
2026-05-19,Tue,08:00,Art_Room,10
2026-05-19,Tue,08:30,Art_Room,14
2026-05-19,Tue,09:00,Art_Room,9
2026-05-19,Tue,09:30,Art_Room,18
2026-05-19,Tue,10:00,Art_Room,13
2026-05-19,Tue,10:30,Art_Room,17
2026-05-19,Tue,11:00,Art_Room,18
2026-05-19,Tue,11:30,Art_Room,22
2026-05-19,Tue,12:00,Art_Room,26
2026-05-19,Tue,12:30,Art_Room,21
2026-05-19,Tue,13:00,Art_Room,19
2026-05-19,Tue,13:30,Art_Room,14
2026-05-19,Tue,08:00,Music_Room,18
2026-05-19,Tue,08:30,Music_Room,13
2026-05-19,Tue,09:00,Music_Room,17
2026-05-19,Tue,09:30,Music_Room,17
2026-05-19,Tue,10:00,Music_Room,21
2026-05-19,Tue,10:30,Music_Room,16
2026-05-19,Tue,11:00,Music_Room,26
2026-05-19,Tue,11:30,Music_Room,30
2026-05-19,Tue,12:00,Music_Room,25
2026-05-19,Tue,12:30,Music_Room,29
2026-05-19,Tue,13:00,Music_Room,18
2026-05-19,Tue,13:30,Music_Room,22
2026-05-20,Wed,08:00,Library,18
2026-05-20,Wed,08:30,Library,22
2026-05-20,Wed,09:00,Library,17
2026-05-20,Wed,09:30,Library,26
2026-05-20,Wed,10:00,Library,21
2026-05-20,Wed,10:30,Library,25
2026-05-20,Wed,11:00,Library,26
2026-05-20,Wed,11:30,Library,30
2026-05-20,Wed,12:00,Library,25
2026-05-20,Wed,12:30,Library,29
2026-05-20,Wed,13:00,Library,27
2026-05-20,Wed,13:30,Library,22
2026-05-20,Wed,08:00,Gym,28
2026-05-20,Wed,08:30,Gym,23
2026-05-20,Wed,09:00,Gym,27
2026-05-20,Wed,09:30,Gym,27
2026-05-20,Wed,10:00,Gym,31
2026-05-20,Wed,10:30,Gym,26
2026-05-20,Wed,11:00,Gym,36
2026-05-20,Wed,11:30,Gym,31
2026-05-20,Wed,12:00,Gym,35
2026-05-20,Wed,12:30,Gym,39
2026-05-20,Wed,13:00,Gym,28
2026-05-20,Wed,13:30,Gym,32
2026-05-20,Wed,08:00,Computer_Room,20
2026-05-20,Wed,08:30,Computer_Room,24
2026-05-20,Wed,09:00,Computer_Room,19
2026-05-20,Wed,09:30,Computer_Room,28
2026-05-20,Wed,10:00,Computer_Room,23
2026-05-20,Wed,10:30,Computer_Room,27
2026-05-20,Wed,11:00,Computer_Room,28
2026-05-20,Wed,11:30,Computer_Room,32
2026-05-20,Wed,12:00,Computer_Room,36
2026-05-20,Wed,12:30,Computer_Room,31
2026-05-20,Wed,13:00,Computer_Room,29
2026-05-20,Wed,13:30,Computer_Room,24
2026-05-20,Wed,08:00,Science_Lab,16
2026-05-20,Wed,08:30,Science_Lab,11
2026-05-20,Wed,09:00,Science_Lab,15
2026-05-20,Wed,09:30,Science_Lab,15
2026-05-20,Wed,10:00,Science_Lab,19
2026-05-20,Wed,10:30,Science_Lab,14
2026-05-20,Wed,11:00,Science_Lab,24
2026-05-20,Wed,11:30,Science_Lab,28
2026-05-20,Wed,12:00,Science_Lab,23
2026-05-20,Wed,12:30,Science_Lab,27
2026-05-20,Wed,13:00,Science_Lab,16
2026-05-20,Wed,13:30,Science_Lab,20
2026-05-20,Wed,08:00,Art_Room,9
2026-05-20,Wed,08:30,Art_Room,13
2026-05-20,Wed,09:00,Art_Room,8
2026-05-20,Wed,09:30,Art_Room,17
2026-05-20,Wed,10:00,Art_Room,12
2026-05-20,Wed,10:30,Art_Room,16
2026-05-20,Wed,11:00,Art_Room,26
2026-05-20,Wed,11:30,Art_Room,21
2026-05-20,Wed,12:00,Art_Room,25
2026-05-20,Wed,12:30,Art_Room,20
2026-05-20,Wed,13:00,Art_Room,18
2026-05-20,Wed,13:30,Art_Room,13
2026-05-20,Wed,08:00,Music_Room,17
2026-05-20,Wed,08:30,Music_Room,12
2026-05-20,Wed,09:00,Music_Room,16
2026-05-20,Wed,09:30,Music_Room,16
2026-05-20,Wed,10:00,Music_Room,20
2026-05-20,Wed,10:30,Music_Room,24
2026-05-20,Wed,11:00,Music_Room,25
2026-05-20,Wed,11:30,Music_Room,29
2026-05-20,Wed,12:00,Music_Room,24
2026-05-20,Wed,12:30,Music_Room,28
2026-05-20,Wed,13:00,Music_Room,17
2026-05-20,Wed,13:30,Music_Room,21
2026-05-21,Thu,08:00,Library,17
2026-05-21,Thu,08:30,Library,21
2026-05-21,Thu,09:00,Library,16
2026-05-21,Thu,09:30,Library,25
2026-05-21,Thu,10:00,Library,20
2026-05-21,Thu,10:30,Library,24
2026-05-21,Thu,11:00,Library,25
2026-05-21,Thu,11:30,Library,29
2026-05-21,Thu,12:00,Library,33
2026-05-21,Thu,12:30,Library,28
2026-05-21,Thu,13:00,Library,26
2026-05-21,Thu,13:30,Library,21
2026-05-21,Thu,08:00,Gym,27
2026-05-21,Thu,08:30,Gym,22
2026-05-21,Thu,09:00,Gym,26
2026-05-21,Thu,09:30,Gym,26
2026-05-21,Thu,10:00,Gym,30
2026-05-21,Thu,10:30,Gym,25
2026-05-21,Thu,11:00,Gym,35
2026-05-21,Thu,11:30,Gym,39
2026-05-21,Thu,12:00,Gym,34
2026-05-21,Thu,12:30,Gym,38
2026-05-21,Thu,13:00,Gym,27
2026-05-21,Thu,13:30,Gym,31
2026-05-21,Thu,08:00,Computer_Room,19
2026-05-21,Thu,08:30,Computer_Room,23
2026-05-21,Thu,09:00,Computer_Room,18
2026-05-21,Thu,09:30,Computer_Room,27
2026-05-21,Thu,10:00,Computer_Room,22
2026-05-21,Thu,10:30,Computer_Room,26
2026-05-21,Thu,11:00,Computer_Room,36
2026-05-21,Thu,11:30,Computer_Room,31
2026-05-21,Thu,12:00,Computer_Room,35
2026-05-21,Thu,12:30,Computer_Room,30
2026-05-21,Thu,13:00,Computer_Room,28
2026-05-21,Thu,13:30,Computer_Room,23
2026-05-21,Thu,08:00,Science_Lab,15
2026-05-21,Thu,08:30,Science_Lab,10
2026-05-21,Thu,09:00,Science_Lab,14
2026-05-21,Thu,09:30,Science_Lab,14
2026-05-21,Thu,10:00,Science_Lab,18
2026-05-21,Thu,10:30,Science_Lab,22
2026-05-21,Thu,11:00,Science_Lab,23
2026-05-21,Thu,11:30,Science_Lab,27
2026-05-21,Thu,12:00,Science_Lab,22
2026-05-21,Thu,12:30,Science_Lab,26
2026-05-21,Thu,13:00,Science_Lab,15
2026-05-21,Thu,13:30,Science_Lab,19
2026-05-21,Thu,08:00,Art_Room,8
2026-05-21,Thu,08:30,Art_Room,12
2026-05-21,Thu,09:00,Art_Room,7
2026-05-21,Thu,09:30,Art_Room,16
2026-05-21,Thu,10:00,Art_Room,20
2026-05-21,Thu,10:30,Art_Room,15
2026-05-21,Thu,11:00,Art_Room,25
2026-05-21,Thu,11:30,Art_Room,20
2026-05-21,Thu,12:00,Art_Room,24
2026-05-21,Thu,12:30,Art_Room,19
2026-05-21,Thu,13:00,Art_Room,17
2026-05-21,Thu,13:30,Art_Room,12
2026-05-21,Thu,08:00,Music_Room,16
2026-05-21,Thu,08:30,Music_Room,11
2026-05-21,Thu,09:00,Music_Room,15
2026-05-21,Thu,09:30,Music_Room,24
2026-05-21,Thu,10:00,Music_Room,19
2026-05-21,Thu,10:30,Music_Room,23
2026-05-21,Thu,11:00,Music_Room,24
2026-05-21,Thu,11:30,Music_Room,28
2026-05-21,Thu,12:00,Music_Room,23
2026-05-21,Thu,12:30,Music_Room,27
2026-05-21,Thu,13:00,Music_Room,16
2026-05-21,Thu,13:30,Music_Room,20
2026-05-22,Fri,08:00,Library,20
2026-05-22,Fri,08:30,Library,24
2026-05-22,Fri,09:00,Library,19
2026-05-22,Fri,09:30,Library,28
2026-05-22,Fri,10:00,Library,23
2026-05-22,Fri,10:30,Library,27
2026-05-22,Fri,11:00,Library,37
2026-05-22,Fri,11:30,Library,32
2026-05-22,Fri,12:00,Library,36
2026-05-22,Fri,12:30,Library,31
2026-05-22,Fri,13:00,Library,29
2026-05-22,Fri,13:30,Library,24
2026-05-22,Fri,08:00,Gym,30
2026-05-22,Fri,08:30,Gym,25
2026-05-22,Fri,09:00,Gym,29
2026-05-22,Fri,09:30,Gym,29
2026-05-22,Fri,10:00,Gym,33
2026-05-22,Fri,10:30,Gym,37
2026-05-22,Fri,11:00,Gym,38
2026-05-22,Fri,11:30,Gym,42
2026-05-22,Fri,12:00,Gym,37
2026-05-22,Fri,12:30,Gym,41
2026-05-22,Fri,13:00,Gym,30
2026-05-22,Fri,13:30,Gym,34
2026-05-22,Fri,08:00,Computer_Room,22
2026-05-22,Fri,08:30,Computer_Room,26
2026-05-22,Fri,09:00,Computer_Room,21
2026-05-22,Fri,09:30,Computer_Room,30
2026-05-22,Fri,10:00,Computer_Room,34
2026-05-22,Fri,10:30,Computer_Room,29
2026-05-22,Fri,11:00,Computer_Room,39
2026-05-22,Fri,11:30,Computer_Room,34
2026-05-22,Fri,12:00,Computer_Room,38
2026-05-22,Fri,12:30,Computer_Room,33
2026-05-22,Fri,13:00,Computer_Room,31
2026-05-22,Fri,13:30,Computer_Room,26
2026-05-22,Fri,08:00,Science_Lab,18
2026-05-22,Fri,08:30,Science_Lab,13
2026-05-22,Fri,09:00,Science_Lab,17
2026-05-22,Fri,09:30,Science_Lab,26
2026-05-22,Fri,10:00,Science_Lab,21
2026-05-22,Fri,10:30,Science_Lab,25
2026-05-22,Fri,11:00,Science_Lab,26
2026-05-22,Fri,11:30,Science_Lab,30
2026-05-22,Fri,12:00,Science_Lab,25
2026-05-22,Fri,12:30,Science_Lab,29
2026-05-22,Fri,13:00,Science_Lab,18
2026-05-22,Fri,13:30,Science_Lab,22
2026-05-22,Fri,08:00,Art_Room,11
2026-05-22,Fri,08:30,Art_Room,15
2026-05-22,Fri,09:00,Art_Room,19
2026-05-22,Fri,09:30,Art_Room,19
2026-05-22,Fri,10:00,Art_Room,23
2026-05-22,Fri,10:30,Art_Room,18
2026-05-22,Fri,11:00,Art_Room,28
2026-05-22,Fri,11:30,Art_Room,23
2026-05-22,Fri,12:00,Art_Room,27
2026-05-22,Fri,12:30,Art_Room,22
2026-05-22,Fri,13:00,Art_Room,20
2026-05-22,Fri,13:30,Art_Room,24
2026-05-22,Fri,08:00,Music_Room,19
2026-05-22,Fri,08:30,Music_Room,23
2026-05-22,Fri,09:00,Music_Room,18
2026-05-22,Fri,09:30,Music_Room,27
2026-05-22,Fri,10:00,Music_Room,22
2026-05-22,Fri,10:30,Music_Room,26
2026-05-22,Fri,11:00,Music_Room,27
2026-05-22,Fri,11:30,Music_Room,31
2026-05-22,Fri,12:00,Music_Room,26
2026-05-22,Fri,12:30,Music_Room,30
2026-05-22,Fri,13:00,Music_Room,28
2026-05-22,Fri,13:30,Music_Room,23
2026-05-25,Mon,08:00,Library,15
2026-05-25,Mon,08:30,Library,19
2026-05-25,Mon,09:00,Library,14
2026-05-25,Mon,09:30,Library,23
2026-05-25,Mon,10:00,Library,27
2026-05-25,Mon,10:30,Library,22
2026-05-25,Mon,11:00,Library,32
2026-05-25,Mon,11:30,Library,27
2026-05-25,Mon,12:00,Library,31
2026-05-25,Mon,12:30,Library,26
2026-05-25,Mon,13:00,Library,24
2026-05-25,Mon,13:30,Library,19
2026-05-25,Mon,08:00,Gym,25
2026-05-25,Mon,08:30,Gym,20
2026-05-25,Mon,09:00,Gym,24
2026-05-25,Mon,09:30,Gym,33
2026-05-25,Mon,10:00,Gym,28
2026-05-25,Mon,10:30,Gym,32
2026-05-25,Mon,11:00,Gym,33
2026-05-25,Mon,11:30,Gym,37
2026-05-25,Mon,12:00,Gym,32
2026-05-25,Mon,12:30,Gym,36
2026-05-25,Mon,13:00,Gym,25
2026-05-25,Mon,13:30,Gym,29
2026-05-25,Mon,08:00,Computer_Room,17
2026-05-25,Mon,08:30,Computer_Room,21
2026-05-25,Mon,09:00,Computer_Room,25
2026-05-25,Mon,09:30,Computer_Room,25
2026-05-25,Mon,10:00,Computer_Room,29
2026-05-25,Mon,10:30,Computer_Room,24
2026-05-25,Mon,11:00,Computer_Room,34
2026-05-25,Mon,11:30,Computer_Room,29
2026-05-25,Mon,12:00,Computer_Room,33
2026-05-25,Mon,12:30,Computer_Room,28
2026-05-25,Mon,13:00,Computer_Room,26
2026-05-25,Mon,13:30,Computer_Room,30
2026-05-25,Mon,08:00,Science_Lab,13
2026-05-25,Mon,08:30,Science_Lab,17
2026-05-25,Mon,09:00,Science_Lab,12
2026-05-25,Mon,09:30,Science_Lab,21
2026-05-25,Mon,10:00,Science_Lab,16
2026-05-25,Mon,10:30,Science_Lab,20
2026-05-25,Mon,11:00,Science_Lab,21
2026-05-25,Mon,11:30,Science_Lab,25
2026-05-25,Mon,12:00,Science_Lab,20
2026-05-25,Mon,12:30,Science_Lab,24
2026-05-25,Mon,13:00,Science_Lab,22
2026-05-25,Mon,13:30,Science_Lab,17
2026-05-25,Mon,08:00,Art_Room,15
2026-05-25,Mon,08:30,Art_Room,10
2026-05-25,Mon,09:00,Art_Room,14
2026-05-25,Mon,09:30,Art_Room,14
2026-05-25,Mon,10:00,Art_Room,18
2026-05-25,Mon,10:30,Art_Room,13
2026-05-25,Mon,11:00,Art_Room,23
2026-05-25,Mon,11:30,Art_Room,18
2026-05-25,Mon,12:00,Art_Room,22
2026-05-25,Mon,12:30,Art_Room,26
2026-05-25,Mon,13:00,Art_Room,15
2026-05-25,Mon,13:30,Art_Room,19
2026-05-25,Mon,08:00,Music_Room,14
2026-05-25,Mon,08:30,Music_Room,18
2026-05-25,Mon,09:00,Music_Room,13
2026-05-25,Mon,09:30,Music_Room,22
2026-05-25,Mon,10:00,Music_Room,17
2026-05-25,Mon,10:30,Music_Room,21
2026-05-25,Mon,11:00,Music_Room,22
2026-05-25,Mon,11:30,Music_Room,26
2026-05-25,Mon,12:00,Music_Room,30
2026-05-25,Mon,12:30,Music_Room,25
2026-05-25,Mon,13:00,Music_Room,23
2026-05-25,Mon,13:30,Music_Room,18
2026-05-26,Tue,08:00,Library,14
2026-05-26,Tue,08:30,Library,18
2026-05-26,Tue,09:00,Library,22
2026-05-26,Tue,09:30,Library,22
2026-05-26,Tue,10:00,Library,26
2026-05-26,Tue,10:30,Library,21
2026-05-26,Tue,11:00,Library,31
2026-05-26,Tue,11:30,Library,26
2026-05-26,Tue,12:00,Library,30
2026-05-26,Tue,12:30,Library,25
2026-05-26,Tue,13:00,Library,23
2026-05-26,Tue,13:30,Library,27
2026-05-26,Tue,08:00,Gym,24
2026-05-26,Tue,08:30,Gym,28
2026-05-26,Tue,09:00,Gym,23
2026-05-26,Tue,09:30,Gym,32
2026-05-26,Tue,10:00,Gym,27
2026-05-26,Tue,10:30,Gym,31
2026-05-26,Tue,11:00,Gym,32
2026-05-26,Tue,11:30,Gym,36
2026-05-26,Tue,12:00,Gym,31
2026-05-26,Tue,12:30,Gym,35
2026-05-26,Tue,13:00,Gym,33
2026-05-26,Tue,13:30,Gym,28
2026-05-26,Tue,08:00,Computer_Room,25
2026-05-26,Tue,08:30,Computer_Room,20
2026-05-26,Tue,09:00,Computer_Room,24
2026-05-26,Tue,09:30,Computer_Room,24
2026-05-26,Tue,10:00,Computer_Room,28
2026-05-26,Tue,10:30,Computer_Room,23
2026-05-26,Tue,11:00,Computer_Room,33
2026-05-26,Tue,11:30,Computer_Room,28
2026-05-26,Tue,12:00,Computer_Room,32
2026-05-26,Tue,12:30,Computer_Room,36
2026-05-26,Tue,13:00,Computer_Room,25
2026-05-26,Tue,13:30,Computer_Room,29
2026-05-26,Tue,08:00,Science_Lab,12
2026-05-26,Tue,08:30,Science_Lab,16
2026-05-26,Tue,09:00,Science_Lab,11
2026-05-26,Tue,09:30,Science_Lab,20
2026-05-26,Tue,10:00,Science_Lab,15
2026-05-26,Tue,10:30,Science_Lab,19
2026-05-26,Tue,11:00,Science_Lab,20
2026-05-26,Tue,11:30,Science_Lab,24
2026-05-26,Tue,12:00,Science_Lab,28
2026-05-26,Tue,12:30,Science_Lab,23
2026-05-26,Tue,13:00,Science_Lab,21
2026-05-26,Tue,13:30,Science_Lab,16
2026-05-26,Tue,08:00,Art_Room,14
2026-05-26,Tue,08:30,Art_Room,9
2026-05-26,Tue,09:00,Art_Room,13
2026-05-26,Tue,09:30,Art_Room,13
2026-05-26,Tue,10:00,Art_Room,17
2026-05-26,Tue,10:30,Art_Room,12
2026-05-26,Tue,11:00,Art_Room,22
2026-05-26,Tue,11:30,Art_Room,26
2026-05-26,Tue,12:00,Art_Room,21
2026-05-26,Tue,12:30,Art_Room,25
2026-05-26,Tue,13:00,Art_Room,14
2026-05-26,Tue,13:30,Art_Room,18
2026-05-26,Tue,08:00,Music_Room,13
2026-05-26,Tue,08:30,Music_Room,17
2026-05-26,Tue,09:00,Music_Room,12
2026-05-26,Tue,09:30,Music_Room,21
2026-05-26,Tue,10:00,Music_Room,16
2026-05-26,Tue,10:30,Music_Room,20
2026-05-26,Tue,11:00,Music_Room,30
2026-05-26,Tue,11:30,Music_Room,25
2026-05-26,Tue,12:00,Music_Room,29
2026-05-26,Tue,12:30,Music_Room,24
2026-05-26,Tue,13:00,Music_Room,22
2026-05-26,Tue,13:30,Music_Room,17
2026-05-27,Wed,08:00,Library,22
2026-05-27,Wed,08:30,Library,17
2026-05-27,Wed,09:00,Library,21
2026-05-27,Wed,09:30,Library,21
2026-05-27,Wed,10:00,Library,25
2026-05-27,Wed,10:30,Library,20
2026-05-27,Wed,11:00,Library,30
2026-05-27,Wed,11:30,Library,25
2026-05-27,Wed,12:00,Library,29
2026-05-27,Wed,12:30,Library,33
2026-05-27,Wed,13:00,Library,22
2026-05-27,Wed,13:30,Library,26
2026-05-27,Wed,08:00,Gym,23
2026-05-27,Wed,08:30,Gym,27
2026-05-27,Wed,09:00,Gym,22
2026-05-27,Wed,09:30,Gym,31
2026-05-27,Wed,10:00,Gym,26
2026-05-27,Wed,10:30,Gym,30
2026-05-27,Wed,11:00,Gym,31
2026-05-27,Wed,11:30,Gym,35
2026-05-27,Wed,12:00,Gym,39
2026-05-27,Wed,12:30,Gym,34
2026-05-27,Wed,13:00,Gym,32
2026-05-27,Wed,13:30,Gym,27
2026-05-27,Wed,08:00,Computer_Room,24
2026-05-27,Wed,08:30,Computer_Room,19
2026-05-27,Wed,09:00,Computer_Room,23
2026-05-27,Wed,09:30,Computer_Room,23
2026-05-27,Wed,10:00,Computer_Room,27
2026-05-27,Wed,10:30,Computer_Room,22
2026-05-27,Wed,11:00,Computer_Room,32
2026-05-27,Wed,11:30,Computer_Room,36
2026-05-27,Wed,12:00,Computer_Room,31
2026-05-27,Wed,12:30,Computer_Room,35
2026-05-27,Wed,13:00,Computer_Room,24
2026-05-27,Wed,13:30,Computer_Room,28
2026-05-27,Wed,08:00,Science_Lab,11
2026-05-27,Wed,08:30,Science_Lab,15
2026-05-27,Wed,09:00,Science_Lab,10
2026-05-27,Wed,09:30,Science_Lab,19
2026-05-27,Wed,10:00,Science_Lab,14
2026-05-27,Wed,10:30,Science_Lab,18
2026-05-27,Wed,11:00,Science_Lab,28
2026-05-27,Wed,11:30,Science_Lab,23
2026-05-27,Wed,12:00,Science_Lab,27
2026-05-27,Wed,12:30,Science_Lab,22
2026-05-27,Wed,13:00,Science_Lab,20
2026-05-27,Wed,13:30,Science_Lab,15
2026-05-27,Wed,08:00,Art_Room,13
2026-05-27,Wed,08:30,Art_Room,8
2026-05-27,Wed,09:00,Art_Room,12
2026-05-27,Wed,09:30,Art_Room,12
2026-05-27,Wed,10:00,Art_Room,16
2026-05-27,Wed,10:30,Art_Room,20
2026-05-27,Wed,11:00,Art_Room,21
2026-05-27,Wed,11:30,Art_Room,25
2026-05-27,Wed,12:00,Art_Room,20
2026-05-27,Wed,12:30,Art_Room,24
2026-05-27,Wed,13:00,Art_Room,13
2026-05-27,Wed,13:30,Art_Room,17
2026-05-27,Wed,08:00,Music_Room,12
2026-05-27,Wed,08:30,Music_Room,16
2026-05-27,Wed,09:00,Music_Room,11
2026-05-27,Wed,09:30,Music_Room,20
2026-05-27,Wed,10:00,Music_Room,24
2026-05-27,Wed,10:30,Music_Room,19
2026-05-27,Wed,11:00,Music_Room,29
2026-05-27,Wed,11:30,Music_Room,24
2026-05-27,Wed,12:00,Music_Room,28
2026-05-27,Wed,12:30,Music_Room,23
2026-05-27,Wed,13:00,Music_Room,21
2026-05-27,Wed,13:30,Music_Room,16
2026-05-28,Thu,08:00,Library,21
2026-05-28,Thu,08:30,Library,16
2026-05-28,Thu,09:00,Library,20
2026-05-28,Thu,09:30,Library,20
2026-05-28,Thu,10:00,Library,24
2026-05-28,Thu,10:30,Library,19
2026-05-28,Thu,11:00,Library,29
2026-05-28,Thu,11:30,Library,33
2026-05-28,Thu,12:00,Library,28
2026-05-28,Thu,12:30,Library,32
2026-05-28,Thu,13:00,Library,21
2026-05-28,Thu,13:30,Library,25
2026-05-28,Thu,08:00,Gym,22
2026-05-28,Thu,08:30,Gym,26
2026-05-28,Thu,09:00,Gym,21
2026-05-28,Thu,09:30,Gym,30
2026-05-28,Thu,10:00,Gym,25
2026-05-28,Thu,10:30,Gym,29
2026-05-28,Thu,11:00,Gym,39
2026-05-28,Thu,11:30,Gym,34
2026-05-28,Thu,12:00,Gym,38
2026-05-28,Thu,12:30,Gym,33
2026-05-28,Thu,13:00,Gym,31
2026-05-28,Thu,13:30,Gym,26
2026-05-28,Thu,08:00,Computer_Room,23
2026-05-28,Thu,08:30,Computer_Room,18
2026-05-28,Thu,09:00,Computer_Room,22
2026-05-28,Thu,09:30,Computer_Room,22
2026-05-28,Thu,10:00,Computer_Room,26
2026-05-28,Thu,10:30,Computer_Room,30
2026-05-28,Thu,11:00,Computer_Room,31
2026-05-28,Thu,11:30,Computer_Room,35
2026-05-28,Thu,12:00,Computer_Room,30
2026-05-28,Thu,12:30,Computer_Room,34
2026-05-28,Thu,13:00,Computer_Room,23
2026-05-28,Thu,13:30,Computer_Room,27
2026-05-28,Thu,08:00,Science_Lab,10
2026-05-28,Thu,08:30,Science_Lab,14
2026-05-28,Thu,09:00,Science_Lab,9
2026-05-28,Thu,09:30,Science_Lab,18
2026-05-28,Thu,10:00,Science_Lab,22
2026-05-28,Thu,10:30,Science_Lab,17
2026-05-28,Thu,11:00,Science_Lab,27
2026-05-28,Thu,11:30,Science_Lab,22
2026-05-28,Thu,12:00,Science_Lab,26
2026-05-28,Thu,12:30,Science_Lab,21
2026-05-28,Thu,13:00,Science_Lab,19
2026-05-28,Thu,13:30,Science_Lab,14
2026-05-28,Thu,08:00,Art_Room,12
2026-05-28,Thu,08:30,Art_Room,7
2026-05-28,Thu,09:00,Art_Room,11
2026-05-28,Thu,09:30,Art_Room,20
2026-05-28,Thu,10:00,Art_Room,15
2026-05-28,Thu,10:30,Art_Room,19
2026-05-28,Thu,11:00,Art_Room,20
2026-05-28,Thu,11:30,Art_Room,24
2026-05-28,Thu,12:00,Art_Room,19
2026-05-28,Thu,12:30,Art_Room,23
2026-05-28,Thu,13:00,Art_Room,12
2026-05-28,Thu,13:30,Art_Room,16
2026-05-28,Thu,08:00,Music_Room,11
2026-05-28,Thu,08:30,Music_Room,15
2026-05-28,Thu,09:00,Music_Room,19
2026-05-28,Thu,09:30,Music_Room,19
2026-05-28,Thu,10:00,Music_Room,23
2026-05-28,Thu,10:30,Music_Room,18
2026-05-28,Thu,11:00,Music_Room,28
2026-05-28,Thu,11:30,Music_Room,23
2026-05-28,Thu,12:00,Music_Room,27
2026-05-28,Thu,12:30,Music_Room,22
2026-05-28,Thu,13:00,Music_Room,20
2026-05-28,Thu,13:30,Music_Room,24
2026-05-29,Fri,08:00,Library,24
2026-05-29,Fri,08:30,Library,19
2026-05-29,Fri,09:00,Library,23
2026-05-29,Fri,09:30,Library,23
2026-05-29,Fri,10:00,Library,27
2026-05-29,Fri,10:30,Library,31
2026-05-29,Fri,11:00,Library,32
2026-05-29,Fri,11:30,Library,36
2026-05-29,Fri,12:00,Library,31
2026-05-29,Fri,12:30,Library,35
2026-05-29,Fri,13:00,Library,24
2026-05-29,Fri,13:30,Library,28
2026-05-29,Fri,08:00,Gym,25
2026-05-29,Fri,08:30,Gym,29
2026-05-29,Fri,09:00,Gym,24
2026-05-29,Fri,09:30,Gym,33
2026-05-29,Fri,10:00,Gym,37
2026-05-29,Fri,10:30,Gym,32
2026-05-29,Fri,11:00,Gym,42
2026-05-29,Fri,11:30,Gym,37
2026-05-29,Fri,12:00,Gym,41
2026-05-29,Fri,12:30,Gym,36
2026-05-29,Fri,13:00,Gym,34
2026-05-29,Fri,13:30,Gym,29
2026-05-29,Fri,08:00,Computer_Room,26
2026-05-29,Fri,08:30,Computer_Room,21
2026-05-29,Fri,09:00,Computer_Room,25
2026-05-29,Fri,09:30,Computer_Room,34
2026-05-29,Fri,10:00,Computer_Room,29
2026-05-29,Fri,10:30,Computer_Room,33
2026-05-29,Fri,11:00,Computer_Room,34
2026-05-29,Fri,11:30,Computer_Room,38
2026-05-29,Fri,12:00,Computer_Room,33
2026-05-29,Fri,12:30,Computer_Room,37
2026-05-29,Fri,13:00,Computer_Room,26
2026-05-29,Fri,13:30,Computer_Room,30
2026-05-29,Fri,08:00,Science_Lab,13
2026-05-29,Fri,08:30,Science_Lab,17
2026-05-29,Fri,09:00,Science_Lab,21
2026-05-29,Fri,09:30,Science_Lab,21
2026-05-29,Fri,10:00,Science_Lab,25
2026-05-29,Fri,10:30,Science_Lab,20
2026-05-29,Fri,11:00,Science_Lab,30
2026-05-29,Fri,11:30,Science_Lab,25
2026-05-29,Fri,12:00,Science_Lab,29
2026-05-29,Fri,12:30,Science_Lab,24
2026-05-29,Fri,13:00,Science_Lab,22
2026-05-29,Fri,13:30,Science_Lab,26
2026-05-29,Fri,08:00,Art_Room,15
2026-05-29,Fri,08:30,Art_Room,19
2026-05-29,Fri,09:00,Art_Room,14
2026-05-29,Fri,09:30,Art_Room,23
2026-05-29,Fri,10:00,Art_Room,18
2026-05-29,Fri,10:30,Art_Room,22
2026-05-29,Fri,11:00,Art_Room,23
2026-05-29,Fri,11:30,Art_Room,27
2026-05-29,Fri,12:00,Art_Room,22
2026-05-29,Fri,12:30,Art_Room,26
2026-05-29,Fri,13:00,Art_Room,24
2026-05-29,Fri,13:30,Art_Room,19
2026-05-29,Fri,08:00,Music_Room,23
2026-05-29,Fri,08:30,Music_Room,18
2026-05-29,Fri,09:00,Music_Room,22
2026-05-29,Fri,09:30,Music_Room,22
2026-05-29,Fri,10:00,Music_Room,26
2026-05-29,Fri,10:30,Music_Room,21
2026-05-29,Fri,11:00,Music_Room,31
2026-05-29,Fri,11:30,Music_Room,26
2026-05-29,Fri,12:00,Music_Room,30
2026-05-29,Fri,12:30,Music_Room,34
2026-05-29,Fri,13:00,Music_Room,23
2026-05-29,Fri,13:30,Music_Room,27
2026-06-01,Mon,08:00,Library,19
2026-06-01,Mon,08:30,Library,14
2026-06-01,Mon,09:00,Library,18
2026-06-01,Mon,09:30,Library,27
2026-06-01,Mon,10:00,Library,22
2026-06-01,Mon,10:30,Library,26
2026-06-01,Mon,11:00,Library,27
2026-06-01,Mon,11:30,Library,31
2026-06-01,Mon,12:00,Library,26
2026-06-01,Mon,12:30,Library,30
2026-06-01,Mon,13:00,Library,19
2026-06-01,Mon,13:30,Library,23
2026-06-01,Mon,08:00,Gym,20
2026-06-01,Mon,08:30,Gym,24
2026-06-01,Mon,09:00,Gym,28
2026-06-01,Mon,09:30,Gym,28
2026-06-01,Mon,10:00,Gym,32
2026-06-01,Mon,10:30,Gym,27
2026-06-01,Mon,11:00,Gym,37
2026-06-01,Mon,11:30,Gym,32
2026-06-01,Mon,12:00,Gym,36
2026-06-01,Mon,12:30,Gym,31
2026-06-01,Mon,13:00,Gym,29
2026-06-01,Mon,13:30,Gym,33
2026-06-01,Mon,08:00,Computer_Room,21
2026-06-01,Mon,08:30,Computer_Room,25
2026-06-01,Mon,09:00,Computer_Room,20
2026-06-01,Mon,09:30,Computer_Room,29
2026-06-01,Mon,10:00,Computer_Room,24
2026-06-01,Mon,10:30,Computer_Room,28
2026-06-01,Mon,11:00,Computer_Room,29
2026-06-01,Mon,11:30,Computer_Room,33
2026-06-01,Mon,12:00,Computer_Room,28
2026-06-01,Mon,12:30,Computer_Room,32
2026-06-01,Mon,13:00,Computer_Room,30
2026-06-01,Mon,13:30,Computer_Room,25
2026-06-01,Mon,08:00,Science_Lab,17
2026-06-01,Mon,08:30,Science_Lab,12
2026-06-01,Mon,09:00,Science_Lab,16
2026-06-01,Mon,09:30,Science_Lab,16
2026-06-01,Mon,10:00,Science_Lab,20
2026-06-01,Mon,10:30,Science_Lab,15
2026-06-01,Mon,11:00,Science_Lab,25
2026-06-01,Mon,11:30,Science_Lab,20
2026-06-01,Mon,12:00,Science_Lab,24
2026-06-01,Mon,12:30,Science_Lab,28
2026-06-01,Mon,13:00,Science_Lab,17
2026-06-01,Mon,13:30,Science_Lab,21
2026-06-01,Mon,08:00,Art_Room,10
2026-06-01,Mon,08:30,Art_Room,14
2026-06-01,Mon,09:00,Art_Room,9
2026-06-01,Mon,09:30,Art_Room,18
2026-06-01,Mon,10:00,Art_Room,13
2026-06-01,Mon,10:30,Art_Room,17
2026-06-01,Mon,11:00,Art_Room,18
2026-06-01,Mon,11:30,Art_Room,22
2026-06-01,Mon,12:00,Art_Room,26
2026-06-01,Mon,12:30,Art_Room,21
2026-06-01,Mon,13:00,Art_Room,19
2026-06-01,Mon,13:30,Art_Room,14
2026-06-01,Mon,08:00,Music_Room,18
2026-06-01,Mon,08:30,Music_Room,13
2026-06-01,Mon,09:00,Music_Room,17
2026-06-01,Mon,09:30,Music_Room,17
2026-06-01,Mon,10:00,Music_Room,21
2026-06-01,Mon,10:30,Music_Room,16
2026-06-01,Mon,11:00,Music_Room,26
2026-06-01,Mon,11:30,Music_Room,30
2026-06-01,Mon,12:00,Music_Room,25
2026-06-01,Mon,12:30,Music_Room,29
2026-06-01,Mon,13:00,Music_Room,18
2026-06-01,Mon,13:30,Music_Room,22
2026-06-02,Tue,08:00,Library,18
2026-06-02,Tue,08:30,Library,22
2026-06-02,Tue,09:00,Library,17
2026-06-02,Tue,09:30,Library,26
2026-06-02,Tue,10:00,Library,21
2026-06-02,Tue,10:30,Library,25
2026-06-02,Tue,11:00,Library,26
2026-06-02,Tue,11:30,Library,30
2026-06-02,Tue,12:00,Library,25
2026-06-02,Tue,12:30,Library,29
2026-06-02,Tue,13:00,Library,27
2026-06-02,Tue,13:30,Library,22
2026-06-02,Tue,08:00,Gym,28
2026-06-02,Tue,08:30,Gym,23
2026-06-02,Tue,09:00,Gym,27
2026-06-02,Tue,09:30,Gym,27
2026-06-02,Tue,10:00,Gym,31
2026-06-02,Tue,10:30,Gym,26
2026-06-02,Tue,11:00,Gym,36
2026-06-02,Tue,11:30,Gym,31
2026-06-02,Tue,12:00,Gym,35
2026-06-02,Tue,12:30,Gym,39
2026-06-02,Tue,13:00,Gym,28
2026-06-02,Tue,13:30,Gym,32
2026-06-02,Tue,08:00,Computer_Room,20
2026-06-02,Tue,08:30,Computer_Room,24
2026-06-02,Tue,09:00,Computer_Room,19
2026-06-02,Tue,09:30,Computer_Room,28
2026-06-02,Tue,10:00,Computer_Room,23
2026-06-02,Tue,10:30,Computer_Room,27
2026-06-02,Tue,11:00,Computer_Room,28
2026-06-02,Tue,11:30,Computer_Room,32
2026-06-02,Tue,12:00,Computer_Room,36
2026-06-02,Tue,12:30,Computer_Room,31
2026-06-02,Tue,13:00,Computer_Room,29
2026-06-02,Tue,13:30,Computer_Room,24
2026-06-02,Tue,08:00,Science_Lab,16
2026-06-02,Tue,08:30,Science_Lab,11
2026-06-02,Tue,09:00,Science_Lab,15
2026-06-02,Tue,09:30,Science_Lab,15
2026-06-02,Tue,10:00,Science_Lab,19
2026-06-02,Tue,10:30,Science_Lab,14
2026-06-02,Tue,11:00,Science_Lab,24
2026-06-02,Tue,11:30,Science_Lab,28
2026-06-02,Tue,12:00,Science_Lab,23
2026-06-02,Tue,12:30,Science_Lab,27
2026-06-02,Tue,13:00,Science_Lab,16
2026-06-02,Tue,13:30,Science_Lab,20
2026-06-02,Tue,08:00,Art_Room,9
2026-06-02,Tue,08:30,Art_Room,13
2026-06-02,Tue,09:00,Art_Room,8
2026-06-02,Tue,09:30,Art_Room,17
2026-06-02,Tue,10:00,Art_Room,12
2026-06-02,Tue,10:30,Art_Room,16
2026-06-02,Tue,11:00,Art_Room,26
2026-06-02,Tue,11:30,Art_Room,21
2026-06-02,Tue,12:00,Art_Room,25
2026-06-02,Tue,12:30,Art_Room,20
2026-06-02,Tue,13:00,Art_Room,18
2026-06-02,Tue,13:30,Art_Room,13
2026-06-02,Tue,08:00,Music_Room,17
2026-06-02,Tue,08:30,Music_Room,12
2026-06-02,Tue,09:00,Music_Room,16
2026-06-02,Tue,09:30,Music_Room,16
2026-06-02,Tue,10:00,Music_Room,20
2026-06-02,Tue,10:30,Music_Room,24
2026-06-02,Tue,11:00,Music_Room,25
2026-06-02,Tue,11:30,Music_Room,29
2026-06-02,Tue,12:00,Music_Room,24
2026-06-02,Tue,12:30,Music_Room,28
2026-06-02,Tue,13:00,Music_Room,17
2026-06-02,Tue,13:30,Music_Room,21
2026-06-03,Wed,08:00,Library,17
2026-06-03,Wed,08:30,Library,21
2026-06-03,Wed,09:00,Library,16
2026-06-03,Wed,09:30,Library,25
2026-06-03,Wed,10:00,Library,20
2026-06-03,Wed,10:30,Library,24
2026-06-03,Wed,11:00,Library,25
2026-06-03,Wed,11:30,Library,29
2026-06-03,Wed,12:00,Library,33
2026-06-03,Wed,12:30,Library,28
2026-06-03,Wed,13:00,Library,26
2026-06-03,Wed,13:30,Library,21
2026-06-03,Wed,08:00,Gym,27
2026-06-03,Wed,08:30,Gym,22
2026-06-03,Wed,09:00,Gym,26
2026-06-03,Wed,09:30,Gym,26
2026-06-03,Wed,10:00,Gym,30
2026-06-03,Wed,10:30,Gym,25
2026-06-03,Wed,11:00,Gym,35
2026-06-03,Wed,11:30,Gym,39
2026-06-03,Wed,12:00,Gym,34
2026-06-03,Wed,12:30,Gym,38
2026-06-03,Wed,13:00,Gym,27
2026-06-03,Wed,13:30,Gym,31
2026-06-03,Wed,08:00,Computer_Room,19
2026-06-03,Wed,08:30,Computer_Room,23
2026-06-03,Wed,09:00,Computer_Room,18
2026-06-03,Wed,09:30,Computer_Room,27
2026-06-03,Wed,10:00,Computer_Room,22
2026-06-03,Wed,10:30,Computer_Room,26
2026-06-03,Wed,11:00,Computer_Room,36
2026-06-03,Wed,11:30,Computer_Room,31
2026-06-03,Wed,12:00,Computer_Room,35
2026-06-03,Wed,12:30,Computer_Room,30
2026-06-03,Wed,13:00,Computer_Room,28
2026-06-03,Wed,13:30,Computer_Room,23
2026-06-03,Wed,08:00,Science_Lab,15
2026-06-03,Wed,08:30,Science_Lab,10
2026-06-03,Wed,09:00,Science_Lab,14
2026-06-03,Wed,09:30,Science_Lab,14
2026-06-03,Wed,10:00,Science_Lab,18
2026-06-03,Wed,10:30,Science_Lab,22
2026-06-03,Wed,11:00,Science_Lab,23
2026-06-03,Wed,11:30,Science_Lab,27
2026-06-03,Wed,12:00,Science_Lab,22
2026-06-03,Wed,12:30,Science_Lab,26
2026-06-03,Wed,13:00,Science_Lab,15
2026-06-03,Wed,13:30,Science_Lab,19
2026-06-03,Wed,08:00,Art_Room,8
2026-06-03,Wed,08:30,Art_Room,12
2026-06-03,Wed,09:00,Art_Room,7
2026-06-03,Wed,09:30,Art_Room,16
2026-06-03,Wed,10:00,Art_Room,20
2026-06-03,Wed,10:30,Art_Room,15
2026-06-03,Wed,11:00,Art_Room,25
2026-06-03,Wed,11:30,Art_Room,20
2026-06-03,Wed,12:00,Art_Room,24
2026-06-03,Wed,12:30,Art_Room,19
2026-06-03,Wed,13:00,Art_Room,17
2026-06-03,Wed,13:30,Art_Room,12
2026-06-03,Wed,08:00,Music_Room,16
2026-06-03,Wed,08:30,Music_Room,11
2026-06-03,Wed,09:00,Music_Room,15
2026-06-03,Wed,09:30,Music_Room,24
2026-06-03,Wed,10:00,Music_Room,19
2026-06-03,Wed,10:30,Music_Room,23
2026-06-03,Wed,11:00,Music_Room,24
2026-06-03,Wed,11:30,Music_Room,28
2026-06-03,Wed,12:00,Music_Room,23
2026-06-03,Wed,12:30,Music_Room,27
2026-06-03,Wed,13:00,Music_Room,16
2026-06-03,Wed,13:30,Music_Room,20
2026-06-04,Thu,08:00,Library,16
2026-06-04,Thu,08:30,Library,20
2026-06-04,Thu,09:00,Library,15
2026-06-04,Thu,09:30,Library,24
2026-06-04,Thu,10:00,Library,19
2026-06-04,Thu,10:30,Library,23
2026-06-04,Thu,11:00,Library,33
2026-06-04,Thu,11:30,Library,28
2026-06-04,Thu,12:00,Library,32
2026-06-04,Thu,12:30,Library,27
2026-06-04,Thu,13:00,Library,25
2026-06-04,Thu,13:30,Library,20
2026-06-04,Thu,08:00,Gym,26
2026-06-04,Thu,08:30,Gym,21
2026-06-04,Thu,09:00,Gym,25
2026-06-04,Thu,09:30,Gym,25
2026-06-04,Thu,10:00,Gym,29
2026-06-04,Thu,10:30,Gym,33
2026-06-04,Thu,11:00,Gym,34
2026-06-04,Thu,11:30,Gym,38
2026-06-04,Thu,12:00,Gym,33
2026-06-04,Thu,12:30,Gym,37
2026-06-04,Thu,13:00,Gym,26
2026-06-04,Thu,13:30,Gym,30
2026-06-04,Thu,08:00,Computer_Room,18
2026-06-04,Thu,08:30,Computer_Room,22
2026-06-04,Thu,09:00,Computer_Room,17
2026-06-04,Thu,09:30,Computer_Room,26
2026-06-04,Thu,10:00,Computer_Room,30
2026-06-04,Thu,10:30,Computer_Room,25
2026-06-04,Thu,11:00,Computer_Room,35
2026-06-04,Thu,11:30,Computer_Room,30
2026-06-04,Thu,12:00,Computer_Room,34
2026-06-04,Thu,12:30,Computer_Room,29
2026-06-04,Thu,13:00,Computer_Room,27
2026-06-04,Thu,13:30,Computer_Room,22
2026-06-04,Thu,08:00,Science_Lab,14
2026-06-04,Thu,08:30,Science_Lab,9
2026-06-04,Thu,09:00,Science_Lab,13
2026-06-04,Thu,09:30,Science_Lab,22
2026-06-04,Thu,10:00,Science_Lab,17
2026-06-04,Thu,10:30,Science_Lab,21
2026-06-04,Thu,11:00,Science_Lab,22
2026-06-04,Thu,11:30,Science_Lab,26
2026-06-04,Thu,12:00,Science_Lab,21
2026-06-04,Thu,12:30,Science_Lab,25
2026-06-04,Thu,13:00,Science_Lab,14
2026-06-04,Thu,13:30,Science_Lab,18
2026-06-04,Thu,08:00,Art_Room,7
2026-06-04,Thu,08:30,Art_Room,11
2026-06-04,Thu,09:00,Art_Room,15
2026-06-04,Thu,09:30,Art_Room,15
2026-06-04,Thu,10:00,Art_Room,19
2026-06-04,Thu,10:30,Art_Room,14
2026-06-04,Thu,11:00,Art_Room,24
2026-06-04,Thu,11:30,Art_Room,19
2026-06-04,Thu,12:00,Art_Room,23
2026-06-04,Thu,12:30,Art_Room,18
2026-06-04,Thu,13:00,Art_Room,16
2026-06-04,Thu,13:30,Art_Room,20
2026-06-04,Thu,08:00,Music_Room,15
2026-06-04,Thu,08:30,Music_Room,19
2026-06-04,Thu,09:00,Music_Room,14
2026-06-04,Thu,09:30,Music_Room,23
2026-06-04,Thu,10:00,Music_Room,18
2026-06-04,Thu,10:30,Music_Room,22
2026-06-04,Thu,11:00,Music_Room,23
2026-06-04,Thu,11:30,Music_Room,27
2026-06-04,Thu,12:00,Music_Room,22
2026-06-04,Thu,12:30,Music_Room,26
2026-06-04,Thu,13:00,Music_Room,24
2026-06-04,Thu,13:30,Music_Room,19
2026-06-05,Fri,08:00,Library,19
2026-06-05,Fri,08:30,Library,23
2026-06-05,Fri,09:00,Library,18
2026-06-05,Fri,09:30,Library,27
2026-06-05,Fri,10:00,Library,31
2026-06-05,Fri,10:30,Library,26
2026-06-05,Fri,11:00,Library,36
2026-06-05,Fri,11:30,Library,31
2026-06-05,Fri,12:00,Library,35
2026-06-05,Fri,12:30,Library,30
2026-06-05,Fri,13:00,Library,28
2026-06-05,Fri,13:30,Library,23
2026-06-05,Fri,08:00,Gym,29
2026-06-05,Fri,08:30,Gym,24
2026-06-05,Fri,09:00,Gym,28
2026-06-05,Fri,09:30,Gym,37
2026-06-05,Fri,10:00,Gym,32
2026-06-05,Fri,10:30,Gym,36
2026-06-05,Fri,11:00,Gym,37
2026-06-05,Fri,11:30,Gym,41
2026-06-05,Fri,12:00,Gym,36
2026-06-05,Fri,12:30,Gym,40
2026-06-05,Fri,13:00,Gym,29
2026-06-05,Fri,13:30,Gym,33
2026-06-05,Fri,08:00,Computer_Room,21
2026-06-05,Fri,08:30,Computer_Room,25
2026-06-05,Fri,09:00,Computer_Room,29
2026-06-05,Fri,09:30,Computer_Room,29
2026-06-05,Fri,10:00,Computer_Room,33
2026-06-05,Fri,10:30,Computer_Room,28
2026-06-05,Fri,11:00,Computer_Room,38
2026-06-05,Fri,11:30,Computer_Room,33
2026-06-05,Fri,12:00,Computer_Room,37
2026-06-05,Fri,12:30,Computer_Room,32
2026-06-05,Fri,13:00,Computer_Room,30
2026-06-05,Fri,13:30,Computer_Room,34
2026-06-05,Fri,08:00,Science_Lab,17
2026-06-05,Fri,08:30,Science_Lab,21
2026-06-05,Fri,09:00,Science_Lab,16
2026-06-05,Fri,09:30,Science_Lab,25
2026-06-05,Fri,10:00,Science_Lab,20
2026-06-05,Fri,10:30,Science_Lab,24
2026-06-05,Fri,11:00,Science_Lab,25
2026-06-05,Fri,11:30,Science_Lab,29
2026-06-05,Fri,12:00,Science_Lab,24
2026-06-05,Fri,12:30,Science_Lab,28
2026-06-05,Fri,13:00,Science_Lab,26
2026-06-05,Fri,13:30,Science_Lab,21
2026-06-05,Fri,08:00,Art_Room,19
2026-06-05,Fri,08:30,Art_Room,14
2026-06-05,Fri,09:00,Art_Room,18
2026-06-05,Fri,09:30,Art_Room,18
2026-06-05,Fri,10:00,Art_Room,22
2026-06-05,Fri,10:30,Art_Room,17
2026-06-05,Fri,11:00,Art_Room,27
2026-06-05,Fri,11:30,Art_Room,22
2026-06-05,Fri,12:00,Art_Room,26
2026-06-05,Fri,12:30,Art_Room,30
2026-06-05,Fri,13:00,Art_Room,19
2026-06-05,Fri,13:30,Art_Room,23
2026-06-05,Fri,08:00,Music_Room,18
2026-06-05,Fri,08:30,Music_Room,22
2026-06-05,Fri,09:00,Music_Room,17
2026-06-05,Fri,09:30,Music_Room,26
2026-06-05,Fri,10:00,Music_Room,21
2026-06-05,Fri,10:30,Music_Room,25
2026-06-05,Fri,11:00,Music_Room,26
2026-06-05,Fri,11:30,Music_Room,30
2026-06-05,Fri,12:00,Music_Room,34
2026-06-05,Fri,12:30,Music_Room,29
2026-06-05,Fri,13:00,Music_Room,27
2026-06-05,Fri,13:30,Music_Room,22
2026-06-08,Mon,08:00,Library,14
2026-06-08,Mon,08:30,Library,18
2026-06-08,Mon,09:00,Library,22
2026-06-08,Mon,09:30,Library,22
2026-06-08,Mon,10:00,Library,26
2026-06-08,Mon,10:30,Library,21
2026-06-08,Mon,11:00,Library,31
2026-06-08,Mon,11:30,Library,26
2026-06-08,Mon,12:00,Library,30
2026-06-08,Mon,12:30,Library,25
2026-06-08,Mon,13:00,Library,23
2026-06-08,Mon,13:30,Library,27
2026-06-08,Mon,08:00,Gym,24
2026-06-08,Mon,08:30,Gym,28
2026-06-08,Mon,09:00,Gym,23
2026-06-08,Mon,09:30,Gym,32
2026-06-08,Mon,10:00,Gym,27
2026-06-08,Mon,10:30,Gym,31
2026-06-08,Mon,11:00,Gym,32
2026-06-08,Mon,11:30,Gym,36
2026-06-08,Mon,12:00,Gym,31
2026-06-08,Mon,12:30,Gym,35
2026-06-08,Mon,13:00,Gym,33
2026-06-08,Mon,13:30,Gym,28
2026-06-08,Mon,08:00,Computer_Room,25
2026-06-08,Mon,08:30,Computer_Room,20
2026-06-08,Mon,09:00,Computer_Room,24
2026-06-08,Mon,09:30,Computer_Room,24
2026-06-08,Mon,10:00,Computer_Room,28
2026-06-08,Mon,10:30,Computer_Room,23
2026-06-08,Mon,11:00,Computer_Room,33
2026-06-08,Mon,11:30,Computer_Room,28
2026-06-08,Mon,12:00,Computer_Room,32
2026-06-08,Mon,12:30,Computer_Room,36
2026-06-08,Mon,13:00,Computer_Room,25
2026-06-08,Mon,13:30,Computer_Room,29
2026-06-08,Mon,08:00,Science_Lab,12
2026-06-08,Mon,08:30,Science_Lab,16
2026-06-08,Mon,09:00,Science_Lab,11
2026-06-08,Mon,09:30,Science_Lab,20
2026-06-08,Mon,10:00,Science_Lab,15
2026-06-08,Mon,10:30,Science_Lab,19
2026-06-08,Mon,11:00,Science_Lab,20
2026-06-08,Mon,11:30,Science_Lab,24
2026-06-08,Mon,12:00,Science_Lab,28
2026-06-08,Mon,12:30,Science_Lab,23
2026-06-08,Mon,13:00,Science_Lab,21
2026-06-08,Mon,13:30,Science_Lab,16
2026-06-08,Mon,08:00,Art_Room,14
2026-06-08,Mon,08:30,Art_Room,9
2026-06-08,Mon,09:00,Art_Room,13
2026-06-08,Mon,09:30,Art_Room,13
2026-06-08,Mon,10:00,Art_Room,17
2026-06-08,Mon,10:30,Art_Room,12
2026-06-08,Mon,11:00,Art_Room,22
2026-06-08,Mon,11:30,Art_Room,26
2026-06-08,Mon,12:00,Art_Room,21
2026-06-08,Mon,12:30,Art_Room,25
2026-06-08,Mon,13:00,Art_Room,14
2026-06-08,Mon,13:30,Art_Room,18
2026-06-08,Mon,08:00,Music_Room,13
2026-06-08,Mon,08:30,Music_Room,17
2026-06-08,Mon,09:00,Music_Room,12
2026-06-08,Mon,09:30,Music_Room,21
2026-06-08,Mon,10:00,Music_Room,16
2026-06-08,Mon,10:30,Music_Room,20
2026-06-08,Mon,11:00,Music_Room,30
2026-06-08,Mon,11:30,Music_Room,25
2026-06-08,Mon,12:00,Music_Room,29
2026-06-08,Mon,12:30,Music_Room,24
2026-06-08,Mon,13:00,Music_Room,22
2026-06-08,Mon,13:30,Music_Room,17
2026-06-09,Tue,08:00,Library,22
2026-06-09,Tue,08:30,Library,17
2026-06-09,Tue,09:00,Library,21
2026-06-09,Tue,09:30,Library,21
2026-06-09,Tue,10:00,Library,25
2026-06-09,Tue,10:30,Library,20
2026-06-09,Tue,11:00,Library,30
2026-06-09,Tue,11:30,Library,25
2026-06-09,Tue,12:00,Library,29
2026-06-09,Tue,12:30,Library,33
2026-06-09,Tue,13:00,Library,22
2026-06-09,Tue,13:30,Library,26
2026-06-09,Tue,08:00,Gym,23
2026-06-09,Tue,08:30,Gym,27
2026-06-09,Tue,09:00,Gym,22
2026-06-09,Tue,09:30,Gym,31
2026-06-09,Tue,10:00,Gym,26
2026-06-09,Tue,10:30,Gym,30
2026-06-09,Tue,11:00,Gym,31
2026-06-09,Tue,11:30,Gym,35
2026-06-09,Tue,12:00,Gym,39
2026-06-09,Tue,12:30,Gym,34
2026-06-09,Tue,13:00,Gym,32
2026-06-09,Tue,13:30,Gym,27
2026-06-09,Tue,08:00,Computer_Room,24
2026-06-09,Tue,08:30,Computer_Room,19
2026-06-09,Tue,09:00,Computer_Room,23
2026-06-09,Tue,09:30,Computer_Room,23
2026-06-09,Tue,10:00,Computer_Room,27
2026-06-09,Tue,10:30,Computer_Room,22
2026-06-09,Tue,11:00,Computer_Room,32
2026-06-09,Tue,11:30,Computer_Room,36
2026-06-09,Tue,12:00,Computer_Room,31
2026-06-09,Tue,12:30,Computer_Room,35
2026-06-09,Tue,13:00,Computer_Room,24
2026-06-09,Tue,13:30,Computer_Room,28
2026-06-09,Tue,08:00,Science_Lab,11
2026-06-09,Tue,08:30,Science_Lab,15
2026-06-09,Tue,09:00,Science_Lab,10
2026-06-09,Tue,09:30,Science_Lab,19
2026-06-09,Tue,10:00,Science_Lab,14
2026-06-09,Tue,10:30,Science_Lab,18
2026-06-09,Tue,11:00,Science_Lab,28
2026-06-09,Tue,11:30,Science_Lab,23
2026-06-09,Tue,12:00,Science_Lab,27
2026-06-09,Tue,12:30,Science_Lab,22
2026-06-09,Tue,13:00,Science_Lab,20
2026-06-09,Tue,13:30,Science_Lab,15
2026-06-09,Tue,08:00,Art_Room,13
2026-06-09,Tue,08:30,Art_Room,8
2026-06-09,Tue,09:00,Art_Room,12
2026-06-09,Tue,09:30,Art_Room,12
2026-06-09,Tue,10:00,Art_Room,16
2026-06-09,Tue,10:30,Art_Room,20
2026-06-09,Tue,11:00,Art_Room,21
2026-06-09,Tue,11:30,Art_Room,25
2026-06-09,Tue,12:00,Art_Room,20
2026-06-09,Tue,12:30,Art_Room,24
2026-06-09,Tue,13:00,Art_Room,13
2026-06-09,Tue,13:30,Art_Room,17
2026-06-09,Tue,08:00,Music_Room,12
2026-06-09,Tue,08:30,Music_Room,16
2026-06-09,Tue,09:00,Music_Room,11
2026-06-09,Tue,09:30,Music_Room,20
2026-06-09,Tue,10:00,Music_Room,24
2026-06-09,Tue,10:30,Music_Room,19
2026-06-09,Tue,11:00,Music_Room,29
2026-06-09,Tue,11:30,Music_Room,24
2026-06-09,Tue,12:00,Music_Room,28
2026-06-09,Tue,12:30,Music_Room,23
2026-06-09,Tue,13:00,Music_Room,21
2026-06-09,Tue,13:30,Music_Room,16
2026-06-10,Wed,08:00,Library,21
2026-06-10,Wed,08:30,Library,16
2026-06-10,Wed,09:00,Library,20
2026-06-10,Wed,09:30,Library,20
2026-06-10,Wed,10:00,Library,24
2026-06-10,Wed,10:30,Library,19
2026-06-10,Wed,11:00,Library,29
2026-06-10,Wed,11:30,Library,33
2026-06-10,Wed,12:00,Library,28
2026-06-10,Wed,12:30,Library,32
2026-06-10,Wed,13:00,Library,21
2026-06-10,Wed,13:30,Library,25
2026-06-10,Wed,08:00,Gym,22
2026-06-10,Wed,08:30,Gym,26
2026-06-10,Wed,09:00,Gym,21
2026-06-10,Wed,09:30,Gym,30
2026-06-10,Wed,10:00,Gym,25
2026-06-10,Wed,10:30,Gym,29
2026-06-10,Wed,11:00,Gym,39
2026-06-10,Wed,11:30,Gym,34
2026-06-10,Wed,12:00,Gym,38
2026-06-10,Wed,12:30,Gym,33
2026-06-10,Wed,13:00,Gym,31
2026-06-10,Wed,13:30,Gym,26
2026-06-10,Wed,08:00,Computer_Room,23
2026-06-10,Wed,08:30,Computer_Room,18
2026-06-10,Wed,09:00,Computer_Room,22
2026-06-10,Wed,09:30,Computer_Room,22
2026-06-10,Wed,10:00,Computer_Room,26
2026-06-10,Wed,10:30,Computer_Room,30
2026-06-10,Wed,11:00,Computer_Room,31
2026-06-10,Wed,11:30,Computer_Room,35
2026-06-10,Wed,12:00,Computer_Room,30
2026-06-10,Wed,12:30,Computer_Room,34
2026-06-10,Wed,13:00,Computer_Room,23
2026-06-10,Wed,13:30,Computer_Room,27
2026-06-10,Wed,08:00,Science_Lab,10
2026-06-10,Wed,08:30,Science_Lab,14
2026-06-10,Wed,09:00,Science_Lab,9
2026-06-10,Wed,09:30,Science_Lab,18
2026-06-10,Wed,10:00,Science_Lab,22
2026-06-10,Wed,10:30,Science_Lab,17
2026-06-10,Wed,11:00,Science_Lab,27
2026-06-10,Wed,11:30,Science_Lab,22
2026-06-10,Wed,12:00,Science_Lab,26
2026-06-10,Wed,12:30,Science_Lab,21
2026-06-10,Wed,13:00,Science_Lab,19
2026-06-10,Wed,13:30,Science_Lab,14
2026-06-10,Wed,08:00,Art_Room,12
2026-06-10,Wed,08:30,Art_Room,7
2026-06-10,Wed,09:00,Art_Room,11
2026-06-10,Wed,09:30,Art_Room,20
2026-06-10,Wed,10:00,Art_Room,15
2026-06-10,Wed,10:30,Art_Room,19
2026-06-10,Wed,11:00,Art_Room,20
2026-06-10,Wed,11:30,Art_Room,24
2026-06-10,Wed,12:00,Art_Room,19
2026-06-10,Wed,12:30,Art_Room,23
2026-06-10,Wed,13:00,Art_Room,12
2026-06-10,Wed,13:30,Art_Room,16
2026-06-10,Wed,08:00,Music_Room,11
2026-06-10,Wed,08:30,Music_Room,15
2026-06-10,Wed,09:00,Music_Room,19
2026-06-10,Wed,09:30,Music_Room,19
2026-06-10,Wed,10:00,Music_Room,23
2026-06-10,Wed,10:30,Music_Room,18
2026-06-10,Wed,11:00,Music_Room,28
2026-06-10,Wed,11:30,Music_Room,23
2026-06-10,Wed,12:00,Music_Room,27
2026-06-10,Wed,12:30,Music_Room,22
2026-06-10,Wed,13:00,Music_Room,20
2026-06-10,Wed,13:30,Music_Room,24
2026-06-11,Thu,08:00,Library,20
2026-06-11,Thu,08:30,Library,15
2026-06-11,Thu,09:00,Library,19
2026-06-11,Thu,09:30,Library,19
2026-06-11,Thu,10:00,Library,23
2026-06-11,Thu,10:30,Library,27
2026-06-11,Thu,11:00,Library,28
2026-06-11,Thu,11:30,Library,32
2026-06-11,Thu,12:00,Library,27
2026-06-11,Thu,12:30,Library,31
2026-06-11,Thu,13:00,Library,20
2026-06-11,Thu,13:30,Library,24
2026-06-11,Thu,08:00,Gym,21
2026-06-11,Thu,08:30,Gym,25
2026-06-11,Thu,09:00,Gym,20
2026-06-11,Thu,09:30,Gym,29
2026-06-11,Thu,10:00,Gym,33
2026-06-11,Thu,10:30,Gym,28
2026-06-11,Thu,11:00,Gym,38
2026-06-11,Thu,11:30,Gym,33
2026-06-11,Thu,12:00,Gym,37
2026-06-11,Thu,12:30,Gym,32
2026-06-11,Thu,13:00,Gym,30
2026-06-11,Thu,13:30,Gym,25
2026-06-11,Thu,08:00,Computer_Room,22
2026-06-11,Thu,08:30,Computer_Room,17
2026-06-11,Thu,09:00,Computer_Room,21
2026-06-11,Thu,09:30,Computer_Room,30
2026-06-11,Thu,10:00,Computer_Room,25
2026-06-11,Thu,10:30,Computer_Room,29
2026-06-11,Thu,11:00,Computer_Room,30
2026-06-11,Thu,11:30,Computer_Room,34
2026-06-11,Thu,12:00,Computer_Room,29
2026-06-11,Thu,12:30,Computer_Room,33
2026-06-11,Thu,13:00,Computer_Room,22
2026-06-11,Thu,13:30,Computer_Room,26
2026-06-11,Thu,08:00,Science_Lab,9
2026-06-11,Thu,08:30,Science_Lab,13
2026-06-11,Thu,09:00,Science_Lab,17
2026-06-11,Thu,09:30,Science_Lab,17
2026-06-11,Thu,10:00,Science_Lab,21
2026-06-11,Thu,10:30,Science_Lab,16
2026-06-11,Thu,11:00,Science_Lab,26
2026-06-11,Thu,11:30,Science_Lab,21
2026-06-11,Thu,12:00,Science_Lab,25
2026-06-11,Thu,12:30,Science_Lab,20
2026-06-11,Thu,13:00,Science_Lab,18
2026-06-11,Thu,13:30,Science_Lab,22
2026-06-11,Thu,08:00,Art_Room,11
2026-06-11,Thu,08:30,Art_Room,15
2026-06-11,Thu,09:00,Art_Room,10
2026-06-11,Thu,09:30,Art_Room,19
2026-06-11,Thu,10:00,Art_Room,14
2026-06-11,Thu,10:30,Art_Room,18
2026-06-11,Thu,11:00,Art_Room,19
2026-06-11,Thu,11:30,Art_Room,23
2026-06-11,Thu,12:00,Art_Room,18
2026-06-11,Thu,12:30,Art_Room,22
2026-06-11,Thu,13:00,Art_Room,20
2026-06-11,Thu,13:30,Art_Room,15
2026-06-11,Thu,08:00,Music_Room,19
2026-06-11,Thu,08:30,Music_Room,14
2026-06-11,Thu,09:00,Music_Room,18
2026-06-11,Thu,09:30,Music_Room,18
2026-06-11,Thu,10:00,Music_Room,22
2026-06-11,Thu,10:30,Music_Room,17
2026-06-11,Thu,11:00,Music_Room,27
2026-06-11,Thu,11:30,Music_Room,22
2026-06-11,Thu,12:00,Music_Room,26
2026-06-11,Thu,12:30,Music_Room,30
2026-06-11,Thu,13:00,Music_Room,19
2026-06-11,Thu,13:30,Music_Room,23
2026-06-12,Fri,08:00,Library,23
2026-06-12,Fri,08:30,Library,18
2026-06-12,Fri,09:00,Library,22
2026-06-12,Fri,09:30,Library,31
2026-06-12,Fri,10:00,Library,26
2026-06-12,Fri,10:30,Library,30
2026-06-12,Fri,11:00,Library,31
2026-06-12,Fri,11:30,Library,35
2026-06-12,Fri,12:00,Library,30
2026-06-12,Fri,12:30,Library,34
2026-06-12,Fri,13:00,Library,23
2026-06-12,Fri,13:30,Library,27
2026-06-12,Fri,08:00,Gym,24
2026-06-12,Fri,08:30,Gym,28
2026-06-12,Fri,09:00,Gym,32
2026-06-12,Fri,09:30,Gym,32
2026-06-12,Fri,10:00,Gym,36
2026-06-12,Fri,10:30,Gym,31
2026-06-12,Fri,11:00,Gym,41
2026-06-12,Fri,11:30,Gym,36
2026-06-12,Fri,12:00,Gym,40
2026-06-12,Fri,12:30,Gym,35
2026-06-12,Fri,13:00,Gym,33
2026-06-12,Fri,13:30,Gym,37
2026-06-12,Fri,08:00,Computer_Room,25
2026-06-12,Fri,08:30,Computer_Room,29
2026-06-12,Fri,09:00,Computer_Room,24
2026-06-12,Fri,09:30,Computer_Room,33
2026-06-12,Fri,10:00,Computer_Room,28
2026-06-12,Fri,10:30,Computer_Room,32
2026-06-12,Fri,11:00,Computer_Room,33
2026-06-12,Fri,11:30,Computer_Room,37
2026-06-12,Fri,12:00,Computer_Room,32
2026-06-12,Fri,12:30,Computer_Room,36
2026-06-12,Fri,13:00,Computer_Room,34
2026-06-12,Fri,13:30,Computer_Room,29
2026-06-12,Fri,08:00,Science_Lab,21
2026-06-12,Fri,08:30,Science_Lab,16
2026-06-12,Fri,09:00,Science_Lab,20
2026-06-12,Fri,09:30,Science_Lab,20
2026-06-12,Fri,10:00,Science_Lab,24
2026-06-12,Fri,10:30,Science_Lab,19
2026-06-12,Fri,11:00,Science_Lab,29
2026-06-12,Fri,11:30,Science_Lab,24
2026-06-12,Fri,12:00,Science_Lab,28
2026-06-12,Fri,12:30,Science_Lab,32
2026-06-12,Fri,13:00,Science_Lab,21
2026-06-12,Fri,13:30,Science_Lab,25
2026-06-12,Fri,08:00,Art_Room,14
2026-06-12,Fri,08:30,Art_Room,18
2026-06-12,Fri,09:00,Art_Room,13
2026-06-12,Fri,09:30,Art_Room,22
2026-06-12,Fri,10:00,Art_Room,17
2026-06-12,Fri,10:30,Art_Room,21
2026-06-12,Fri,11:00,Art_Room,22
2026-06-12,Fri,11:30,Art_Room,26
2026-06-12,Fri,12:00,Art_Room,30
2026-06-12,Fri,12:30,Art_Room,25
2026-06-12,Fri,13:00,Art_Room,23
2026-06-12,Fri,13:30,Art_Room,18
2026-06-12,Fri,08:00,Music_Room,22
2026-06-12,Fri,08:30,Music_Room,17
2026-06-12,Fri,09:00,Music_Room,21
2026-06-12,Fri,09:30,Music_Room,21
2026-06-12,Fri,10:00,Music_Room,25
2026-06-12,Fri,10:30,Music_Room,20
2026-06-12,Fri,11:00,Music_Room,30
2026-06-12,Fri,11:30,Music_Room,34
2026-06-12,Fri,12:00,Music_Room,29
2026-06-12,Fri,12:30,Music_Room,33
2026-06-12,Fri,13:00,Music_Room,22
2026-06-12,Fri,13:30,Music_Room,26
2026-06-15,Mon,08:00,Library,18
2026-06-15,Mon,08:30,Library,22
2026-06-15,Mon,09:00,Library,17
2026-06-15,Mon,09:30,Library,26
2026-06-15,Mon,10:00,Library,21
2026-06-15,Mon,10:30,Library,25
2026-06-15,Mon,11:00,Library,26
2026-06-15,Mon,11:30,Library,30
2026-06-15,Mon,12:00,Library,25
2026-06-15,Mon,12:30,Library,29
2026-06-15,Mon,13:00,Library,27
2026-06-15,Mon,13:30,Library,22
2026-06-15,Mon,08:00,Gym,28
2026-06-15,Mon,08:30,Gym,23
2026-06-15,Mon,09:00,Gym,27
2026-06-15,Mon,09:30,Gym,27
2026-06-15,Mon,10:00,Gym,31
2026-06-15,Mon,10:30,Gym,26
2026-06-15,Mon,11:00,Gym,36
2026-06-15,Mon,11:30,Gym,31
2026-06-15,Mon,12:00,Gym,35
2026-06-15,Mon,12:30,Gym,39
2026-06-15,Mon,13:00,Gym,28
2026-06-15,Mon,13:30,Gym,32
2026-06-15,Mon,08:00,Computer_Room,20
2026-06-15,Mon,08:30,Computer_Room,24
2026-06-15,Mon,09:00,Computer_Room,19
2026-06-15,Mon,09:30,Computer_Room,28
2026-06-15,Mon,10:00,Computer_Room,23
2026-06-15,Mon,10:30,Computer_Room,27
2026-06-15,Mon,11:00,Computer_Room,28
2026-06-15,Mon,11:30,Computer_Room,32
2026-06-15,Mon,12:00,Computer_Room,36
2026-06-15,Mon,12:30,Computer_Room,31
2026-06-15,Mon,13:00,Computer_Room,29
2026-06-15,Mon,13:30,Computer_Room,24
2026-06-15,Mon,08:00,Science_Lab,16
2026-06-15,Mon,08:30,Science_Lab,11
2026-06-15,Mon,09:00,Science_Lab,15
2026-06-15,Mon,09:30,Science_Lab,15
2026-06-15,Mon,10:00,Science_Lab,19
2026-06-15,Mon,10:30,Science_Lab,14
2026-06-15,Mon,11:00,Science_Lab,24
2026-06-15,Mon,11:30,Science_Lab,28
2026-06-15,Mon,12:00,Science_Lab,23
2026-06-15,Mon,12:30,Science_Lab,27
2026-06-15,Mon,13:00,Science_Lab,16
2026-06-15,Mon,13:30,Science_Lab,20
2026-06-15,Mon,08:00,Art_Room,9
2026-06-15,Mon,08:30,Art_Room,13
2026-06-15,Mon,09:00,Art_Room,8
2026-06-15,Mon,09:30,Art_Room,17
2026-06-15,Mon,10:00,Art_Room,12
2026-06-15,Mon,10:30,Art_Room,16
2026-06-15,Mon,11:00,Art_Room,26
2026-06-15,Mon,11:30,Art_Room,21
2026-06-15,Mon,12:00,Art_Room,25
2026-06-15,Mon,12:30,Art_Room,20
2026-06-15,Mon,13:00,Art_Room,18
2026-06-15,Mon,13:30,Art_Room,13
2026-06-15,Mon,08:00,Music_Room,17
2026-06-15,Mon,08:30,Music_Room,12
2026-06-15,Mon,09:00,Music_Room,16
2026-06-15,Mon,09:30,Music_Room,16
2026-06-15,Mon,10:00,Music_Room,20
2026-06-15,Mon,10:30,Music_Room,24
2026-06-15,Mon,11:00,Music_Room,25
2026-06-15,Mon,11:30,Music_Room,29
2026-06-15,Mon,12:00,Music_Room,24
2026-06-15,Mon,12:30,Music_Room,28
2026-06-15,Mon,13:00,Music_Room,17
2026-06-15,Mon,13:30,Music_Room,21
2026-06-16,Tue,08:00,Library,17
2026-06-16,Tue,08:30,Library,21
2026-06-16,Tue,09:00,Library,16
2026-06-16,Tue,09:30,Library,25
2026-06-16,Tue,10:00,Library,20
2026-06-16,Tue,10:30,Library,24
2026-06-16,Tue,11:00,Library,25
2026-06-16,Tue,11:30,Library,29
2026-06-16,Tue,12:00,Library,33
2026-06-16,Tue,12:30,Library,28
2026-06-16,Tue,13:00,Library,26
2026-06-16,Tue,13:30,Library,21
2026-06-16,Tue,08:00,Gym,27
2026-06-16,Tue,08:30,Gym,22
2026-06-16,Tue,09:00,Gym,26
2026-06-16,Tue,09:30,Gym,26
2026-06-16,Tue,10:00,Gym,30
2026-06-16,Tue,10:30,Gym,25
2026-06-16,Tue,11:00,Gym,35
2026-06-16,Tue,11:30,Gym,39
2026-06-16,Tue,12:00,Gym,34
2026-06-16,Tue,12:30,Gym,38
2026-06-16,Tue,13:00,Gym,27
2026-06-16,Tue,13:30,Gym,31
2026-06-16,Tue,08:00,Computer_Room,19
2026-06-16,Tue,08:30,Computer_Room,23
2026-06-16,Tue,09:00,Computer_Room,18
2026-06-16,Tue,09:30,Computer_Room,27
2026-06-16,Tue,10:00,Computer_Room,22
2026-06-16,Tue,10:30,Computer_Room,26
2026-06-16,Tue,11:00,Computer_Room,36
2026-06-16,Tue,11:30,Computer_Room,31
2026-06-16,Tue,12:00,Computer_Room,35
2026-06-16,Tue,12:30,Computer_Room,30
2026-06-16,Tue,13:00,Computer_Room,28
2026-06-16,Tue,13:30,Computer_Room,23
2026-06-16,Tue,08:00,Science_Lab,15
2026-06-16,Tue,08:30,Science_Lab,10
2026-06-16,Tue,09:00,Science_Lab,14
2026-06-16,Tue,09:30,Science_Lab,14
2026-06-16,Tue,10:00,Science_Lab,18
2026-06-16,Tue,10:30,Science_Lab,22
2026-06-16,Tue,11:00,Science_Lab,23
2026-06-16,Tue,11:30,Science_Lab,27
2026-06-16,Tue,12:00,Science_Lab,22
2026-06-16,Tue,12:30,Science_Lab,26
2026-06-16,Tue,13:00,Science_Lab,15
2026-06-16,Tue,13:30,Science_Lab,19
2026-06-16,Tue,08:00,Art_Room,8
2026-06-16,Tue,08:30,Art_Room,12
2026-06-16,Tue,09:00,Art_Room,7
2026-06-16,Tue,09:30,Art_Room,16
2026-06-16,Tue,10:00,Art_Room,20
2026-06-16,Tue,10:30,Art_Room,15
2026-06-16,Tue,11:00,Art_Room,25
2026-06-16,Tue,11:30,Art_Room,20
2026-06-16,Tue,12:00,Art_Room,24
2026-06-16,Tue,12:30,Art_Room,19
2026-06-16,Tue,13:00,Art_Room,17
2026-06-16,Tue,13:30,Art_Room,12
2026-06-16,Tue,08:00,Music_Room,16
2026-06-16,Tue,08:30,Music_Room,11
2026-06-16,Tue,09:00,Music_Room,15
2026-06-16,Tue,09:30,Music_Room,24
2026-06-16,Tue,10:00,Music_Room,19
2026-06-16,Tue,10:30,Music_Room,23
2026-06-16,Tue,11:00,Music_Room,24
2026-06-16,Tue,11:30,Music_Room,28
2026-06-16,Tue,12:00,Music_Room,23
2026-06-16,Tue,12:30,Music_Room,27
2026-06-16,Tue,13:00,Music_Room,16
2026-06-16,Tue,13:30,Music_Room,20
2026-06-17,Wed,08:00,Library,16
2026-06-17,Wed,08:30,Library,20
2026-06-17,Wed,09:00,Library,15
2026-06-17,Wed,09:30,Library,24
2026-06-17,Wed,10:00,Library,19
2026-06-17,Wed,10:30,Library,23
2026-06-17,Wed,11:00,Library,33
2026-06-17,Wed,11:30,Library,28
2026-06-17,Wed,12:00,Library,32
2026-06-17,Wed,12:30,Library,27
2026-06-17,Wed,13:00,Library,25
2026-06-17,Wed,13:30,Library,20
2026-06-17,Wed,08:00,Gym,26
2026-06-17,Wed,08:30,Gym,21
2026-06-17,Wed,09:00,Gym,25
2026-06-17,Wed,09:30,Gym,25
2026-06-17,Wed,10:00,Gym,29
2026-06-17,Wed,10:30,Gym,33
2026-06-17,Wed,11:00,Gym,34
2026-06-17,Wed,11:30,Gym,38
2026-06-17,Wed,12:00,Gym,33
2026-06-17,Wed,12:30,Gym,37
2026-06-17,Wed,13:00,Gym,26
2026-06-17,Wed,13:30,Gym,30
2026-06-17,Wed,08:00,Computer_Room,18
2026-06-17,Wed,08:30,Computer_Room,22
2026-06-17,Wed,09:00,Computer_Room,17
2026-06-17,Wed,09:30,Computer_Room,26
2026-06-17,Wed,10:00,Computer_Room,30
2026-06-17,Wed,10:30,Computer_Room,25
2026-06-17,Wed,11:00,Computer_Room,35
2026-06-17,Wed,11:30,Computer_Room,30
2026-06-17,Wed,12:00,Computer_Room,34
2026-06-17,Wed,12:30,Computer_Room,29
2026-06-17,Wed,13:00,Computer_Room,27
2026-06-17,Wed,13:30,Computer_Room,22
2026-06-17,Wed,08:00,Science_Lab,14
2026-06-17,Wed,08:30,Science_Lab,9
2026-06-17,Wed,09:00,Science_Lab,13
2026-06-17,Wed,09:30,Science_Lab,22
2026-06-17,Wed,10:00,Science_Lab,17
2026-06-17,Wed,10:30,Science_Lab,21
2026-06-17,Wed,11:00,Science_Lab,22
2026-06-17,Wed,11:30,Science_Lab,26
2026-06-17,Wed,12:00,Science_Lab,21
2026-06-17,Wed,12:30,Science_Lab,25
2026-06-17,Wed,13:00,Science_Lab,14
2026-06-17,Wed,13:30,Science_Lab,18
2026-06-17,Wed,08:00,Art_Room,7
2026-06-17,Wed,08:30,Art_Room,11
2026-06-17,Wed,09:00,Art_Room,15
2026-06-17,Wed,09:30,Art_Room,15
2026-06-17,Wed,10:00,Art_Room,19
2026-06-17,Wed,10:30,Art_Room,14
2026-06-17,Wed,11:00,Art_Room,24
2026-06-17,Wed,11:30,Art_Room,19
2026-06-17,Wed,12:00,Art_Room,23
2026-06-17,Wed,12:30,Art_Room,18
2026-06-17,Wed,13:00,Art_Room,16
2026-06-17,Wed,13:30,Art_Room,20
2026-06-17,Wed,08:00,Music_Room,15
2026-06-17,Wed,08:30,Music_Room,19
2026-06-17,Wed,09:00,Music_Room,14
2026-06-17,Wed,09:30,Music_Room,23
2026-06-17,Wed,10:00,Music_Room,18
2026-06-17,Wed,10:30,Music_Room,22
2026-06-17,Wed,11:00,Music_Room,23
2026-06-17,Wed,11:30,Music_Room,27
2026-06-17,Wed,12:00,Music_Room,22
2026-06-17,Wed,12:30,Music_Room,26
2026-06-17,Wed,13:00,Music_Room,24
2026-06-17,Wed,13:30,Music_Room,19
2026-06-18,Thu,08:00,Library,15
2026-06-18,Thu,08:30,Library,19
2026-06-18,Thu,09:00,Library,14
2026-06-18,Thu,09:30,Library,23
2026-06-18,Thu,10:00,Library,27
2026-06-18,Thu,10:30,Library,22
2026-06-18,Thu,11:00,Library,32
2026-06-18,Thu,11:30,Library,27
2026-06-18,Thu,12:00,Library,31
2026-06-18,Thu,12:30,Library,26
2026-06-18,Thu,13:00,Library,24
2026-06-18,Thu,13:30,Library,19
2026-06-18,Thu,08:00,Gym,25
2026-06-18,Thu,08:30,Gym,20
2026-06-18,Thu,09:00,Gym,24
2026-06-18,Thu,09:30,Gym,33
2026-06-18,Thu,10:00,Gym,28
2026-06-18,Thu,10:30,Gym,32
2026-06-18,Thu,11:00,Gym,33
2026-06-18,Thu,11:30,Gym,37
2026-06-18,Thu,12:00,Gym,32
2026-06-18,Thu,12:30,Gym,36
2026-06-18,Thu,13:00,Gym,25
2026-06-18,Thu,13:30,Gym,29
2026-06-18,Thu,08:00,Computer_Room,17
2026-06-18,Thu,08:30,Computer_Room,21
2026-06-18,Thu,09:00,Computer_Room,25
2026-06-18,Thu,09:30,Computer_Room,25
2026-06-18,Thu,10:00,Computer_Room,29
2026-06-18,Thu,10:30,Computer_Room,24
2026-06-18,Thu,11:00,Computer_Room,34
2026-06-18,Thu,11:30,Computer_Room,29
2026-06-18,Thu,12:00,Computer_Room,33
2026-06-18,Thu,12:30,Computer_Room,28
2026-06-18,Thu,13:00,Computer_Room,26
2026-06-18,Thu,13:30,Computer_Room,30
2026-06-18,Thu,08:00,Science_Lab,13
2026-06-18,Thu,08:30,Science_Lab,17
2026-06-18,Thu,09:00,Science_Lab,12
2026-06-18,Thu,09:30,Science_Lab,21
2026-06-18,Thu,10:00,Science_Lab,16
2026-06-18,Thu,10:30,Science_Lab,20
2026-06-18,Thu,11:00,Science_Lab,21
2026-06-18,Thu,11:30,Science_Lab,25
2026-06-18,Thu,12:00,Science_Lab,20
2026-06-18,Thu,12:30,Science_Lab,24
2026-06-18,Thu,13:00,Science_Lab,22
2026-06-18,Thu,13:30,Science_Lab,17
2026-06-18,Thu,08:00,Art_Room,15
2026-06-18,Thu,08:30,Art_Room,10
2026-06-18,Thu,09:00,Art_Room,14
2026-06-18,Thu,09:30,Art_Room,14
2026-06-18,Thu,10:00,Art_Room,18
2026-06-18,Thu,10:30,Art_Room,13
2026-06-18,Thu,11:00,Art_Room,23
2026-06-18,Thu,11:30,Art_Room,18
2026-06-18,Thu,12:00,Art_Room,22
2026-06-18,Thu,12:30,Art_Room,26
2026-06-18,Thu,13:00,Art_Room,15
2026-06-18,Thu,13:30,Art_Room,19
2026-06-18,Thu,08:00,Music_Room,14
2026-06-18,Thu,08:30,Music_Room,18
2026-06-18,Thu,09:00,Music_Room,13
2026-06-18,Thu,09:30,Music_Room,22
2026-06-18,Thu,10:00,Music_Room,17
2026-06-18,Thu,10:30,Music_Room,21
2026-06-18,Thu,11:00,Music_Room,22
2026-06-18,Thu,11:30,Music_Room,26
2026-06-18,Thu,12:00,Music_Room,30
2026-06-18,Thu,12:30,Music_Room,25
2026-06-18,Thu,13:00,Music_Room,23
2026-06-18,Thu,13:30,Music_Room,18
2026-06-19,Fri,08:00,Library,18
2026-06-19,Fri,08:30,Library,22
2026-06-19,Fri,09:00,Library,26
2026-06-19,Fri,09:30,Library,26
2026-06-19,Fri,10:00,Library,30
2026-06-19,Fri,10:30,Library,25
2026-06-19,Fri,11:00,Library,35
2026-06-19,Fri,11:30,Library,30
2026-06-19,Fri,12:00,Library,34
2026-06-19,Fri,12:30,Library,29
2026-06-19,Fri,13:00,Library,27
2026-06-19,Fri,13:30,Library,31
2026-06-19,Fri,08:00,Gym,28
2026-06-19,Fri,08:30,Gym,32
2026-06-19,Fri,09:00,Gym,27
2026-06-19,Fri,09:30,Gym,36
2026-06-19,Fri,10:00,Gym,31
2026-06-19,Fri,10:30,Gym,35
2026-06-19,Fri,11:00,Gym,36
2026-06-19,Fri,11:30,Gym,40
2026-06-19,Fri,12:00,Gym,35
2026-06-19,Fri,12:30,Gym,39
2026-06-19,Fri,13:00,Gym,37
2026-06-19,Fri,13:30,Gym,32
2026-06-19,Fri,08:00,Computer_Room,29
2026-06-19,Fri,08:30,Computer_Room,24
2026-06-19,Fri,09:00,Computer_Room,28
2026-06-19,Fri,09:30,Computer_Room,28
2026-06-19,Fri,10:00,Computer_Room,32
2026-06-19,Fri,10:30,Computer_Room,27
2026-06-19,Fri,11:00,Computer_Room,37
2026-06-19,Fri,11:30,Computer_Room,32
2026-06-19,Fri,12:00,Computer_Room,36
2026-06-19,Fri,12:30,Computer_Room,40
2026-06-19,Fri,13:00,Computer_Room,29
2026-06-19,Fri,13:30,Computer_Room,33
2026-06-19,Fri,08:00,Science_Lab,16
2026-06-19,Fri,08:30,Science_Lab,20
2026-06-19,Fri,09:00,Science_Lab,15
2026-06-19,Fri,09:30,Science_Lab,24
2026-06-19,Fri,10:00,Science_Lab,19
2026-06-19,Fri,10:30,Science_Lab,23
2026-06-19,Fri,11:00,Science_Lab,24
2026-06-19,Fri,11:30,Science_Lab,28
2026-06-19,Fri,12:00,Science_Lab,32
2026-06-19,Fri,12:30,Science_Lab,27
2026-06-19,Fri,13:00,Science_Lab,25
2026-06-19,Fri,13:30,Science_Lab,20
2026-06-19,Fri,08:00,Art_Room,18
2026-06-19,Fri,08:30,Art_Room,13
2026-06-19,Fri,09:00,Art_Room,17
2026-06-19,Fri,09:30,Art_Room,17
2026-06-19,Fri,10:00,Art_Room,21
2026-06-19,Fri,10:30,Art_Room,16
2026-06-19,Fri,11:00,Art_Room,26
2026-06-19,Fri,11:30,Art_Room,30
2026-06-19,Fri,12:00,Art_Room,25
2026-06-19,Fri,12:30,Art_Room,29
2026-06-19,Fri,13:00,Art_Room,18
2026-06-19,Fri,13:30,Art_Room,22
2026-06-19,Fri,08:00,Music_Room,17
2026-06-19,Fri,08:30,Music_Room,21
2026-06-19,Fri,09:00,Music_Room,16
2026-06-19,Fri,09:30,Music_Room,25
2026-06-19,Fri,10:00,Music_Room,20
2026-06-19,Fri,10:30,Music_Room,24
2026-06-19,Fri,11:00,Music_Room,34
2026-06-19,Fri,11:30,Music_Room,29
2026-06-19,Fri,12:00,Music_Room,33
2026-06-19,Fri,12:30,Music_Room,28
2026-06-19,Fri,13:00,Music_Room,26
2026-06-19,Fri,13:30,Music_Room,21
2026-06-22,Mon,08:00,Library,22
2026-06-22,Mon,08:30,Library,17
2026-06-22,Mon,09:00,Library,21
2026-06-22,Mon,09:30,Library,21
2026-06-22,Mon,10:00,Library,25
2026-06-22,Mon,10:30,Library,20
2026-06-22,Mon,11:00,Library,30
2026-06-22,Mon,11:30,Library,25
2026-06-22,Mon,12:00,Library,29
2026-06-22,Mon,12:30,Library,33
2026-06-22,Mon,13:00,Library,22
2026-06-22,Mon,13:30,Library,26
2026-06-22,Mon,08:00,Gym,23
2026-06-22,Mon,08:30,Gym,27
2026-06-22,Mon,09:00,Gym,22
2026-06-22,Mon,09:30,Gym,31
2026-06-22,Mon,10:00,Gym,26
2026-06-22,Mon,10:30,Gym,30
2026-06-22,Mon,11:00,Gym,31
2026-06-22,Mon,11:30,Gym,35
2026-06-22,Mon,12:00,Gym,39
2026-06-22,Mon,12:30,Gym,34
2026-06-22,Mon,13:00,Gym,32
2026-06-22,Mon,13:30,Gym,27
2026-06-22,Mon,08:00,Computer_Room,24
2026-06-22,Mon,08:30,Computer_Room,19
2026-06-22,Mon,09:00,Computer_Room,23
2026-06-22,Mon,09:30,Computer_Room,23
2026-06-22,Mon,10:00,Computer_Room,27
2026-06-22,Mon,10:30,Computer_Room,22
2026-06-22,Mon,11:00,Computer_Room,32
2026-06-22,Mon,11:30,Computer_Room,36
2026-06-22,Mon,12:00,Computer_Room,31
2026-06-22,Mon,12:30,Computer_Room,35
2026-06-22,Mon,13:00,Computer_Room,24
2026-06-22,Mon,13:30,Computer_Room,28
2026-06-22,Mon,08:00,Science_Lab,11
2026-06-22,Mon,08:30,Science_Lab,15
2026-06-22,Mon,09:00,Science_Lab,10
2026-06-22,Mon,09:30,Science_Lab,19
2026-06-22,Mon,10:00,Science_Lab,14
2026-06-22,Mon,10:30,Science_Lab,18
2026-06-22,Mon,11:00,Science_Lab,28
2026-06-22,Mon,11:30,Science_Lab,23
2026-06-22,Mon,12:00,Science_Lab,27
2026-06-22,Mon,12:30,Science_Lab,22
2026-06-22,Mon,13:00,Science_Lab,20
2026-06-22,Mon,13:30,Science_Lab,15
2026-06-22,Mon,08:00,Art_Room,13
2026-06-22,Mon,08:30,Art_Room,8
2026-06-22,Mon,09:00,Art_Room,12
2026-06-22,Mon,09:30,Art_Room,12
2026-06-22,Mon,10:00,Art_Room,16
2026-06-22,Mon,10:30,Art_Room,20
2026-06-22,Mon,11:00,Art_Room,21
2026-06-22,Mon,11:30,Art_Room,25
2026-06-22,Mon,12:00,Art_Room,20
2026-06-22,Mon,12:30,Art_Room,24
2026-06-22,Mon,13:00,Art_Room,13
2026-06-22,Mon,13:30,Art_Room,17
2026-06-22,Mon,08:00,Music_Room,12
2026-06-22,Mon,08:30,Music_Room,16
2026-06-22,Mon,09:00,Music_Room,11
2026-06-22,Mon,09:30,Music_Room,20
2026-06-22,Mon,10:00,Music_Room,24
2026-06-22,Mon,10:30,Music_Room,19
2026-06-22,Mon,11:00,Music_Room,29
2026-06-22,Mon,11:30,Music_Room,24
2026-06-22,Mon,12:00,Music_Room,28
2026-06-22,Mon,12:30,Music_Room,23
2026-06-22,Mon,13:00,Music_Room,21
2026-06-22,Mon,13:30,Music_Room,16
2026-06-23,Tue,08:00,Library,21
2026-06-23,Tue,08:30,Library,16
2026-06-23,Tue,09:00,Library,20
2026-06-23,Tue,09:30,Library,20
2026-06-23,Tue,10:00,Library,24
2026-06-23,Tue,10:30,Library,19
2026-06-23,Tue,11:00,Library,29
2026-06-23,Tue,11:30,Library,33
2026-06-23,Tue,12:00,Library,28
2026-06-23,Tue,12:30,Library,32
2026-06-23,Tue,13:00,Library,21
2026-06-23,Tue,13:30,Library,25
2026-06-23,Tue,08:00,Gym,22
2026-06-23,Tue,08:30,Gym,26
2026-06-23,Tue,09:00,Gym,21
2026-06-23,Tue,09:30,Gym,30
2026-06-23,Tue,10:00,Gym,25
2026-06-23,Tue,10:30,Gym,29
2026-06-23,Tue,11:00,Gym,39
2026-06-23,Tue,11:30,Gym,34
2026-06-23,Tue,12:00,Gym,38
2026-06-23,Tue,12:30,Gym,33
2026-06-23,Tue,13:00,Gym,31
2026-06-23,Tue,13:30,Gym,26
2026-06-23,Tue,08:00,Computer_Room,23
2026-06-23,Tue,08:30,Computer_Room,18
2026-06-23,Tue,09:00,Computer_Room,22
2026-06-23,Tue,09:30,Computer_Room,22
2026-06-23,Tue,10:00,Computer_Room,26
2026-06-23,Tue,10:30,Computer_Room,30
2026-06-23,Tue,11:00,Computer_Room,31
2026-06-23,Tue,11:30,Computer_Room,35
2026-06-23,Tue,12:00,Computer_Room,30
2026-06-23,Tue,12:30,Computer_Room,34
2026-06-23,Tue,13:00,Computer_Room,23
2026-06-23,Tue,13:30,Computer_Room,27
2026-06-23,Tue,08:00,Science_Lab,10
2026-06-23,Tue,08:30,Science_Lab,14
2026-06-23,Tue,09:00,Science_Lab,9
2026-06-23,Tue,09:30,Science_Lab,18
2026-06-23,Tue,10:00,Science_Lab,22
2026-06-23,Tue,10:30,Science_Lab,17
2026-06-23,Tue,11:00,Science_Lab,27
2026-06-23,Tue,11:30,Science_Lab,22
2026-06-23,Tue,12:00,Science_Lab,26
2026-06-23,Tue,12:30,Science_Lab,21
2026-06-23,Tue,13:00,Science_Lab,19
2026-06-23,Tue,13:30,Science_Lab,14
2026-06-23,Tue,08:00,Art_Room,12
2026-06-23,Tue,08:30,Art_Room,7
2026-06-23,Tue,09:00,Art_Room,11
2026-06-23,Tue,09:30,Art_Room,20
2026-06-23,Tue,10:00,Art_Room,15
2026-06-23,Tue,10:30,Art_Room,19
2026-06-23,Tue,11:00,Art_Room,20
2026-06-23,Tue,11:30,Art_Room,24
2026-06-23,Tue,12:00,Art_Room,19
2026-06-23,Tue,12:30,Art_Room,23
2026-06-23,Tue,13:00,Art_Room,12
2026-06-23,Tue,13:30,Art_Room,16
2026-06-23,Tue,08:00,Music_Room,11
2026-06-23,Tue,08:30,Music_Room,15
2026-06-23,Tue,09:00,Music_Room,19
2026-06-23,Tue,09:30,Music_Room,19
2026-06-23,Tue,10:00,Music_Room,23
2026-06-23,Tue,10:30,Music_Room,18
2026-06-23,Tue,11:00,Music_Room,28
2026-06-23,Tue,11:30,Music_Room,23
2026-06-23,Tue,12:00,Music_Room,27
2026-06-23,Tue,12:30,Music_Room,22
2026-06-23,Tue,13:00,Music_Room,20
2026-06-23,Tue,13:30,Music_Room,24
2026-06-24,Wed,08:00,Library,20
2026-06-24,Wed,08:30,Library,15
2026-06-24,Wed,09:00,Library,19
2026-06-24,Wed,09:30,Library,19
2026-06-24,Wed,10:00,Library,23
2026-06-24,Wed,10:30,Library,27
2026-06-24,Wed,11:00,Library,28
2026-06-24,Wed,11:30,Library,32
2026-06-24,Wed,12:00,Library,27
2026-06-24,Wed,12:30,Library,31
2026-06-24,Wed,13:00,Library,20
2026-06-24,Wed,13:30,Library,24
2026-06-24,Wed,08:00,Gym,21
2026-06-24,Wed,08:30,Gym,25
2026-06-24,Wed,09:00,Gym,20
2026-06-24,Wed,09:30,Gym,29
2026-06-24,Wed,10:00,Gym,33
2026-06-24,Wed,10:30,Gym,28
2026-06-24,Wed,11:00,Gym,38
2026-06-24,Wed,11:30,Gym,33
2026-06-24,Wed,12:00,Gym,37
2026-06-24,Wed,12:30,Gym,32
2026-06-24,Wed,13:00,Gym,30
2026-06-24,Wed,13:30,Gym,25
2026-06-24,Wed,08:00,Computer_Room,22
2026-06-24,Wed,08:30,Computer_Room,17
2026-06-24,Wed,09:00,Computer_Room,21
2026-06-24,Wed,09:30,Computer_Room,30
2026-06-24,Wed,10:00,Computer_Room,25
2026-06-24,Wed,10:30,Computer_Room,29
2026-06-24,Wed,11:00,Computer_Room,30
2026-06-24,Wed,11:30,Computer_Room,34
2026-06-24,Wed,12:00,Computer_Room,29
2026-06-24,Wed,12:30,Computer_Room,33
2026-06-24,Wed,13:00,Computer_Room,22
2026-06-24,Wed,13:30,Computer_Room,26
2026-06-24,Wed,08:00,Science_Lab,9
2026-06-24,Wed,08:30,Science_Lab,13
2026-06-24,Wed,09:00,Science_Lab,17
2026-06-24,Wed,09:30,Science_Lab,17
2026-06-24,Wed,10:00,Science_Lab,21
2026-06-24,Wed,10:30,Science_Lab,16
2026-06-24,Wed,11:00,Science_Lab,26
2026-06-24,Wed,11:30,Science_Lab,21
2026-06-24,Wed,12:00,Science_Lab,25
2026-06-24,Wed,12:30,Science_Lab,20
2026-06-24,Wed,13:00,Science_Lab,18
2026-06-24,Wed,13:30,Science_Lab,22
2026-06-24,Wed,08:00,Art_Room,11
2026-06-24,Wed,08:30,Art_Room,15
2026-06-24,Wed,09:00,Art_Room,10
2026-06-24,Wed,09:30,Art_Room,19
2026-06-24,Wed,10:00,Art_Room,14
2026-06-24,Wed,10:30,Art_Room,18
2026-06-24,Wed,11:00,Art_Room,19
2026-06-24,Wed,11:30,Art_Room,23
2026-06-24,Wed,12:00,Art_Room,18
2026-06-24,Wed,12:30,Art_Room,22
2026-06-24,Wed,13:00,Art_Room,20
2026-06-24,Wed,13:30,Art_Room,15
2026-06-24,Wed,08:00,Music_Room,19
2026-06-24,Wed,08:30,Music_Room,14
2026-06-24,Wed,09:00,Music_Room,18
2026-06-24,Wed,09:30,Music_Room,18
2026-06-24,Wed,10:00,Music_Room,22
2026-06-24,Wed,10:30,Music_Room,17
2026-06-24,Wed,11:00,Music_Room,27
2026-06-24,Wed,11:30,Music_Room,22
2026-06-24,Wed,12:00,Music_Room,26
2026-06-24,Wed,12:30,Music_Room,30
2026-06-24,Wed,13:00,Music_Room,19
2026-06-24,Wed,13:30,Music_Room,23
2026-06-25,Thu,08:00,Library,19
2026-06-25,Thu,08:30,Library,14
2026-06-25,Thu,09:00,Library,18
2026-06-25,Thu,09:30,Library,27
2026-06-25,Thu,10:00,Library,22
2026-06-25,Thu,10:30,Library,26
2026-06-25,Thu,11:00,Library,27
2026-06-25,Thu,11:30,Library,31
2026-06-25,Thu,12:00,Library,26
2026-06-25,Thu,12:30,Library,30
2026-06-25,Thu,13:00,Library,19
2026-06-25,Thu,13:30,Library,23
2026-06-25,Thu,08:00,Gym,20
2026-06-25,Thu,08:30,Gym,24
2026-06-25,Thu,09:00,Gym,28
2026-06-25,Thu,09:30,Gym,28
2026-06-25,Thu,10:00,Gym,32
2026-06-25,Thu,10:30,Gym,27
2026-06-25,Thu,11:00,Gym,37
2026-06-25,Thu,11:30,Gym,32
2026-06-25,Thu,12:00,Gym,36
2026-06-25,Thu,12:30,Gym,31
2026-06-25,Thu,13:00,Gym,29
2026-06-25,Thu,13:30,Gym,33
2026-06-25,Thu,08:00,Computer_Room,21
2026-06-25,Thu,08:30,Computer_Room,25
2026-06-25,Thu,09:00,Computer_Room,20
2026-06-25,Thu,09:30,Computer_Room,29
2026-06-25,Thu,10:00,Computer_Room,24
2026-06-25,Thu,10:30,Computer_Room,28
2026-06-25,Thu,11:00,Computer_Room,29
2026-06-25,Thu,11:30,Computer_Room,33
2026-06-25,Thu,12:00,Computer_Room,28
2026-06-25,Thu,12:30,Computer_Room,32
2026-06-25,Thu,13:00,Computer_Room,30
2026-06-25,Thu,13:30,Computer_Room,25
2026-06-25,Thu,08:00,Science_Lab,17
2026-06-25,Thu,08:30,Science_Lab,12
2026-06-25,Thu,09:00,Science_Lab,16
2026-06-25,Thu,09:30,Science_Lab,16
2026-06-25,Thu,10:00,Science_Lab,20
2026-06-25,Thu,10:30,Science_Lab,15
2026-06-25,Thu,11:00,Science_Lab,25
2026-06-25,Thu,11:30,Science_Lab,20
2026-06-25,Thu,12:00,Science_Lab,24
2026-06-25,Thu,12:30,Science_Lab,28
2026-06-25,Thu,13:00,Science_Lab,17
2026-06-25,Thu,13:30,Science_Lab,21
2026-06-25,Thu,08:00,Art_Room,10
2026-06-25,Thu,08:30,Art_Room,14
2026-06-25,Thu,09:00,Art_Room,9
2026-06-25,Thu,09:30,Art_Room,18
2026-06-25,Thu,10:00,Art_Room,13
2026-06-25,Thu,10:30,Art_Room,17
2026-06-25,Thu,11:00,Art_Room,18
2026-06-25,Thu,11:30,Art_Room,22
2026-06-25,Thu,12:00,Art_Room,26
2026-06-25,Thu,12:30,Art_Room,21
2026-06-25,Thu,13:00,Art_Room,19
2026-06-25,Thu,13:30,Art_Room,14
2026-06-25,Thu,08:00,Music_Room,18
2026-06-25,Thu,08:30,Music_Room,13
2026-06-25,Thu,09:00,Music_Room,17
2026-06-25,Thu,09:30,Music_Room,17
2026-06-25,Thu,10:00,Music_Room,21
2026-06-25,Thu,10:30,Music_Room,16
2026-06-25,Thu,11:00,Music_Room,26
2026-06-25,Thu,11:30,Music_Room,30
2026-06-25,Thu,12:00,Music_Room,25
2026-06-25,Thu,12:30,Music_Room,29
2026-06-25,Thu,13:00,Music_Room,18
2026-06-25,Thu,13:30,Music_Room,22
2026-06-26,Fri,08:00,Library,22
2026-06-26,Fri,08:30,Library,26
2026-06-26,Fri,09:00,Library,21
2026-06-26,Fri,09:30,Library,30
2026-06-26,Fri,10:00,Library,25
2026-06-26,Fri,10:30,Library,29
2026-06-26,Fri,11:00,Library,30
2026-06-26,Fri,11:30,Library,34
2026-06-26,Fri,12:00,Library,29
2026-06-26,Fri,12:30,Library,33
2026-06-26,Fri,13:00,Library,31
2026-06-26,Fri,13:30,Library,26
2026-06-26,Fri,08:00,Gym,32
2026-06-26,Fri,08:30,Gym,27
2026-06-26,Fri,09:00,Gym,31
2026-06-26,Fri,09:30,Gym,31
2026-06-26,Fri,10:00,Gym,35
2026-06-26,Fri,10:30,Gym,30
2026-06-26,Fri,11:00,Gym,40
2026-06-26,Fri,11:30,Gym,35
2026-06-26,Fri,12:00,Gym,39
2026-06-26,Fri,12:30,Gym,43
2026-06-26,Fri,13:00,Gym,32
2026-06-26,Fri,13:30,Gym,36
2026-06-26,Fri,08:00,Computer_Room,24
2026-06-26,Fri,08:30,Computer_Room,28
2026-06-26,Fri,09:00,Computer_Room,23
2026-06-26,Fri,09:30,Computer_Room,32
2026-06-26,Fri,10:00,Computer_Room,27
2026-06-26,Fri,10:30,Computer_Room,31
2026-06-26,Fri,11:00,Computer_Room,32
2026-06-26,Fri,11:30,Computer_Room,36
2026-06-26,Fri,12:00,Computer_Room,40
2026-06-26,Fri,12:30,Computer_Room,35
2026-06-26,Fri,13:00,Computer_Room,33
2026-06-26,Fri,13:30,Computer_Room,28
2026-06-26,Fri,08:00,Science_Lab,20
2026-06-26,Fri,08:30,Science_Lab,15
2026-06-26,Fri,09:00,Science_Lab,19
2026-06-26,Fri,09:30,Science_Lab,19
2026-06-26,Fri,10:00,Science_Lab,23
2026-06-26,Fri,10:30,Science_Lab,18
2026-06-26,Fri,11:00,Science_Lab,28
2026-06-26,Fri,11:30,Science_Lab,32
2026-06-26,Fri,12:00,Science_Lab,27
2026-06-26,Fri,12:30,Science_Lab,31
2026-06-26,Fri,13:00,Science_Lab,20
2026-06-26,Fri,13:30,Science_Lab,24
2026-06-26,Fri,08:00,Art_Room,13
2026-06-26,Fri,08:30,Art_Room,17
2026-06-26,Fri,09:00,Art_Room,12
2026-06-26,Fri,09:30,Art_Room,21
2026-06-26,Fri,10:00,Art_Room,16
2026-06-26,Fri,10:30,Art_Room,20
2026-06-26,Fri,11:00,Art_Room,30
2026-06-26,Fri,11:30,Art_Room,25
2026-06-26,Fri,12:00,Art_Room,29
2026-06-26,Fri,12:30,Art_Room,24
2026-06-26,Fri,13:00,Art_Room,22
2026-06-26,Fri,13:30,Art_Room,17
2026-06-26,Fri,08:00,Music_Room,21
2026-06-26,Fri,08:30,Music_Room,16
2026-06-26,Fri,09:00,Music_Room,20
2026-06-26,Fri,09:30,Music_Room,20
2026-06-26,Fri,10:00,Music_Room,24
2026-06-26,Fri,10:30,Music_Room,28
2026-06-26,Fri,11:00,Music_Room,29
2026-06-26,Fri,11:30,Music_Room,33
2026-06-26,Fri,12:00,Music_Room,28
2026-06-26,Fri,12:30,Music_Room,32
2026-06-26,Fri,13:00,Music_Room,21
2026-06-26,Fri,13:30,Music_Room,25
2026-06-29,Mon,08:00,Library,17
2026-06-29,Mon,08:30,Library,21
2026-06-29,Mon,09:00,Library,16
2026-06-29,Mon,09:30,Library,25
2026-06-29,Mon,10:00,Library,20
2026-06-29,Mon,10:30,Library,24
2026-06-29,Mon,11:00,Library,25
2026-06-29,Mon,11:30,Library,29
2026-06-29,Mon,12:00,Library,33
2026-06-29,Mon,12:30,Library,28
2026-06-29,Mon,13:00,Library,26
2026-06-29,Mon,13:30,Library,21
2026-06-29,Mon,08:00,Gym,27
2026-06-29,Mon,08:30,Gym,22
2026-06-29,Mon,09:00,Gym,26
2026-06-29,Mon,09:30,Gym,26
2026-06-29,Mon,10:00,Gym,30
2026-06-29,Mon,10:30,Gym,25
2026-06-29,Mon,11:00,Gym,35
2026-06-29,Mon,11:30,Gym,39
2026-06-29,Mon,12:00,Gym,34
2026-06-29,Mon,12:30,Gym,38
2026-06-29,Mon,13:00,Gym,27
2026-06-29,Mon,13:30,Gym,31
2026-06-29,Mon,08:00,Computer_Room,19
2026-06-29,Mon,08:30,Computer_Room,23
2026-06-29,Mon,09:00,Computer_Room,18
2026-06-29,Mon,09:30,Computer_Room,27
2026-06-29,Mon,10:00,Computer_Room,22
2026-06-29,Mon,10:30,Computer_Room,26
2026-06-29,Mon,11:00,Computer_Room,36
2026-06-29,Mon,11:30,Computer_Room,31
2026-06-29,Mon,12:00,Computer_Room,35
2026-06-29,Mon,12:30,Computer_Room,30
2026-06-29,Mon,13:00,Computer_Room,28
2026-06-29,Mon,13:30,Computer_Room,23
2026-06-29,Mon,08:00,Science_Lab,15
2026-06-29,Mon,08:30,Science_Lab,10
2026-06-29,Mon,09:00,Science_Lab,14
2026-06-29,Mon,09:30,Science_Lab,14
2026-06-29,Mon,10:00,Science_Lab,18
2026-06-29,Mon,10:30,Science_Lab,22
2026-06-29,Mon,11:00,Science_Lab,23
2026-06-29,Mon,11:30,Science_Lab,27
2026-06-29,Mon,12:00,Science_Lab,22
2026-06-29,Mon,12:30,Science_Lab,26
2026-06-29,Mon,13:00,Science_Lab,15
2026-06-29,Mon,13:30,Science_Lab,19
2026-06-29,Mon,08:00,Art_Room,8
2026-06-29,Mon,08:30,Art_Room,12
2026-06-29,Mon,09:00,Art_Room,7
2026-06-29,Mon,09:30,Art_Room,16
2026-06-29,Mon,10:00,Art_Room,20
2026-06-29,Mon,10:30,Art_Room,15
2026-06-29,Mon,11:00,Art_Room,25
2026-06-29,Mon,11:30,Art_Room,20
2026-06-29,Mon,12:00,Art_Room,24
2026-06-29,Mon,12:30,Art_Room,19
2026-06-29,Mon,13:00,Art_Room,17
2026-06-29,Mon,13:30,Art_Room,12
2026-06-29,Mon,08:00,Music_Room,16
2026-06-29,Mon,08:30,Music_Room,11
2026-06-29,Mon,09:00,Music_Room,15
2026-06-29,Mon,09:30,Music_Room,24
2026-06-29,Mon,10:00,Music_Room,19
2026-06-29,Mon,10:30,Music_Room,23
2026-06-29,Mon,11:00,Music_Room,24
2026-06-29,Mon,11:30,Music_Room,28
2026-06-29,Mon,12:00,Music_Room,23
2026-06-29,Mon,12:30,Music_Room,27
2026-06-29,Mon,13:00,Music_Room,16
2026-06-29,Mon,13:30,Music_Room,20
2026-06-30,Tue,08:00,Library,16
2026-06-30,Tue,08:30,Library,20
2026-06-30,Tue,09:00,Library,15
2026-06-30,Tue,09:30,Library,24
2026-06-30,Tue,10:00,Library,19
2026-06-30,Tue,10:30,Library,23
2026-06-30,Tue,11:00,Library,33
2026-06-30,Tue,11:30,Library,28
2026-06-30,Tue,12:00,Library,32
2026-06-30,Tue,12:30,Library,27
2026-06-30,Tue,13:00,Library,25
2026-06-30,Tue,13:30,Library,20
2026-06-30,Tue,08:00,Gym,26
2026-06-30,Tue,08:30,Gym,21
2026-06-30,Tue,09:00,Gym,25
2026-06-30,Tue,09:30,Gym,25
2026-06-30,Tue,10:00,Gym,29
2026-06-30,Tue,10:30,Gym,33
2026-06-30,Tue,11:00,Gym,34
2026-06-30,Tue,11:30,Gym,38
2026-06-30,Tue,12:00,Gym,33
2026-06-30,Tue,12:30,Gym,37
2026-06-30,Tue,13:00,Gym,26
2026-06-30,Tue,13:30,Gym,30
2026-06-30,Tue,08:00,Computer_Room,18
2026-06-30,Tue,08:30,Computer_Room,22
2026-06-30,Tue,09:00,Computer_Room,17
2026-06-30,Tue,09:30,Computer_Room,26
2026-06-30,Tue,10:00,Computer_Room,30
2026-06-30,Tue,10:30,Computer_Room,25
2026-06-30,Tue,11:00,Computer_Room,35
2026-06-30,Tue,11:30,Computer_Room,30
2026-06-30,Tue,12:00,Computer_Room,34
2026-06-30,Tue,12:30,Computer_Room,29
2026-06-30,Tue,13:00,Computer_Room,27
2026-06-30,Tue,13:30,Computer_Room,22
2026-06-30,Tue,08:00,Science_Lab,14
2026-06-30,Tue,08:30,Science_Lab,9
2026-06-30,Tue,09:00,Science_Lab,13
2026-06-30,Tue,09:30,Science_Lab,22
2026-06-30,Tue,10:00,Science_Lab,17
2026-06-30,Tue,10:30,Science_Lab,21
2026-06-30,Tue,11:00,Science_Lab,22
2026-06-30,Tue,11:30,Science_Lab,26
2026-06-30,Tue,12:00,Science_Lab,21
2026-06-30,Tue,12:30,Science_Lab,25
2026-06-30,Tue,13:00,Science_Lab,14
2026-06-30,Tue,13:30,Science_Lab,18
2026-06-30,Tue,08:00,Art_Room,7
2026-06-30,Tue,08:30,Art_Room,11
2026-06-30,Tue,09:00,Art_Room,15
2026-06-30,Tue,09:30,Art_Room,15
2026-06-30,Tue,10:00,Art_Room,19
2026-06-30,Tue,10:30,Art_Room,14
2026-06-30,Tue,11:00,Art_Room,24
2026-06-30,Tue,11:30,Art_Room,19
2026-06-30,Tue,12:00,Art_Room,23
2026-06-30,Tue,12:30,Art_Room,18
2026-06-30,Tue,13:00,Art_Room,16
2026-06-30,Tue,13:30,Art_Room,20
2026-06-30,Tue,08:00,Music_Room,15
2026-06-30,Tue,08:30,Music_Room,19
2026-06-30,Tue,09:00,Music_Room,14
2026-06-30,Tue,09:30,Music_Room,23
2026-06-30,Tue,10:00,Music_Room,18
2026-06-30,Tue,10:30,Music_Room,22
2026-06-30,Tue,11:00,Music_Room,23
2026-06-30,Tue,11:30,Music_Room,27
2026-06-30,Tue,12:00,Music_Room,22
2026-06-30,Tue,12:30,Music_Room,26
2026-06-30,Tue,13:00,Music_Room,24
2026-06-30,Tue,13:30,Music_Room,19
2026-07-01,Wed,08:00,Library,15
2026-07-01,Wed,08:30,Library,19
2026-07-01,Wed,09:00,Library,14
2026-07-01,Wed,09:30,Library,23
2026-07-01,Wed,10:00,Library,27
2026-07-01,Wed,10:30,Library,22
2026-07-01,Wed,11:00,Library,32
2026-07-01,Wed,11:30,Library,27
2026-07-01,Wed,12:00,Library,31
2026-07-01,Wed,12:30,Library,26
2026-07-01,Wed,13:00,Library,24
2026-07-01,Wed,13:30,Library,19
2026-07-01,Wed,08:00,Gym,25
2026-07-01,Wed,08:30,Gym,20
2026-07-01,Wed,09:00,Gym,24
2026-07-01,Wed,09:30,Gym,33
2026-07-01,Wed,10:00,Gym,28
2026-07-01,Wed,10:30,Gym,32
2026-07-01,Wed,11:00,Gym,33
2026-07-01,Wed,11:30,Gym,37
2026-07-01,Wed,12:00,Gym,32
2026-07-01,Wed,12:30,Gym,36
2026-07-01,Wed,13:00,Gym,25
2026-07-01,Wed,13:30,Gym,29
2026-07-01,Wed,08:00,Computer_Room,17
2026-07-01,Wed,08:30,Computer_Room,21
2026-07-01,Wed,09:00,Computer_Room,25
2026-07-01,Wed,09:30,Computer_Room,25
2026-07-01,Wed,10:00,Computer_Room,29
2026-07-01,Wed,10:30,Computer_Room,24
2026-07-01,Wed,11:00,Computer_Room,34
2026-07-01,Wed,11:30,Computer_Room,29
2026-07-01,Wed,12:00,Computer_Room,33
2026-07-01,Wed,12:30,Computer_Room,28
2026-07-01,Wed,13:00,Computer_Room,26
2026-07-01,Wed,13:30,Computer_Room,30
2026-07-01,Wed,08:00,Science_Lab,13
2026-07-01,Wed,08:30,Science_Lab,17
2026-07-01,Wed,09:00,Science_Lab,12
2026-07-01,Wed,09:30,Science_Lab,21
2026-07-01,Wed,10:00,Science_Lab,16
2026-07-01,Wed,10:30,Science_Lab,20
2026-07-01,Wed,11:00,Science_Lab,21
2026-07-01,Wed,11:30,Science_Lab,25
2026-07-01,Wed,12:00,Science_Lab,20
2026-07-01,Wed,12:30,Science_Lab,24
2026-07-01,Wed,13:00,Science_Lab,22
2026-07-01,Wed,13:30,Science_Lab,17
2026-07-01,Wed,08:00,Art_Room,15
2026-07-01,Wed,08:30,Art_Room,10
2026-07-01,Wed,09:00,Art_Room,14
2026-07-01,Wed,09:30,Art_Room,14
2026-07-01,Wed,10:00,Art_Room,18
2026-07-01,Wed,10:30,Art_Room,13
2026-07-01,Wed,11:00,Art_Room,23
2026-07-01,Wed,11:30,Art_Room,18
2026-07-01,Wed,12:00,Art_Room,22
2026-07-01,Wed,12:30,Art_Room,26
2026-07-01,Wed,13:00,Art_Room,15
2026-07-01,Wed,13:30,Art_Room,19
2026-07-01,Wed,08:00,Music_Room,14
2026-07-01,Wed,08:30,Music_Room,18
2026-07-01,Wed,09:00,Music_Room,13
2026-07-01,Wed,09:30,Music_Room,22
2026-07-01,Wed,10:00,Music_Room,17
2026-07-01,Wed,10:30,Music_Room,21
2026-07-01,Wed,11:00,Music_Room,22
2026-07-01,Wed,11:30,Music_Room,26
2026-07-01,Wed,12:00,Music_Room,30
2026-07-01,Wed,12:30,Music_Room,25
2026-07-01,Wed,13:00,Music_Room,23
2026-07-01,Wed,13:30,Music_Room,18
2026-07-02,Thu,08:00,Library,14
2026-07-02,Thu,08:30,Library,18
2026-07-02,Thu,09:00,Library,22
2026-07-02,Thu,09:30,Library,22
2026-07-02,Thu,10:00,Library,26
2026-07-02,Thu,10:30,Library,21
2026-07-02,Thu,11:00,Library,31
2026-07-02,Thu,11:30,Library,26
2026-07-02,Thu,12:00,Library,30
2026-07-02,Thu,12:30,Library,25
2026-07-02,Thu,13:00,Library,23
2026-07-02,Thu,13:30,Library,27
2026-07-02,Thu,08:00,Gym,24
2026-07-02,Thu,08:30,Gym,28
2026-07-02,Thu,09:00,Gym,23
2026-07-02,Thu,09:30,Gym,32
2026-07-02,Thu,10:00,Gym,27
2026-07-02,Thu,10:30,Gym,31
2026-07-02,Thu,11:00,Gym,32
2026-07-02,Thu,11:30,Gym,36
2026-07-02,Thu,12:00,Gym,31
2026-07-02,Thu,12:30,Gym,35
2026-07-02,Thu,13:00,Gym,33
2026-07-02,Thu,13:30,Gym,28
2026-07-02,Thu,08:00,Computer_Room,25
2026-07-02,Thu,08:30,Computer_Room,20
2026-07-02,Thu,09:00,Computer_Room,24
2026-07-02,Thu,09:30,Computer_Room,24
2026-07-02,Thu,10:00,Computer_Room,28
2026-07-02,Thu,10:30,Computer_Room,23
2026-07-02,Thu,11:00,Computer_Room,33
2026-07-02,Thu,11:30,Computer_Room,28
2026-07-02,Thu,12:00,Computer_Room,32
2026-07-02,Thu,12:30,Computer_Room,36
2026-07-02,Thu,13:00,Computer_Room,25
2026-07-02,Thu,13:30,Computer_Room,29
2026-07-02,Thu,08:00,Science_Lab,12
2026-07-02,Thu,08:30,Science_Lab,16
2026-07-02,Thu,09:00,Science_Lab,11
2026-07-02,Thu,09:30,Science_Lab,20
2026-07-02,Thu,10:00,Science_Lab,15
2026-07-02,Thu,10:30,Science_Lab,19
2026-07-02,Thu,11:00,Science_Lab,20
2026-07-02,Thu,11:30,Science_Lab,24
2026-07-02,Thu,12:00,Science_Lab,28
2026-07-02,Thu,12:30,Science_Lab,23
2026-07-02,Thu,13:00,Science_Lab,21
2026-07-02,Thu,13:30,Science_Lab,16
2026-07-02,Thu,08:00,Art_Room,14
2026-07-02,Thu,08:30,Art_Room,9
2026-07-02,Thu,09:00,Art_Room,13
2026-07-02,Thu,09:30,Art_Room,13
2026-07-02,Thu,10:00,Art_Room,17
2026-07-02,Thu,10:30,Art_Room,12
2026-07-02,Thu,11:00,Art_Room,22
2026-07-02,Thu,11:30,Art_Room,26
2026-07-02,Thu,12:00,Art_Room,21
2026-07-02,Thu,12:30,Art_Room,25
2026-07-02,Thu,13:00,Art_Room,14
2026-07-02,Thu,13:30,Art_Room,18
2026-07-02,Thu,08:00,Music_Room,13
2026-07-02,Thu,08:30,Music_Room,17
2026-07-02,Thu,09:00,Music_Room,12
2026-07-02,Thu,09:30,Music_Room,21
2026-07-02,Thu,10:00,Music_Room,16
2026-07-02,Thu,10:30,Music_Room,20
2026-07-02,Thu,11:00,Music_Room,30
2026-07-02,Thu,11:30,Music_Room,25
2026-07-02,Thu,12:00,Music_Room,29
2026-07-02,Thu,12:30,Music_Room,24
2026-07-02,Thu,13:00,Music_Room,22
2026-07-02,Thu,13:30,Music_Room,17
2026-07-03,Fri,08:00,Library,26
2026-07-03,Fri,08:30,Library,21
2026-07-03,Fri,09:00,Library,25
2026-07-03,Fri,09:30,Library,25
2026-07-03,Fri,10:00,Library,29
2026-07-03,Fri,10:30,Library,24
2026-07-03,Fri,11:00,Library,34
2026-07-03,Fri,11:30,Library,29
2026-07-03,Fri,12:00,Library,33
2026-07-03,Fri,12:30,Library,37
2026-07-03,Fri,13:00,Library,26
2026-07-03,Fri,13:30,Library,30
2026-07-03,Fri,08:00,Gym,27
2026-07-03,Fri,08:30,Gym,31
2026-07-03,Fri,09:00,Gym,26
2026-07-03,Fri,09:30,Gym,35
2026-07-03,Fri,10:00,Gym,30
2026-07-03,Fri,10:30,Gym,34
2026-07-03,Fri,11:00,Gym,35
2026-07-03,Fri,11:30,Gym,39
2026-07-03,Fri,12:00,Gym,43
2026-07-03,Fri,12:30,Gym,38
2026-07-03,Fri,13:00,Gym,36
2026-07-03,Fri,13:30,Gym,31
2026-07-03,Fri,08:00,Computer_Room,28
2026-07-03,Fri,08:30,Computer_Room,23
2026-07-03,Fri,09:00,Computer_Room,27
2026-07-03,Fri,09:30,Computer_Room,27
2026-07-03,Fri,10:00,Computer_Room,31
2026-07-03,Fri,10:30,Computer_Room,26
2026-07-03,Fri,11:00,Computer_Room,36
2026-07-03,Fri,11:30,Computer_Room,40
2026-07-03,Fri,12:00,Computer_Room,35
2026-07-03,Fri,12:30,Computer_Room,39
2026-07-03,Fri,13:00,Computer_Room,28
2026-07-03,Fri,13:30,Computer_Room,32
2026-07-03,Fri,08:00,Science_Lab,15
2026-07-03,Fri,08:30,Science_Lab,19
2026-07-03,Fri,09:00,Science_Lab,14
2026-07-03,Fri,09:30,Science_Lab,23
2026-07-03,Fri,10:00,Science_Lab,18
2026-07-03,Fri,10:30,Science_Lab,22
2026-07-03,Fri,11:00,Science_Lab,32
2026-07-03,Fri,11:30,Science_Lab,27
2026-07-03,Fri,12:00,Science_Lab,31
2026-07-03,Fri,12:30,Science_Lab,26
2026-07-03,Fri,13:00,Science_Lab,24
2026-07-03,Fri,13:30,Science_Lab,19
2026-07-03,Fri,08:00,Art_Room,17
2026-07-03,Fri,08:30,Art_Room,12
2026-07-03,Fri,09:00,Art_Room,16
2026-07-03,Fri,09:30,Art_Room,16
2026-07-03,Fri,10:00,Art_Room,20
2026-07-03,Fri,10:30,Art_Room,24
2026-07-03,Fri,11:00,Art_Room,25
2026-07-03,Fri,11:30,Art_Room,29
2026-07-03,Fri,12:00,Art_Room,24
2026-07-03,Fri,12:30,Art_Room,28
2026-07-03,Fri,13:00,Art_Room,17
2026-07-03,Fri,13:30,Art_Room,21
2026-07-03,Fri,08:00,Music_Room,16
2026-07-03,Fri,08:30,Music_Room,20
2026-07-03,Fri,09:00,Music_Room,15
2026-07-03,Fri,09:30,Music_Room,24
2026-07-03,Fri,10:00,Music_Room,28
2026-07-03,Fri,10:30,Music_Room,23
2026-07-03,Fri,11:00,Music_Room,33
2026-07-03,Fri,11:30,Music_Room,28
2026-07-03,Fri,12:00,Music_Room,32
2026-07-03,Fri,12:30,Music_Room,27
2026-07-03,Fri,13:00,Music_Room,25
2026-07-03,Fri,13:30,Music_Room,20
2026-07-06,Mon,08:00,Library,21
2026-07-06,Mon,08:30,Library,16
2026-07-06,Mon,09:00,Library,20
2026-07-06,Mon,09:30,Library,20
2026-07-06,Mon,10:00,Library,24
2026-07-06,Mon,10:30,Library,19
2026-07-06,Mon,11:00,Library,29
2026-07-06,Mon,11:30,Library,33
2026-07-06,Mon,12:00,Library,28
2026-07-06,Mon,12:30,Library,32
2026-07-06,Mon,13:00,Library,21
2026-07-06,Mon,13:30,Library,25
2026-07-06,Mon,08:00,Gym,22
2026-07-06,Mon,08:30,Gym,26
2026-07-06,Mon,09:00,Gym,21
2026-07-06,Mon,09:30,Gym,30
2026-07-06,Mon,10:00,Gym,25
2026-07-06,Mon,10:30,Gym,29
2026-07-06,Mon,11:00,Gym,39
2026-07-06,Mon,11:30,Gym,34
2026-07-06,Mon,12:00,Gym,38
2026-07-06,Mon,12:30,Gym,33
2026-07-06,Mon,13:00,Gym,31
2026-07-06,Mon,13:30,Gym,26
2026-07-06,Mon,08:00,Computer_Room,23
2026-07-06,Mon,08:30,Computer_Room,18
2026-07-06,Mon,09:00,Computer_Room,22
2026-07-06,Mon,09:30,Computer_Room,22
2026-07-06,Mon,10:00,Computer_Room,26
2026-07-06,Mon,10:30,Computer_Room,30
2026-07-06,Mon,11:00,Computer_Room,31
2026-07-06,Mon,11:30,Computer_Room,35
2026-07-06,Mon,12:00,Computer_Room,30
2026-07-06,Mon,12:30,Computer_Room,34
2026-07-06,Mon,13:00,Computer_Room,23
2026-07-06,Mon,13:30,Computer_Room,27
2026-07-06,Mon,08:00,Science_Lab,10
2026-07-06,Mon,08:30,Science_Lab,14
2026-07-06,Mon,09:00,Science_Lab,9
2026-07-06,Mon,09:30,Science_Lab,18
2026-07-06,Mon,10:00,Science_Lab,22
2026-07-06,Mon,10:30,Science_Lab,17
2026-07-06,Mon,11:00,Science_Lab,27
2026-07-06,Mon,11:30,Science_Lab,22
2026-07-06,Mon,12:00,Science_Lab,26
2026-07-06,Mon,12:30,Science_Lab,21
2026-07-06,Mon,13:00,Science_Lab,19
2026-07-06,Mon,13:30,Science_Lab,14
2026-07-06,Mon,08:00,Art_Room,12
2026-07-06,Mon,08:30,Art_Room,7
2026-07-06,Mon,09:00,Art_Room,11
2026-07-06,Mon,09:30,Art_Room,20
2026-07-06,Mon,10:00,Art_Room,15
2026-07-06,Mon,10:30,Art_Room,19
2026-07-06,Mon,11:00,Art_Room,20
2026-07-06,Mon,11:30,Art_Room,24
2026-07-06,Mon,12:00,Art_Room,19
2026-07-06,Mon,12:30,Art_Room,23
2026-07-06,Mon,13:00,Art_Room,12
2026-07-06,Mon,13:30,Art_Room,16
2026-07-06,Mon,08:00,Music_Room,11
2026-07-06,Mon,08:30,Music_Room,15
2026-07-06,Mon,09:00,Music_Room,19
2026-07-06,Mon,09:30,Music_Room,19
2026-07-06,Mon,10:00,Music_Room,23
2026-07-06,Mon,10:30,Music_Room,18
2026-07-06,Mon,11:00,Music_Room,28
2026-07-06,Mon,11:30,Music_Room,23
2026-07-06,Mon,12:00,Music_Room,27
2026-07-06,Mon,12:30,Music_Room,22
2026-07-06,Mon,13:00,Music_Room,20
2026-07-06,Mon,13:30,Music_Room,24
2026-07-07,Tue,08:00,Library,20
2026-07-07,Tue,08:30,Library,15
2026-07-07,Tue,09:00,Library,19
2026-07-07,Tue,09:30,Library,19
2026-07-07,Tue,10:00,Library,23
2026-07-07,Tue,10:30,Library,27
2026-07-07,Tue,11:00,Library,28
2026-07-07,Tue,11:30,Library,32
2026-07-07,Tue,12:00,Library,27
2026-07-07,Tue,12:30,Library,31
2026-07-07,Tue,13:00,Library,20
2026-07-07,Tue,13:30,Library,24
2026-07-07,Tue,08:00,Gym,21
2026-07-07,Tue,08:30,Gym,25
2026-07-07,Tue,09:00,Gym,20
2026-07-07,Tue,09:30,Gym,29
2026-07-07,Tue,10:00,Gym,33
2026-07-07,Tue,10:30,Gym,28
2026-07-07,Tue,11:00,Gym,38
2026-07-07,Tue,11:30,Gym,33
2026-07-07,Tue,12:00,Gym,37
2026-07-07,Tue,12:30,Gym,32
2026-07-07,Tue,13:00,Gym,30
2026-07-07,Tue,13:30,Gym,25
2026-07-07,Tue,08:00,Computer_Room,22
2026-07-07,Tue,08:30,Computer_Room,17
2026-07-07,Tue,09:00,Computer_Room,21
2026-07-07,Tue,09:30,Computer_Room,30
2026-07-07,Tue,10:00,Computer_Room,25
2026-07-07,Tue,10:30,Computer_Room,29
2026-07-07,Tue,11:00,Computer_Room,30
2026-07-07,Tue,11:30,Computer_Room,34
2026-07-07,Tue,12:00,Computer_Room,29
2026-07-07,Tue,12:30,Computer_Room,33
2026-07-07,Tue,13:00,Computer_Room,22
2026-07-07,Tue,13:30,Computer_Room,26
2026-07-07,Tue,08:00,Science_Lab,9
2026-07-07,Tue,08:30,Science_Lab,13
2026-07-07,Tue,09:00,Science_Lab,17
2026-07-07,Tue,09:30,Science_Lab,17
2026-07-07,Tue,10:00,Science_Lab,21
2026-07-07,Tue,10:30,Science_Lab,16
2026-07-07,Tue,11:00,Science_Lab,26
2026-07-07,Tue,11:30,Science_Lab,21
2026-07-07,Tue,12:00,Science_Lab,25
2026-07-07,Tue,12:30,Science_Lab,20
2026-07-07,Tue,13:00,Science_Lab,18
2026-07-07,Tue,13:30,Science_Lab,22
2026-07-07,Tue,08:00,Art_Room,11
2026-07-07,Tue,08:30,Art_Room,15
2026-07-07,Tue,09:00,Art_Room,10
2026-07-07,Tue,09:30,Art_Room,19
2026-07-07,Tue,10:00,Art_Room,14
2026-07-07,Tue,10:30,Art_Room,18
2026-07-07,Tue,11:00,Art_Room,19
2026-07-07,Tue,11:30,Art_Room,23
2026-07-07,Tue,12:00,Art_Room,18
2026-07-07,Tue,12:30,Art_Room,22
2026-07-07,Tue,13:00,Art_Room,20
2026-07-07,Tue,13:30,Art_Room,15
2026-07-07,Tue,08:00,Music_Room,19
2026-07-07,Tue,08:30,Music_Room,14
2026-07-07,Tue,09:00,Music_Room,18
2026-07-07,Tue,09:30,Music_Room,18
2026-07-07,Tue,10:00,Music_Room,22
2026-07-07,Tue,10:30,Music_Room,17
2026-07-07,Tue,11:00,Music_Room,27
2026-07-07,Tue,11:30,Music_Room,22
2026-07-07,Tue,12:00,Music_Room,26
2026-07-07,Tue,12:30,Music_Room,30
2026-07-07,Tue,13:00,Music_Room,19
2026-07-07,Tue,13:30,Music_Room,23
2026-07-08,Wed,08:00,Library,19
2026-07-08,Wed,08:30,Library,14
2026-07-08,Wed,09:00,Library,18
2026-07-08,Wed,09:30,Library,27
2026-07-08,Wed,10:00,Library,22
2026-07-08,Wed,10:30,Library,26
2026-07-08,Wed,11:00,Library,27
2026-07-08,Wed,11:30,Library,31
2026-07-08,Wed,12:00,Library,26
2026-07-08,Wed,12:30,Library,30
2026-07-08,Wed,13:00,Library,19
2026-07-08,Wed,13:30,Library,23
2026-07-08,Wed,08:00,Gym,20
2026-07-08,Wed,08:30,Gym,24
2026-07-08,Wed,09:00,Gym,28
2026-07-08,Wed,09:30,Gym,28
2026-07-08,Wed,10:00,Gym,32
2026-07-08,Wed,10:30,Gym,27
2026-07-08,Wed,11:00,Gym,37
2026-07-08,Wed,11:30,Gym,32
2026-07-08,Wed,12:00,Gym,36
2026-07-08,Wed,12:30,Gym,31
2026-07-08,Wed,13:00,Gym,29
2026-07-08,Wed,13:30,Gym,33
2026-07-08,Wed,08:00,Computer_Room,21
2026-07-08,Wed,08:30,Computer_Room,25
2026-07-08,Wed,09:00,Computer_Room,20
2026-07-08,Wed,09:30,Computer_Room,29
2026-07-08,Wed,10:00,Computer_Room,24
2026-07-08,Wed,10:30,Computer_Room,28
2026-07-08,Wed,11:00,Computer_Room,29
2026-07-08,Wed,11:30,Computer_Room,33
2026-07-08,Wed,12:00,Computer_Room,28
2026-07-08,Wed,12:30,Computer_Room,32
2026-07-08,Wed,13:00,Computer_Room,30
2026-07-08,Wed,13:30,Computer_Room,25
2026-07-08,Wed,08:00,Science_Lab,17
2026-07-08,Wed,08:30,Science_Lab,12
2026-07-08,Wed,09:00,Science_Lab,16
2026-07-08,Wed,09:30,Science_Lab,16
2026-07-08,Wed,10:00,Science_Lab,20
2026-07-08,Wed,10:30,Science_Lab,15
2026-07-08,Wed,11:00,Science_Lab,25
2026-07-08,Wed,11:30,Science_Lab,20
2026-07-08,Wed,12:00,Science_Lab,24
2026-07-08,Wed,12:30,Science_Lab,28
2026-07-08,Wed,13:00,Science_Lab,17
2026-07-08,Wed,13:30,Science_Lab,21
2026-07-08,Wed,08:00,Art_Room,10
2026-07-08,Wed,08:30,Art_Room,14
2026-07-08,Wed,09:00,Art_Room,9
2026-07-08,Wed,09:30,Art_Room,18
2026-07-08,Wed,10:00,Art_Room,13
2026-07-08,Wed,10:30,Art_Room,17
2026-07-08,Wed,11:00,Art_Room,18
2026-07-08,Wed,11:30,Art_Room,22
2026-07-08,Wed,12:00,Art_Room,26
2026-07-08,Wed,12:30,Art_Room,21
2026-07-08,Wed,13:00,Art_Room,19
2026-07-08,Wed,13:30,Art_Room,14
2026-07-08,Wed,08:00,Music_Room,18
2026-07-08,Wed,08:30,Music_Room,13
2026-07-08,Wed,09:00,Music_Room,17
2026-07-08,Wed,09:30,Music_Room,17
2026-07-08,Wed,10:00,Music_Room,21
2026-07-08,Wed,10:30,Music_Room,16
2026-07-08,Wed,11:00,Music_Room,26
2026-07-08,Wed,11:30,Music_Room,30
2026-07-08,Wed,12:00,Music_Room,25
2026-07-08,Wed,12:30,Music_Room,29
2026-07-08,Wed,13:00,Music_Room,18
2026-07-08,Wed,13:30,Music_Room,22
2026-07-09,Thu,08:00,Library,18
2026-07-09,Thu,08:30,Library,22
2026-07-09,Thu,09:00,Library,17
2026-07-09,Thu,09:30,Library,26
2026-07-09,Thu,10:00,Library,21
2026-07-09,Thu,10:30,Library,25
2026-07-09,Thu,11:00,Library,26
2026-07-09,Thu,11:30,Library,30
2026-07-09,Thu,12:00,Library,25
2026-07-09,Thu,12:30,Library,29
2026-07-09,Thu,13:00,Library,27
2026-07-09,Thu,13:30,Library,22
2026-07-09,Thu,08:00,Gym,28
2026-07-09,Thu,08:30,Gym,23
2026-07-09,Thu,09:00,Gym,27
2026-07-09,Thu,09:30,Gym,27
2026-07-09,Thu,10:00,Gym,31
2026-07-09,Thu,10:30,Gym,26
2026-07-09,Thu,11:00,Gym,36
2026-07-09,Thu,11:30,Gym,31
2026-07-09,Thu,12:00,Gym,35
2026-07-09,Thu,12:30,Gym,39
2026-07-09,Thu,13:00,Gym,28
2026-07-09,Thu,13:30,Gym,32
2026-07-09,Thu,08:00,Computer_Room,20
2026-07-09,Thu,08:30,Computer_Room,24
2026-07-09,Thu,09:00,Computer_Room,19
2026-07-09,Thu,09:30,Computer_Room,28
2026-07-09,Thu,10:00,Computer_Room,23
2026-07-09,Thu,10:30,Computer_Room,27
2026-07-09,Thu,11:00,Computer_Room,28
2026-07-09,Thu,11:30,Computer_Room,32
2026-07-09,Thu,12:00,Computer_Room,36
2026-07-09,Thu,12:30,Computer_Room,31
2026-07-09,Thu,13:00,Computer_Room,29
2026-07-09,Thu,13:30,Computer_Room,24
2026-07-09,Thu,08:00,Science_Lab,16
2026-07-09,Thu,08:30,Science_Lab,11
2026-07-09,Thu,09:00,Science_Lab,15
2026-07-09,Thu,09:30,Science_Lab,15
2026-07-09,Thu,10:00,Science_Lab,19
2026-07-09,Thu,10:30,Science_Lab,14
2026-07-09,Thu,11:00,Science_Lab,24
2026-07-09,Thu,11:30,Science_Lab,28
2026-07-09,Thu,12:00,Science_Lab,23
2026-07-09,Thu,12:30,Science_Lab,27
2026-07-09,Thu,13:00,Science_Lab,16
2026-07-09,Thu,13:30,Science_Lab,20
2026-07-09,Thu,08:00,Art_Room,9
2026-07-09,Thu,08:30,Art_Room,13
2026-07-09,Thu,09:00,Art_Room,8
2026-07-09,Thu,09:30,Art_Room,17
2026-07-09,Thu,10:00,Art_Room,12
2026-07-09,Thu,10:30,Art_Room,16
2026-07-09,Thu,11:00,Art_Room,26
2026-07-09,Thu,11:30,Art_Room,21
2026-07-09,Thu,12:00,Art_Room,25
2026-07-09,Thu,12:30,Art_Room,20
2026-07-09,Thu,13:00,Art_Room,18
2026-07-09,Thu,13:30,Art_Room,13
2026-07-09,Thu,08:00,Music_Room,17
2026-07-09,Thu,08:30,Music_Room,12
2026-07-09,Thu,09:00,Music_Room,16
2026-07-09,Thu,09:30,Music_Room,16
2026-07-09,Thu,10:00,Music_Room,20
2026-07-09,Thu,10:30,Music_Room,24
2026-07-09,Thu,11:00,Music_Room,25
2026-07-09,Thu,11:30,Music_Room,29
2026-07-09,Thu,12:00,Music_Room,24
2026-07-09,Thu,12:30,Music_Room,28
2026-07-09,Thu,13:00,Music_Room,17
2026-07-09,Thu,13:30,Music_Room,21
2026-07-10,Fri,08:00,Library,21
2026-07-10,Fri,08:30,Library,25
2026-07-10,Fri,09:00,Library,20
2026-07-10,Fri,09:30,Library,29
2026-07-10,Fri,10:00,Library,24
2026-07-10,Fri,10:30,Library,28
2026-07-10,Fri,11:00,Library,29
2026-07-10,Fri,11:30,Library,33
2026-07-10,Fri,12:00,Library,37
2026-07-10,Fri,12:30,Library,32
2026-07-10,Fri,13:00,Library,30
2026-07-10,Fri,13:30,Library,25
2026-07-10,Fri,08:00,Gym,31
2026-07-10,Fri,08:30,Gym,26
2026-07-10,Fri,09:00,Gym,30
2026-07-10,Fri,09:30,Gym,30
2026-07-10,Fri,10:00,Gym,34
2026-07-10,Fri,10:30,Gym,29
2026-07-10,Fri,11:00,Gym,39
2026-07-10,Fri,11:30,Gym,43
2026-07-10,Fri,12:00,Gym,38
2026-07-10,Fri,12:30,Gym,42
2026-07-10,Fri,13:00,Gym,31
2026-07-10,Fri,13:30,Gym,35
2026-07-10,Fri,08:00,Computer_Room,23
2026-07-10,Fri,08:30,Computer_Room,27
2026-07-10,Fri,09:00,Computer_Room,22
2026-07-10,Fri,09:30,Computer_Room,31
2026-07-10,Fri,10:00,Computer_Room,26
2026-07-10,Fri,10:30,Computer_Room,30
2026-07-10,Fri,11:00,Computer_Room,40
2026-07-10,Fri,11:30,Computer_Room,35
2026-07-10,Fri,12:00,Computer_Room,39
2026-07-10,Fri,12:30,Computer_Room,34
2026-07-10,Fri,13:00,Computer_Room,32
2026-07-10,Fri,13:30,Computer_Room,27
2026-07-10,Fri,08:00,Science_Lab,19
2026-07-10,Fri,08:30,Science_Lab,14
2026-07-10,Fri,09:00,Science_Lab,18
2026-07-10,Fri,09:30,Science_Lab,18
2026-07-10,Fri,10:00,Science_Lab,22
2026-07-10,Fri,10:30,Science_Lab,26
2026-07-10,Fri,11:00,Science_Lab,27
2026-07-10,Fri,11:30,Science_Lab,31
2026-07-10,Fri,12:00,Science_Lab,26
2026-07-10,Fri,12:30,Science_Lab,30
2026-07-10,Fri,13:00,Science_Lab,19
2026-07-10,Fri,13:30,Science_Lab,23
2026-07-10,Fri,08:00,Art_Room,12
2026-07-10,Fri,08:30,Art_Room,16
2026-07-10,Fri,09:00,Art_Room,11
2026-07-10,Fri,09:30,Art_Room,20
2026-07-10,Fri,10:00,Art_Room,24
2026-07-10,Fri,10:30,Art_Room,19
2026-07-10,Fri,11:00,Art_Room,29
2026-07-10,Fri,11:30,Art_Room,24
2026-07-10,Fri,12:00,Art_Room,28
2026-07-10,Fri,12:30,Art_Room,23
2026-07-10,Fri,13:00,Art_Room,21
2026-07-10,Fri,13:30,Art_Room,16
2026-07-10,Fri,08:00,Music_Room,20
2026-07-10,Fri,08:30,Music_Room,15
2026-07-10,Fri,09:00,Music_Room,19
2026-07-10,Fri,09:30,Music_Room,28
2026-07-10,Fri,10:00,Music_Room,23
2026-07-10,Fri,10:30,Music_Room,27
2026-07-10,Fri,11:00,Music_Room,28
2026-07-10,Fri,11:30,Music_Room,32
2026-07-10,Fri,12:00,Music_Room,27
2026-07-10,Fri,12:30,Music_Room,31
2026-07-10,Fri,13:00,Music_Room,20
2026-07-10,Fri,13:30,Music_Room,24
2026-07-13,Mon,08:00,Library,16
2026-07-13,Mon,08:30,Library,20
2026-07-13,Mon,09:00,Library,15
2026-07-13,Mon,09:30,Library,24
2026-07-13,Mon,10:00,Library,19
2026-07-13,Mon,10:30,Library,23
2026-07-13,Mon,11:00,Library,33
2026-07-13,Mon,11:30,Library,28
2026-07-13,Mon,12:00,Library,32
2026-07-13,Mon,12:30,Library,27
2026-07-13,Mon,13:00,Library,25
2026-07-13,Mon,13:30,Library,20
2026-07-13,Mon,08:00,Gym,26
2026-07-13,Mon,08:30,Gym,21
2026-07-13,Mon,09:00,Gym,25
2026-07-13,Mon,09:30,Gym,25
2026-07-13,Mon,10:00,Gym,29
2026-07-13,Mon,10:30,Gym,33
2026-07-13,Mon,11:00,Gym,34
2026-07-13,Mon,11:30,Gym,38
2026-07-13,Mon,12:00,Gym,33
2026-07-13,Mon,12:30,Gym,37
2026-07-13,Mon,13:00,Gym,26
2026-07-13,Mon,13:30,Gym,30
2026-07-13,Mon,08:00,Computer_Room,18
2026-07-13,Mon,08:30,Computer_Room,22
2026-07-13,Mon,09:00,Computer_Room,17
2026-07-13,Mon,09:30,Computer_Room,26
2026-07-13,Mon,10:00,Computer_Room,30
2026-07-13,Mon,10:30,Computer_Room,25
2026-07-13,Mon,11:00,Computer_Room,35
2026-07-13,Mon,11:30,Computer_Room,30
2026-07-13,Mon,12:00,Computer_Room,34
2026-07-13,Mon,12:30,Computer_Room,29
2026-07-13,Mon,13:00,Computer_Room,27
2026-07-13,Mon,13:30,Computer_Room,22
2026-07-13,Mon,08:00,Science_Lab,14
2026-07-13,Mon,08:30,Science_Lab,9
2026-07-13,Mon,09:00,Science_Lab,13
2026-07-13,Mon,09:30,Science_Lab,22
2026-07-13,Mon,10:00,Science_Lab,17
2026-07-13,Mon,10:30,Science_Lab,21
2026-07-13,Mon,11:00,Science_Lab,22
2026-07-13,Mon,11:30,Science_Lab,26
2026-07-13,Mon,12:00,Science_Lab,21
2026-07-13,Mon,12:30,Science_Lab,25
2026-07-13,Mon,13:00,Science_Lab,14
2026-07-13,Mon,13:30,Science_Lab,18
2026-07-13,Mon,08:00,Art_Room,7
2026-07-13,Mon,08:30,Art_Room,11
2026-07-13,Mon,09:00,Art_Room,15
2026-07-13,Mon,09:30,Art_Room,15
2026-07-13,Mon,10:00,Art_Room,19
2026-07-13,Mon,10:30,Art_Room,14
2026-07-13,Mon,11:00,Art_Room,24
2026-07-13,Mon,11:30,Art_Room,19
2026-07-13,Mon,12:00,Art_Room,23
2026-07-13,Mon,12:30,Art_Room,18
2026-07-13,Mon,13:00,Art_Room,16
2026-07-13,Mon,13:30,Art_Room,20
2026-07-13,Mon,08:00,Music_Room,15
2026-07-13,Mon,08:30,Music_Room,19
2026-07-13,Mon,09:00,Music_Room,14
2026-07-13,Mon,09:30,Music_Room,23
2026-07-13,Mon,10:00,Music_Room,18
2026-07-13,Mon,10:30,Music_Room,22
2026-07-13,Mon,11:00,Music_Room,23
2026-07-13,Mon,11:30,Music_Room,27
2026-07-13,Mon,12:00,Music_Room,22
2026-07-13,Mon,12:30,Music_Room,26
2026-07-13,Mon,13:00,Music_Room,24
2026-07-13,Mon,13:30,Music_Room,19
2026-07-14,Tue,08:00,Library,15
2026-07-14,Tue,08:30,Library,19
2026-07-14,Tue,09:00,Library,14
2026-07-14,Tue,09:30,Library,23
2026-07-14,Tue,10:00,Library,27
2026-07-14,Tue,10:30,Library,22
2026-07-14,Tue,11:00,Library,32
2026-07-14,Tue,11:30,Library,27
2026-07-14,Tue,12:00,Library,31
2026-07-14,Tue,12:30,Library,26
2026-07-14,Tue,13:00,Library,24
2026-07-14,Tue,13:30,Library,19
2026-07-14,Tue,08:00,Gym,25
2026-07-14,Tue,08:30,Gym,20
2026-07-14,Tue,09:00,Gym,24
2026-07-14,Tue,09:30,Gym,33
2026-07-14,Tue,10:00,Gym,28
2026-07-14,Tue,10:30,Gym,32
2026-07-14,Tue,11:00,Gym,33
2026-07-14,Tue,11:30,Gym,37
2026-07-14,Tue,12:00,Gym,32
2026-07-14,Tue,12:30,Gym,36
2026-07-14,Tue,13:00,Gym,25
2026-07-14,Tue,13:30,Gym,29
2026-07-14,Tue,08:00,Computer_Room,17
2026-07-14,Tue,08:30,Computer_Room,21
2026-07-14,Tue,09:00,Computer_Room,25
2026-07-14,Tue,09:30,Computer_Room,25
2026-07-14,Tue,10:00,Computer_Room,29
2026-07-14,Tue,10:30,Computer_Room,24
2026-07-14,Tue,11:00,Computer_Room,34
2026-07-14,Tue,11:30,Computer_Room,29
2026-07-14,Tue,12:00,Computer_Room,33
2026-07-14,Tue,12:30,Computer_Room,28
2026-07-14,Tue,13:00,Computer_Room,26
2026-07-14,Tue,13:30,Computer_Room,30
2026-07-14,Tue,08:00,Science_Lab,13
2026-07-14,Tue,08:30,Science_Lab,17
2026-07-14,Tue,09:00,Science_Lab,12
2026-07-14,Tue,09:30,Science_Lab,21
2026-07-14,Tue,10:00,Science_Lab,16
2026-07-14,Tue,10:30,Science_Lab,20
2026-07-14,Tue,11:00,Science_Lab,21
2026-07-14,Tue,11:30,Science_Lab,25
2026-07-14,Tue,12:00,Science_Lab,20
2026-07-14,Tue,12:30,Science_Lab,24
2026-07-14,Tue,13:00,Science_Lab,22
2026-07-14,Tue,13:30,Science_Lab,17
2026-07-14,Tue,08:00,Art_Room,15
2026-07-14,Tue,08:30,Art_Room,10
2026-07-14,Tue,09:00,Art_Room,14
2026-07-14,Tue,09:30,Art_Room,14
2026-07-14,Tue,10:00,Art_Room,18
2026-07-14,Tue,10:30,Art_Room,13
2026-07-14,Tue,11:00,Art_Room,23
2026-07-14,Tue,11:30,Art_Room,18
2026-07-14,Tue,12:00,Art_Room,22
2026-07-14,Tue,12:30,Art_Room,26
2026-07-14,Tue,13:00,Art_Room,15
2026-07-14,Tue,13:30,Art_Room,19
2026-07-14,Tue,08:00,Music_Room,14
2026-07-14,Tue,08:30,Music_Room,18
2026-07-14,Tue,09:00,Music_Room,13
2026-07-14,Tue,09:30,Music_Room,22
2026-07-14,Tue,10:00,Music_Room,17
2026-07-14,Tue,10:30,Music_Room,21
2026-07-14,Tue,11:00,Music_Room,22
2026-07-14,Tue,11:30,Music_Room,26
2026-07-14,Tue,12:00,Music_Room,30
2026-07-14,Tue,12:30,Music_Room,25
2026-07-14,Tue,13:00,Music_Room,23
2026-07-14,Tue,13:30,Music_Room,18
2026-07-15,Wed,08:00,Library,14
2026-07-15,Wed,08:30,Library,18
2026-07-15,Wed,09:00,Library,22
2026-07-15,Wed,09:30,Library,22
2026-07-15,Wed,10:00,Library,26
2026-07-15,Wed,10:30,Library,21
2026-07-15,Wed,11:00,Library,31
2026-07-15,Wed,11:30,Library,26
2026-07-15,Wed,12:00,Library,30
2026-07-15,Wed,12:30,Library,25
2026-07-15,Wed,13:00,Library,23
2026-07-15,Wed,13:30,Library,27
2026-07-15,Wed,08:00,Gym,24
2026-07-15,Wed,08:30,Gym,28
2026-07-15,Wed,09:00,Gym,23
2026-07-15,Wed,09:30,Gym,32
2026-07-15,Wed,10:00,Gym,27
2026-07-15,Wed,10:30,Gym,31
2026-07-15,Wed,11:00,Gym,32
2026-07-15,Wed,11:30,Gym,36
2026-07-15,Wed,12:00,Gym,31
2026-07-15,Wed,12:30,Gym,35
2026-07-15,Wed,13:00,Gym,33
2026-07-15,Wed,13:30,Gym,28
2026-07-15,Wed,08:00,Computer_Room,25
2026-07-15,Wed,08:30,Computer_Room,20
2026-07-15,Wed,09:00,Computer_Room,24
2026-07-15,Wed,09:30,Computer_Room,24
2026-07-15,Wed,10:00,Computer_Room,28
2026-07-15,Wed,10:30,Computer_Room,23
2026-07-15,Wed,11:00,Computer_Room,33
2026-07-15,Wed,11:30,Computer_Room,28
2026-07-15,Wed,12:00,Computer_Room,32
2026-07-15,Wed,12:30,Computer_Room,36
2026-07-15,Wed,13:00,Computer_Room,25
2026-07-15,Wed,13:30,Computer_Room,29
2026-07-15,Wed,08:00,Science_Lab,12
2026-07-15,Wed,08:30,Science_Lab,16
2026-07-15,Wed,09:00,Science_Lab,11
2026-07-15,Wed,09:30,Science_Lab,20
2026-07-15,Wed,10:00,Science_Lab,15
2026-07-15,Wed,10:30,Science_Lab,19
2026-07-15,Wed,11:00,Science_Lab,20
2026-07-15,Wed,11:30,Science_Lab,24
2026-07-15,Wed,12:00,Science_Lab,28
2026-07-15,Wed,12:30,Science_Lab,23
2026-07-15,Wed,13:00,Science_Lab,21
2026-07-15,Wed,13:30,Science_Lab,16
2026-07-15,Wed,08:00,Art_Room,14
2026-07-15,Wed,08:30,Art_Room,9
2026-07-15,Wed,09:00,Art_Room,13
2026-07-15,Wed,09:30,Art_Room,13
2026-07-15,Wed,10:00,Art_Room,17
2026-07-15,Wed,10:30,Art_Room,12
2026-07-15,Wed,11:00,Art_Room,22
2026-07-15,Wed,11:30,Art_Room,26
2026-07-15,Wed,12:00,Art_Room,21
2026-07-15,Wed,12:30,Art_Room,25
2026-07-15,Wed,13:00,Art_Room,14
2026-07-15,Wed,13:30,Art_Room,18
2026-07-15,Wed,08:00,Music_Room,13
2026-07-15,Wed,08:30,Music_Room,17
2026-07-15,Wed,09:00,Music_Room,12
2026-07-15,Wed,09:30,Music_Room,21
2026-07-15,Wed,10:00,Music_Room,16
2026-07-15,Wed,10:30,Music_Room,20
2026-07-15,Wed,11:00,Music_Room,30
2026-07-15,Wed,11:30,Music_Room,25
2026-07-15,Wed,12:00,Music_Room,29
2026-07-15,Wed,12:30,Music_Room,24
2026-07-15,Wed,13:00,Music_Room,22
2026-07-15,Wed,13:30,Music_Room,17
2026-07-16,Thu,08:00,Library,22
2026-07-16,Thu,08:30,Library,17
2026-07-16,Thu,09:00,Library,21
2026-07-16,Thu,09:30,Library,21
2026-07-16,Thu,10:00,Library,25
2026-07-16,Thu,10:30,Library,20
2026-07-16,Thu,11:00,Library,30
2026-07-16,Thu,11:30,Library,25
2026-07-16,Thu,12:00,Library,29
2026-07-16,Thu,12:30,Library,33
2026-07-16,Thu,13:00,Library,22
2026-07-16,Thu,13:30,Library,26
2026-07-16,Thu,08:00,Gym,23
2026-07-16,Thu,08:30,Gym,27
2026-07-16,Thu,09:00,Gym,22
2026-07-16,Thu,09:30,Gym,31
2026-07-16,Thu,10:00,Gym,26
2026-07-16,Thu,10:30,Gym,30
2026-07-16,Thu,11:00,Gym,31
2026-07-16,Thu,11:30,Gym,35
2026-07-16,Thu,12:00,Gym,39
2026-07-16,Thu,12:30,Gym,34
2026-07-16,Thu,13:00,Gym,32
2026-07-16,Thu,13:30,Gym,27
2026-07-16,Thu,08:00,Computer_Room,24
2026-07-16,Thu,08:30,Computer_Room,19
2026-07-16,Thu,09:00,Computer_Room,23
2026-07-16,Thu,09:30,Computer_Room,23
2026-07-16,Thu,10:00,Computer_Room,27
2026-07-16,Thu,10:30,Computer_Room,22
2026-07-16,Thu,11:00,Computer_Room,32
2026-07-16,Thu,11:30,Computer_Room,36
2026-07-16,Thu,12:00,Computer_Room,31
2026-07-16,Thu,12:30,Computer_Room,35
2026-07-16,Thu,13:00,Computer_Room,24
2026-07-16,Thu,13:30,Computer_Room,28
2026-07-16,Thu,08:00,Science_Lab,11
2026-07-16,Thu,08:30,Science_Lab,15
2026-07-16,Thu,09:00,Science_Lab,10
2026-07-16,Thu,09:30,Science_Lab,19
2026-07-16,Thu,10:00,Science_Lab,14
2026-07-16,Thu,10:30,Science_Lab,18
2026-07-16,Thu,11:00,Science_Lab,28
2026-07-16,Thu,11:30,Science_Lab,23
2026-07-16,Thu,12:00,Science_Lab,27
2026-07-16,Thu,12:30,Science_Lab,22
2026-07-16,Thu,13:00,Science_Lab,20
2026-07-16,Thu,13:30,Science_Lab,15
2026-07-16,Thu,08:00,Art_Room,13
2026-07-16,Thu,08:30,Art_Room,8
2026-07-16,Thu,09:00,Art_Room,12
2026-07-16,Thu,09:30,Art_Room,12
2026-07-16,Thu,10:00,Art_Room,16
2026-07-16,Thu,10:30,Art_Room,20
2026-07-16,Thu,11:00,Art_Room,21
2026-07-16,Thu,11:30,Art_Room,25
2026-07-16,Thu,12:00,Art_Room,20
2026-07-16,Thu,12:30,Art_Room,24
2026-07-16,Thu,13:00,Art_Room,13
2026-07-16,Thu,13:30,Art_Room,17
2026-07-16,Thu,08:00,Music_Room,12
2026-07-16,Thu,08:30,Music_Room,16
2026-07-16,Thu,09:00,Music_Room,11
2026-07-16,Thu,09:30,Music_Room,20
2026-07-16,Thu,10:00,Music_Room,24
2026-07-16,Thu,10:30,Music_Room,19
2026-07-16,Thu,11:00,Music_Room,29
2026-07-16,Thu,11:30,Music_Room,24
2026-07-16,Thu,12:00,Music_Room,28
2026-07-16,Thu,12:30,Music_Room,23
2026-07-16,Thu,13:00,Music_Room,21
2026-07-16,Thu,13:30,Music_Room,16
2026-07-17,Fri,08:00,Library,25
2026-07-17,Fri,08:30,Library,20
2026-07-17,Fri,09:00,Library,24
2026-07-17,Fri,09:30,Library,24
2026-07-17,Fri,10:00,Library,28
2026-07-17,Fri,10:30,Library,23
2026-07-17,Fri,11:00,Library,33
2026-07-17,Fri,11:30,Library,37
2026-07-17,Fri,12:00,Library,32
2026-07-17,Fri,12:30,Library,36
2026-07-17,Fri,13:00,Library,25
2026-07-17,Fri,13:30,Library,29
2026-07-17,Fri,08:00,Gym,26
2026-07-17,Fri,08:30,Gym,30
2026-07-17,Fri,09:00,Gym,25
2026-07-17,Fri,09:30,Gym,34
2026-07-17,Fri,10:00,Gym,29
2026-07-17,Fri,10:30,Gym,33
2026-07-17,Fri,11:00,Gym,43
2026-07-17,Fri,11:30,Gym,38
2026-07-17,Fri,12:00,Gym,42
2026-07-17,Fri,12:30,Gym,37
2026-07-17,Fri,13:00,Gym,35
2026-07-17,Fri,13:30,Gym,30
2026-07-17,Fri,08:00,Computer_Room,27
2026-07-17,Fri,08:30,Computer_Room,22
2026-07-17,Fri,09:00,Computer_Room,26
2026-07-17,Fri,09:30,Computer_Room,26
2026-07-17,Fri,10:00,Computer_Room,30
2026-07-17,Fri,10:30,Computer_Room,34
2026-07-17,Fri,11:00,Computer_Room,35
2026-07-17,Fri,11:30,Computer_Room,39
2026-07-17,Fri,12:00,Computer_Room,34
2026-07-17,Fri,12:30,Computer_Room,38
2026-07-17,Fri,13:00,Computer_Room,27
2026-07-17,Fri,13:30,Computer_Room,31
2026-07-17,Fri,08:00,Science_Lab,14
2026-07-17,Fri,08:30,Science_Lab,18
2026-07-17,Fri,09:00,Science_Lab,13
2026-07-17,Fri,09:30,Science_Lab,22
2026-07-17,Fri,10:00,Science_Lab,26
2026-07-17,Fri,10:30,Science_Lab,21
2026-07-17,Fri,11:00,Science_Lab,31
2026-07-17,Fri,11:30,Science_Lab,26
2026-07-17,Fri,12:00,Science_Lab,30
2026-07-17,Fri,12:30,Science_Lab,25
2026-07-17,Fri,13:00,Science_Lab,23
2026-07-17,Fri,13:30,Science_Lab,18
2026-07-17,Fri,08:00,Art_Room,16
2026-07-17,Fri,08:30,Art_Room,11
2026-07-17,Fri,09:00,Art_Room,15
2026-07-17,Fri,09:30,Art_Room,24
2026-07-17,Fri,10:00,Art_Room,19
2026-07-17,Fri,10:30,Art_Room,23
2026-07-17,Fri,11:00,Art_Room,24
2026-07-17,Fri,11:30,Art_Room,28
2026-07-17,Fri,12:00,Art_Room,23
2026-07-17,Fri,12:30,Art_Room,27
2026-07-17,Fri,13:00,Art_Room,16
2026-07-17,Fri,13:30,Art_Room,20
2026-07-17,Fri,08:00,Music_Room,15
2026-07-17,Fri,08:30,Music_Room,19
2026-07-17,Fri,09:00,Music_Room,23
2026-07-17,Fri,09:30,Music_Room,23
2026-07-17,Fri,10:00,Music_Room,27
2026-07-17,Fri,10:30,Music_Room,22
2026-07-17,Fri,11:00,Music_Room,32
2026-07-17,Fri,11:30,Music_Room,27
2026-07-17,Fri,12:00,Music_Room,31
2026-07-17,Fri,12:30,Music_Room,26
2026-07-17,Fri,13:00,Music_Room,24
2026-07-17,Fri,13:30,Music_Room,28
2026-07-20,Mon,08:00,Library,20
2026-07-20,Mon,08:30,Library,15
2026-07-20,Mon,09:00,Library,19
2026-07-20,Mon,09:30,Library,19
2026-07-20,Mon,10:00,Library,23
2026-07-20,Mon,10:30,Library,27
2026-07-20,Mon,11:00,Library,28
2026-07-20,Mon,11:30,Library,32
2026-07-20,Mon,12:00,Library,27
2026-07-20,Mon,12:30,Library,31
2026-07-20,Mon,13:00,Library,20
2026-07-20,Mon,13:30,Library,24
2026-07-20,Mon,08:00,Gym,21
2026-07-20,Mon,08:30,Gym,25
2026-07-20,Mon,09:00,Gym,20
2026-07-20,Mon,09:30,Gym,29
2026-07-20,Mon,10:00,Gym,33
2026-07-20,Mon,10:30,Gym,28
2026-07-20,Mon,11:00,Gym,38
2026-07-20,Mon,11:30,Gym,33
2026-07-20,Mon,12:00,Gym,37
2026-07-20,Mon,12:30,Gym,32
2026-07-20,Mon,13:00,Gym,30
2026-07-20,Mon,13:30,Gym,25
2026-07-20,Mon,08:00,Computer_Room,22
2026-07-20,Mon,08:30,Computer_Room,17
2026-07-20,Mon,09:00,Computer_Room,21
2026-07-20,Mon,09:30,Computer_Room,30
2026-07-20,Mon,10:00,Computer_Room,25
2026-07-20,Mon,10:30,Computer_Room,29
2026-07-20,Mon,11:00,Computer_Room,30
2026-07-20,Mon,11:30,Computer_Room,34
2026-07-20,Mon,12:00,Computer_Room,29
2026-07-20,Mon,12:30,Computer_Room,33
2026-07-20,Mon,13:00,Computer_Room,22
2026-07-20,Mon,13:30,Computer_Room,26
2026-07-20,Mon,08:00,Science_Lab,9
2026-07-20,Mon,08:30,Science_Lab,13
2026-07-20,Mon,09:00,Science_Lab,17
2026-07-20,Mon,09:30,Science_Lab,17
2026-07-20,Mon,10:00,Science_Lab,21
2026-07-20,Mon,10:30,Science_Lab,16
2026-07-20,Mon,11:00,Science_Lab,26
2026-07-20,Mon,11:30,Science_Lab,21
2026-07-20,Mon,12:00,Science_Lab,25
2026-07-20,Mon,12:30,Science_Lab,20
2026-07-20,Mon,13:00,Science_Lab,18
2026-07-20,Mon,13:30,Science_Lab,22
2026-07-20,Mon,08:00,Art_Room,11
2026-07-20,Mon,08:30,Art_Room,15
2026-07-20,Mon,09:00,Art_Room,10
2026-07-20,Mon,09:30,Art_Room,19
2026-07-20,Mon,10:00,Art_Room,14
2026-07-20,Mon,10:30,Art_Room,18
2026-07-20,Mon,11:00,Art_Room,19
2026-07-20,Mon,11:30,Art_Room,23
2026-07-20,Mon,12:00,Art_Room,18
2026-07-20,Mon,12:30,Art_Room,22
2026-07-20,Mon,13:00,Art_Room,20
2026-07-20,Mon,13:30,Art_Room,15
2026-07-20,Mon,08:00,Music_Room,19
2026-07-20,Mon,08:30,Music_Room,14
2026-07-20,Mon,09:00,Music_Room,18
2026-07-20,Mon,09:30,Music_Room,18
2026-07-20,Mon,10:00,Music_Room,22
2026-07-20,Mon,10:30,Music_Room,17
2026-07-20,Mon,11:00,Music_Room,27
2026-07-20,Mon,11:30,Music_Room,22
2026-07-20,Mon,12:00,Music_Room,26
2026-07-20,Mon,12:30,Music_Room,30
2026-07-20,Mon,13:00,Music_Room,19
2026-07-20,Mon,13:30,Music_Room,23
2026-07-21,Tue,08:00,Library,19
2026-07-21,Tue,08:30,Library,14
2026-07-21,Tue,09:00,Library,18
2026-07-21,Tue,09:30,Library,27
2026-07-21,Tue,10:00,Library,22
2026-07-21,Tue,10:30,Library,26
2026-07-21,Tue,11:00,Library,27
2026-07-21,Tue,11:30,Library,31
2026-07-21,Tue,12:00,Library,26
2026-07-21,Tue,12:30,Library,30
2026-07-21,Tue,13:00,Library,19
2026-07-21,Tue,13:30,Library,23
2026-07-21,Tue,08:00,Gym,20
2026-07-21,Tue,08:30,Gym,24
2026-07-21,Tue,09:00,Gym,28
2026-07-21,Tue,09:30,Gym,28
2026-07-21,Tue,10:00,Gym,32
2026-07-21,Tue,10:30,Gym,27
2026-07-21,Tue,11:00,Gym,37
2026-07-21,Tue,11:30,Gym,32
2026-07-21,Tue,12:00,Gym,36
2026-07-21,Tue,12:30,Gym,31
2026-07-21,Tue,13:00,Gym,29
2026-07-21,Tue,13:30,Gym,33
2026-07-21,Tue,08:00,Computer_Room,21
2026-07-21,Tue,08:30,Computer_Room,25
2026-07-21,Tue,09:00,Computer_Room,20
2026-07-21,Tue,09:30,Computer_Room,29
2026-07-21,Tue,10:00,Computer_Room,24
2026-07-21,Tue,10:30,Computer_Room,28
2026-07-21,Tue,11:00,Computer_Room,29
2026-07-21,Tue,11:30,Computer_Room,33
2026-07-21,Tue,12:00,Computer_Room,28
2026-07-21,Tue,12:30,Computer_Room,32
2026-07-21,Tue,13:00,Computer_Room,30
2026-07-21,Tue,13:30,Computer_Room,25
2026-07-21,Tue,08:00,Science_Lab,17
2026-07-21,Tue,08:30,Science_Lab,12
2026-07-21,Tue,09:00,Science_Lab,16
2026-07-21,Tue,09:30,Science_Lab,16
2026-07-21,Tue,10:00,Science_Lab,20
2026-07-21,Tue,10:30,Science_Lab,15
2026-07-21,Tue,11:00,Science_Lab,25
2026-07-21,Tue,11:30,Science_Lab,20
2026-07-21,Tue,12:00,Science_Lab,24
2026-07-21,Tue,12:30,Science_Lab,28
2026-07-21,Tue,13:00,Science_Lab,17
2026-07-21,Tue,13:30,Science_Lab,21
2026-07-21,Tue,08:00,Art_Room,10
2026-07-21,Tue,08:30,Art_Room,14
2026-07-21,Tue,09:00,Art_Room,9
2026-07-21,Tue,09:30,Art_Room,18
2026-07-21,Tue,10:00,Art_Room,13
2026-07-21,Tue,10:30,Art_Room,17
2026-07-21,Tue,11:00,Art_Room,18
2026-07-21,Tue,11:30,Art_Room,22
2026-07-21,Tue,12:00,Art_Room,26
2026-07-21,Tue,12:30,Art_Room,21
2026-07-21,Tue,13:00,Art_Room,19
2026-07-21,Tue,13:30,Art_Room,14
2026-07-21,Tue,08:00,Music_Room,18
2026-07-21,Tue,08:30,Music_Room,13
2026-07-21,Tue,09:00,Music_Room,17
2026-07-21,Tue,09:30,Music_Room,17
2026-07-21,Tue,10:00,Music_Room,21
2026-07-21,Tue,10:30,Music_Room,16
2026-07-21,Tue,11:00,Music_Room,26
2026-07-21,Tue,11:30,Music_Room,30
2026-07-21,Tue,12:00,Music_Room,25
2026-07-21,Tue,12:30,Music_Room,29
2026-07-21,Tue,13:00,Music_Room,18
2026-07-21,Tue,13:30,Music_Room,22
2026-07-22,Wed,08:00,Library,18
2026-07-22,Wed,08:30,Library,22
2026-07-22,Wed,09:00,Library,17
2026-07-22,Wed,09:30,Library,26
2026-07-22,Wed,10:00,Library,21
2026-07-22,Wed,10:30,Library,25
2026-07-22,Wed,11:00,Library,26
2026-07-22,Wed,11:30,Library,30
2026-07-22,Wed,12:00,Library,25
2026-07-22,Wed,12:30,Library,29
2026-07-22,Wed,13:00,Library,27
2026-07-22,Wed,13:30,Library,22
2026-07-22,Wed,08:00,Gym,28
2026-07-22,Wed,08:30,Gym,23
2026-07-22,Wed,09:00,Gym,27
2026-07-22,Wed,09:30,Gym,27
2026-07-22,Wed,10:00,Gym,31
2026-07-22,Wed,10:30,Gym,26
2026-07-22,Wed,11:00,Gym,36
2026-07-22,Wed,11:30,Gym,31
2026-07-22,Wed,12:00,Gym,35
2026-07-22,Wed,12:30,Gym,39
2026-07-22,Wed,13:00,Gym,28
2026-07-22,Wed,13:30,Gym,32
2026-07-22,Wed,08:00,Computer_Room,20
2026-07-22,Wed,08:30,Computer_Room,24
2026-07-22,Wed,09:00,Computer_Room,19
2026-07-22,Wed,09:30,Computer_Room,28
2026-07-22,Wed,10:00,Computer_Room,23
2026-07-22,Wed,10:30,Computer_Room,27
2026-07-22,Wed,11:00,Computer_Room,28
2026-07-22,Wed,11:30,Computer_Room,32
2026-07-22,Wed,12:00,Computer_Room,36
2026-07-22,Wed,12:30,Computer_Room,31
2026-07-22,Wed,13:00,Computer_Room,29
2026-07-22,Wed,13:30,Computer_Room,24
2026-07-22,Wed,08:00,Science_Lab,16
2026-07-22,Wed,08:30,Science_Lab,11
2026-07-22,Wed,09:00,Science_Lab,15
2026-07-22,Wed,09:30,Science_Lab,15
2026-07-22,Wed,10:00,Science_Lab,19
2026-07-22,Wed,10:30,Science_Lab,14
2026-07-22,Wed,11:00,Science_Lab,24
2026-07-22,Wed,11:30,Science_Lab,28
2026-07-22,Wed,12:00,Science_Lab,23
2026-07-22,Wed,12:30,Science_Lab,27
2026-07-22,Wed,13:00,Science_Lab,16
2026-07-22,Wed,13:30,Science_Lab,20
2026-07-22,Wed,08:00,Art_Room,9
2026-07-22,Wed,08:30,Art_Room,13
2026-07-22,Wed,09:00,Art_Room,8
2026-07-22,Wed,09:30,Art_Room,17
2026-07-22,Wed,10:00,Art_Room,12
2026-07-22,Wed,10:30,Art_Room,16
2026-07-22,Wed,11:00,Art_Room,26
2026-07-22,Wed,11:30,Art_Room,21
2026-07-22,Wed,12:00,Art_Room,25
2026-07-22,Wed,12:30,Art_Room,20
2026-07-22,Wed,13:00,Art_Room,18
2026-07-22,Wed,13:30,Art_Room,13
2026-07-22,Wed,08:00,Music_Room,17
2026-07-22,Wed,08:30,Music_Room,12
2026-07-22,Wed,09:00,Music_Room,16
2026-07-22,Wed,09:30,Music_Room,16
2026-07-22,Wed,10:00,Music_Room,20
2026-07-22,Wed,10:30,Music_Room,24
2026-07-22,Wed,11:00,Music_Room,25
2026-07-22,Wed,11:30,Music_Room,29
2026-07-22,Wed,12:00,Music_Room,24
2026-07-22,Wed,12:30,Music_Room,28
2026-07-22,Wed,13:00,Music_Room,17
2026-07-22,Wed,13:30,Music_Room,21
2026-07-23,Thu,08:00,Library,17
2026-07-23,Thu,08:30,Library,21
2026-07-23,Thu,09:00,Library,16
2026-07-23,Thu,09:30,Library,25
2026-07-23,Thu,10:00,Library,20
2026-07-23,Thu,10:30,Library,24
2026-07-23,Thu,11:00,Library,25
2026-07-23,Thu,11:30,Library,29
2026-07-23,Thu,12:00,Library,33
2026-07-23,Thu,12:30,Library,28
2026-07-23,Thu,13:00,Library,26
2026-07-23,Thu,13:30,Library,21
2026-07-23,Thu,08:00,Gym,27
2026-07-23,Thu,08:30,Gym,22
2026-07-23,Thu,09:00,Gym,26
2026-07-23,Thu,09:30,Gym,26
2026-07-23,Thu,10:00,Gym,30
2026-07-23,Thu,10:30,Gym,25
2026-07-23,Thu,11:00,Gym,35
2026-07-23,Thu,11:30,Gym,39
2026-07-23,Thu,12:00,Gym,34
2026-07-23,Thu,12:30,Gym,38
2026-07-23,Thu,13:00,Gym,27
2026-07-23,Thu,13:30,Gym,31
2026-07-23,Thu,08:00,Computer_Room,19
2026-07-23,Thu,08:30,Computer_Room,23
2026-07-23,Thu,09:00,Computer_Room,18
2026-07-23,Thu,09:30,Computer_Room,27
2026-07-23,Thu,10:00,Computer_Room,22
2026-07-23,Thu,10:30,Computer_Room,26
2026-07-23,Thu,11:00,Computer_Room,36
2026-07-23,Thu,11:30,Computer_Room,31
2026-07-23,Thu,12:00,Computer_Room,35
2026-07-23,Thu,12:30,Computer_Room,30
2026-07-23,Thu,13:00,Computer_Room,28
2026-07-23,Thu,13:30,Computer_Room,23
2026-07-23,Thu,08:00,Science_Lab,15
2026-07-23,Thu,08:30,Science_Lab,10
2026-07-23,Thu,09:00,Science_Lab,14
2026-07-23,Thu,09:30,Science_Lab,14
2026-07-23,Thu,10:00,Science_Lab,18
2026-07-23,Thu,10:30,Science_Lab,22
2026-07-23,Thu,11:00,Science_Lab,23
2026-07-23,Thu,11:30,Science_Lab,27
2026-07-23,Thu,12:00,Science_Lab,22
2026-07-23,Thu,12:30,Science_Lab,26
2026-07-23,Thu,13:00,Science_Lab,15
2026-07-23,Thu,13:30,Science_Lab,19
2026-07-23,Thu,08:00,Art_Room,8
2026-07-23,Thu,08:30,Art_Room,12
2026-07-23,Thu,09:00,Art_Room,7
2026-07-23,Thu,09:30,Art_Room,16
2026-07-23,Thu,10:00,Art_Room,20
2026-07-23,Thu,10:30,Art_Room,15
2026-07-23,Thu,11:00,Art_Room,25
2026-07-23,Thu,11:30,Art_Room,20
2026-07-23,Thu,12:00,Art_Room,24
2026-07-23,Thu,12:30,Art_Room,19
2026-07-23,Thu,13:00,Art_Room,17
2026-07-23,Thu,13:30,Art_Room,12
2026-07-23,Thu,08:00,Music_Room,16
2026-07-23,Thu,08:30,Music_Room,11
2026-07-23,Thu,09:00,Music_Room,15
2026-07-23,Thu,09:30,Music_Room,24
2026-07-23,Thu,10:00,Music_Room,19
2026-07-23,Thu,10:30,Music_Room,23
2026-07-23,Thu,11:00,Music_Room,24
2026-07-23,Thu,11:30,Music_Room,28
2026-07-23,Thu,12:00,Music_Room,23
2026-07-23,Thu,12:30,Music_Room,27
2026-07-23,Thu,13:00,Music_Room,16
2026-07-23,Thu,13:30,Music_Room,20
2026-07-24,Fri,08:00,Library,20
2026-07-24,Fri,08:30,Library,24
2026-07-24,Fri,09:00,Library,19
2026-07-24,Fri,09:30,Library,28
2026-07-24,Fri,10:00,Library,23
2026-07-24,Fri,10:30,Library,27
2026-07-24,Fri,11:00,Library,37
2026-07-24,Fri,11:30,Library,32
2026-07-24,Fri,12:00,Library,36
2026-07-24,Fri,12:30,Library,31
2026-07-24,Fri,13:00,Library,29
2026-07-24,Fri,13:30,Library,24
2026-07-24,Fri,08:00,Gym,30
2026-07-24,Fri,08:30,Gym,25
2026-07-24,Fri,09:00,Gym,29
2026-07-24,Fri,09:30,Gym,29
2026-07-24,Fri,10:00,Gym,33
2026-07-24,Fri,10:30,Gym,37
2026-07-24,Fri,11:00,Gym,38
2026-07-24,Fri,11:30,Gym,42
2026-07-24,Fri,12:00,Gym,37
2026-07-24,Fri,12:30,Gym,41
2026-07-24,Fri,13:00,Gym,30
2026-07-24,Fri,13:30,Gym,34
2026-07-24,Fri,08:00,Computer_Room,22
2026-07-24,Fri,08:30,Computer_Room,26
2026-07-24,Fri,09:00,Computer_Room,21
2026-07-24,Fri,09:30,Computer_Room,30
2026-07-24,Fri,10:00,Computer_Room,34
2026-07-24,Fri,10:30,Computer_Room,29
2026-07-24,Fri,11:00,Computer_Room,39
2026-07-24,Fri,11:30,Computer_Room,34
2026-07-24,Fri,12:00,Computer_Room,38
2026-07-24,Fri,12:30,Computer_Room,33
2026-07-24,Fri,13:00,Computer_Room,31
2026-07-24,Fri,13:30,Computer_Room,26
2026-07-24,Fri,08:00,Science_Lab,18
2026-07-24,Fri,08:30,Science_Lab,13
2026-07-24,Fri,09:00,Science_Lab,17
2026-07-24,Fri,09:30,Science_Lab,26
2026-07-24,Fri,10:00,Science_Lab,21
2026-07-24,Fri,10:30,Science_Lab,25
2026-07-24,Fri,11:00,Science_Lab,26
2026-07-24,Fri,11:30,Science_Lab,30
2026-07-24,Fri,12:00,Science_Lab,25
2026-07-24,Fri,12:30,Science_Lab,29
2026-07-24,Fri,13:00,Science_Lab,18
2026-07-24,Fri,13:30,Science_Lab,22
2026-07-24,Fri,08:00,Art_Room,11
2026-07-24,Fri,08:30,Art_Room,15
2026-07-24,Fri,09:00,Art_Room,19
2026-07-24,Fri,09:30,Art_Room,19
2026-07-24,Fri,10:00,Art_Room,23
2026-07-24,Fri,10:30,Art_Room,18
2026-07-24,Fri,11:00,Art_Room,28
2026-07-24,Fri,11:30,Art_Room,23
2026-07-24,Fri,12:00,Art_Room,27
2026-07-24,Fri,12:30,Art_Room,22
2026-07-24,Fri,13:00,Art_Room,20
2026-07-24,Fri,13:30,Art_Room,24
2026-07-24,Fri,08:00,Music_Room,19
2026-07-24,Fri,08:30,Music_Room,23
2026-07-24,Fri,09:00,Music_Room,18
2026-07-24,Fri,09:30,Music_Room,27
2026-07-24,Fri,10:00,Music_Room,22
2026-07-24,Fri,10:30,Music_Room,26
2026-07-24,Fri,11:00,Music_Room,27
2026-07-24,Fri,11:30,Music_Room,31
2026-07-24,Fri,12:00,Music_Room,26
2026-07-24,Fri,12:30,Music_Room,30
2026-07-24,Fri,13:00,Music_Room,28
2026-07-24,Fri,13:30,Music_Room,23
2026-07-27,Mon,08:00,Library,15
2026-07-27,Mon,08:30,Library,19
2026-07-27,Mon,09:00,Library,14
2026-07-27,Mon,09:30,Library,23
2026-07-27,Mon,10:00,Library,27
2026-07-27,Mon,10:30,Library,22
2026-07-27,Mon,11:00,Library,32
2026-07-27,Mon,11:30,Library,27
2026-07-27,Mon,12:00,Library,31
2026-07-27,Mon,12:30,Library,26
2026-07-27,Mon,13:00,Library,24
2026-07-27,Mon,13:30,Library,19
2026-07-27,Mon,08:00,Gym,25
2026-07-27,Mon,08:30,Gym,20
2026-07-27,Mon,09:00,Gym,24
2026-07-27,Mon,09:30,Gym,33
2026-07-27,Mon,10:00,Gym,28
2026-07-27,Mon,10:30,Gym,32
2026-07-27,Mon,11:00,Gym,33
2026-07-27,Mon,11:30,Gym,37
2026-07-27,Mon,12:00,Gym,32
2026-07-27,Mon,12:30,Gym,36
2026-07-27,Mon,13:00,Gym,25
2026-07-27,Mon,13:30,Gym,29
2026-07-27,Mon,08:00,Computer_Room,17
2026-07-27,Mon,08:30,Computer_Room,21
2026-07-27,Mon,09:00,Computer_Room,25
2026-07-27,Mon,09:30,Computer_Room,25
2026-07-27,Mon,10:00,Computer_Room,29
2026-07-27,Mon,10:30,Computer_Room,24
2026-07-27,Mon,11:00,Computer_Room,34
2026-07-27,Mon,11:30,Computer_Room,29
2026-07-27,Mon,12:00,Computer_Room,33
2026-07-27,Mon,12:30,Computer_Room,28
2026-07-27,Mon,13:00,Computer_Room,26
2026-07-27,Mon,13:30,Computer_Room,30
2026-07-27,Mon,08:00,Science_Lab,13
2026-07-27,Mon,08:30,Science_Lab,17
2026-07-27,Mon,09:00,Science_Lab,12
2026-07-27,Mon,09:30,Science_Lab,21
2026-07-27,Mon,10:00,Science_Lab,16
2026-07-27,Mon,10:30,Science_Lab,20
2026-07-27,Mon,11:00,Science_Lab,21
2026-07-27,Mon,11:30,Science_Lab,25
2026-07-27,Mon,12:00,Science_Lab,20
2026-07-27,Mon,12:30,Science_Lab,24
2026-07-27,Mon,13:00,Science_Lab,22
2026-07-27,Mon,13:30,Science_Lab,17
2026-07-27,Mon,08:00,Art_Room,15
2026-07-27,Mon,08:30,Art_Room,10
2026-07-27,Mon,09:00,Art_Room,14
2026-07-27,Mon,09:30,Art_Room,14
2026-07-27,Mon,10:00,Art_Room,18
2026-07-27,Mon,10:30,Art_Room,13
2026-07-27,Mon,11:00,Art_Room,23
2026-07-27,Mon,11:30,Art_Room,18
2026-07-27,Mon,12:00,Art_Room,22
2026-07-27,Mon,12:30,Art_Room,26
2026-07-27,Mon,13:00,Art_Room,15
2026-07-27,Mon,13:30,Art_Room,19
2026-07-27,Mon,08:00,Music_Room,14
2026-07-27,Mon,08:30,Music_Room,18
2026-07-27,Mon,09:00,Music_Room,13
2026-07-27,Mon,09:30,Music_Room,22
2026-07-27,Mon,10:00,Music_Room,17
2026-07-27,Mon,10:30,Music_Room,21
2026-07-27,Mon,11:00,Music_Room,22
2026-07-27,Mon,11:30,Music_Room,26
2026-07-27,Mon,12:00,Music_Room,30
2026-07-27,Mon,12:30,Music_Room,25
2026-07-27,Mon,13:00,Music_Room,23
2026-07-27,Mon,13:30,Music_Room,18
2026-07-28,Tue,08:00,Library,14
2026-07-28,Tue,08:30,Library,18
2026-07-28,Tue,09:00,Library,22
2026-07-28,Tue,09:30,Library,22
2026-07-28,Tue,10:00,Library,26
2026-07-28,Tue,10:30,Library,21
2026-07-28,Tue,11:00,Library,31
2026-07-28,Tue,11:30,Library,26
2026-07-28,Tue,12:00,Library,30
2026-07-28,Tue,12:30,Library,25
2026-07-28,Tue,13:00,Library,23
2026-07-28,Tue,13:30,Library,27
2026-07-28,Tue,08:00,Gym,24
2026-07-28,Tue,08:30,Gym,28
2026-07-28,Tue,09:00,Gym,23
2026-07-28,Tue,09:30,Gym,32
2026-07-28,Tue,10:00,Gym,27
2026-07-28,Tue,10:30,Gym,31
2026-07-28,Tue,11:00,Gym,32
2026-07-28,Tue,11:30,Gym,36
2026-07-28,Tue,12:00,Gym,31
2026-07-28,Tue,12:30,Gym,35
2026-07-28,Tue,13:00,Gym,33
2026-07-28,Tue,13:30,Gym,28
2026-07-28,Tue,08:00,Computer_Room,25
2026-07-28,Tue,08:30,Computer_Room,20
2026-07-28,Tue,09:00,Computer_Room,24
2026-07-28,Tue,09:30,Computer_Room,24
2026-07-28,Tue,10:00,Computer_Room,28
2026-07-28,Tue,10:30,Computer_Room,23
2026-07-28,Tue,11:00,Computer_Room,33
2026-07-28,Tue,11:30,Computer_Room,28
2026-07-28,Tue,12:00,Computer_Room,32
2026-07-28,Tue,12:30,Computer_Room,36
2026-07-28,Tue,13:00,Computer_Room,25
2026-07-28,Tue,13:30,Computer_Room,29
2026-07-28,Tue,08:00,Science_Lab,12
2026-07-28,Tue,08:30,Science_Lab,16
2026-07-28,Tue,09:00,Science_Lab,11
2026-07-28,Tue,09:30,Science_Lab,20
2026-07-28,Tue,10:00,Science_Lab,15
2026-07-28,Tue,10:30,Science_Lab,19
2026-07-28,Tue,11:00,Science_Lab,20
2026-07-28,Tue,11:30,Science_Lab,24
2026-07-28,Tue,12:00,Science_Lab,28
2026-07-28,Tue,12:30,Science_Lab,23
2026-07-28,Tue,13:00,Science_Lab,21
2026-07-28,Tue,13:30,Science_Lab,16
2026-07-28,Tue,08:00,Art_Room,14
2026-07-28,Tue,08:30,Art_Room,9
2026-07-28,Tue,09:00,Art_Room,13
2026-07-28,Tue,09:30,Art_Room,13
2026-07-28,Tue,10:00,Art_Room,17
2026-07-28,Tue,10:30,Art_Room,12
2026-07-28,Tue,11:00,Art_Room,22
2026-07-28,Tue,11:30,Art_Room,26
2026-07-28,Tue,12:00,Art_Room,21
2026-07-28,Tue,12:30,Art_Room,25
2026-07-28,Tue,13:00,Art_Room,14
2026-07-28,Tue,13:30,Art_Room,18
2026-07-28,Tue,08:00,Music_Room,13
2026-07-28,Tue,08:30,Music_Room,17
2026-07-28,Tue,09:00,Music_Room,12
2026-07-28,Tue,09:30,Music_Room,21
2026-07-28,Tue,10:00,Music_Room,16
2026-07-28,Tue,10:30,Music_Room,20
2026-07-28,Tue,11:00,Music_Room,30
2026-07-28,Tue,11:30,Music_Room,25
2026-07-28,Tue,12:00,Music_Room,29
2026-07-28,Tue,12:30,Music_Room,24
2026-07-28,Tue,13:00,Music_Room,22
2026-07-28,Tue,13:30,Music_Room,17
2026-07-29,Wed,08:00,Library,22
2026-07-29,Wed,08:30,Library,17
2026-07-29,Wed,09:00,Library,21
2026-07-29,Wed,09:30,Library,21
2026-07-29,Wed,10:00,Library,25
2026-07-29,Wed,10:30,Library,20
2026-07-29,Wed,11:00,Library,30
2026-07-29,Wed,11:30,Library,25
2026-07-29,Wed,12:00,Library,29
2026-07-29,Wed,12:30,Library,33
2026-07-29,Wed,13:00,Library,22
2026-07-29,Wed,13:30,Library,26
2026-07-29,Wed,08:00,Gym,23
2026-07-29,Wed,08:30,Gym,27
2026-07-29,Wed,09:00,Gym,22
2026-07-29,Wed,09:30,Gym,31
2026-07-29,Wed,10:00,Gym,26
2026-07-29,Wed,10:30,Gym,30
2026-07-29,Wed,11:00,Gym,31
2026-07-29,Wed,11:30,Gym,35
2026-07-29,Wed,12:00,Gym,39
2026-07-29,Wed,12:30,Gym,34
2026-07-29,Wed,13:00,Gym,32
2026-07-29,Wed,13:30,Gym,27
2026-07-29,Wed,08:00,Computer_Room,24
2026-07-29,Wed,08:30,Computer_Room,19
2026-07-29,Wed,09:00,Computer_Room,23
2026-07-29,Wed,09:30,Computer_Room,23
2026-07-29,Wed,10:00,Computer_Room,27
2026-07-29,Wed,10:30,Computer_Room,22
2026-07-29,Wed,11:00,Computer_Room,32
2026-07-29,Wed,11:30,Computer_Room,36
2026-07-29,Wed,12:00,Computer_Room,31
2026-07-29,Wed,12:30,Computer_Room,35
2026-07-29,Wed,13:00,Computer_Room,24
2026-07-29,Wed,13:30,Computer_Room,28
2026-07-29,Wed,08:00,Science_Lab,11
2026-07-29,Wed,08:30,Science_Lab,15
2026-07-29,Wed,09:00,Science_Lab,10
2026-07-29,Wed,09:30,Science_Lab,19
2026-07-29,Wed,10:00,Science_Lab,14
2026-07-29,Wed,10:30,Science_Lab,18
2026-07-29,Wed,11:00,Science_Lab,28
2026-07-29,Wed,11:30,Science_Lab,23
2026-07-29,Wed,12:00,Science_Lab,27
2026-07-29,Wed,12:30,Science_Lab,22
2026-07-29,Wed,13:00,Science_Lab,20
2026-07-29,Wed,13:30,Science_Lab,15
2026-07-29,Wed,08:00,Art_Room,13
2026-07-29,Wed,08:30,Art_Room,8
2026-07-29,Wed,09:00,Art_Room,12
2026-07-29,Wed,09:30,Art_Room,12
2026-07-29,Wed,10:00,Art_Room,16
2026-07-29,Wed,10:30,Art_Room,20
2026-07-29,Wed,11:00,Art_Room,21
2026-07-29,Wed,11:30,Art_Room,25
2026-07-29,Wed,12:00,Art_Room,20
2026-07-29,Wed,12:30,Art_Room,24
2026-07-29,Wed,13:00,Art_Room,13
2026-07-29,Wed,13:30,Art_Room,17
2026-07-29,Wed,08:00,Music_Room,12
2026-07-29,Wed,08:30,Music_Room,16
2026-07-29,Wed,09:00,Music_Room,11
2026-07-29,Wed,09:30,Music_Room,20
2026-07-29,Wed,10:00,Music_Room,24
2026-07-29,Wed,10:30,Music_Room,19
2026-07-29,Wed,11:00,Music_Room,29
2026-07-29,Wed,11:30,Music_Room,24
2026-07-29,Wed,12:00,Music_Room,28
2026-07-29,Wed,12:30,Music_Room,23
2026-07-29,Wed,13:00,Music_Room,21
2026-07-29,Wed,13:30,Music_Room,16
2026-07-30,Thu,08:00,Library,21
2026-07-30,Thu,08:30,Library,16
2026-07-30,Thu,09:00,Library,20
2026-07-30,Thu,09:30,Library,20
2026-07-30,Thu,10:00,Library,24
2026-07-30,Thu,10:30,Library,19
2026-07-30,Thu,11:00,Library,29
2026-07-30,Thu,11:30,Library,33
2026-07-30,Thu,12:00,Library,28
2026-07-30,Thu,12:30,Library,32
2026-07-30,Thu,13:00,Library,21
2026-07-30,Thu,13:30,Library,25
2026-07-30,Thu,08:00,Gym,22
2026-07-30,Thu,08:30,Gym,26
2026-07-30,Thu,09:00,Gym,21
2026-07-30,Thu,09:30,Gym,30
2026-07-30,Thu,10:00,Gym,25
2026-07-30,Thu,10:30,Gym,29
2026-07-30,Thu,11:00,Gym,39
2026-07-30,Thu,11:30,Gym,34
2026-07-30,Thu,12:00,Gym,38
2026-07-30,Thu,12:30,Gym,33
2026-07-30,Thu,13:00,Gym,31
2026-07-30,Thu,13:30,Gym,26
2026-07-30,Thu,08:00,Computer_Room,23
2026-07-30,Thu,08:30,Computer_Room,18
2026-07-30,Thu,09:00,Computer_Room,22
2026-07-30,Thu,09:30,Computer_Room,22
2026-07-30,Thu,10:00,Computer_Room,26
2026-07-30,Thu,10:30,Computer_Room,30
2026-07-30,Thu,11:00,Computer_Room,31
2026-07-30,Thu,11:30,Computer_Room,35
2026-07-30,Thu,12:00,Computer_Room,30
2026-07-30,Thu,12:30,Computer_Room,34
2026-07-30,Thu,13:00,Computer_Room,23
2026-07-30,Thu,13:30,Computer_Room,27
2026-07-30,Thu,08:00,Science_Lab,10
2026-07-30,Thu,08:30,Science_Lab,14
2026-07-30,Thu,09:00,Science_Lab,9
2026-07-30,Thu,09:30,Science_Lab,18
2026-07-30,Thu,10:00,Science_Lab,22
2026-07-30,Thu,10:30,Science_Lab,17
2026-07-30,Thu,11:00,Science_Lab,27
2026-07-30,Thu,11:30,Science_Lab,22
2026-07-30,Thu,12:00,Science_Lab,26
2026-07-30,Thu,12:30,Science_Lab,21
2026-07-30,Thu,13:00,Science_Lab,19
2026-07-30,Thu,13:30,Science_Lab,14
2026-07-30,Thu,08:00,Art_Room,12
2026-07-30,Thu,08:30,Art_Room,7
2026-07-30,Thu,09:00,Art_Room,11
2026-07-30,Thu,09:30,Art_Room,20
2026-07-30,Thu,10:00,Art_Room,15
2026-07-30,Thu,10:30,Art_Room,19
2026-07-30,Thu,11:00,Art_Room,20
2026-07-30,Thu,11:30,Art_Room,24
2026-07-30,Thu,12:00,Art_Room,19
2026-07-30,Thu,12:30,Art_Room,23
2026-07-30,Thu,13:00,Art_Room,12
2026-07-30,Thu,13:30,Art_Room,16
2026-07-30,Thu,08:00,Music_Room,11
2026-07-30,Thu,08:30,Music_Room,15
2026-07-30,Thu,09:00,Music_Room,19
2026-07-30,Thu,09:30,Music_Room,19
2026-07-30,Thu,10:00,Music_Room,23
2026-07-30,Thu,10:30,Music_Room,18
2026-07-30,Thu,11:00,Music_Room,28
2026-07-30,Thu,11:30,Music_Room,23
2026-07-30,Thu,12:00,Music_Room,27
2026-07-30,Thu,12:30,Music_Room,22
2026-07-30,Thu,13:00,Music_Room,20
2026-07-30,Thu,13:30,Music_Room,24
2026-07-31,Fri,08:00,Library,24
2026-07-31,Fri,08:30,Library,19
2026-07-31,Fri,09:00,Library,23
2026-07-31,Fri,09:30,Library,23
2026-07-31,Fri,10:00,Library,27
2026-07-31,Fri,10:30,Library,31
2026-07-31,Fri,11:00,Library,32
2026-07-31,Fri,11:30,Library,36
2026-07-31,Fri,12:00,Library,31
2026-07-31,Fri,12:30,Library,35
2026-07-31,Fri,13:00,Library,24
2026-07-31,Fri,13:30,Library,28
2026-07-31,Fri,08:00,Gym,25
2026-07-31,Fri,08:30,Gym,29
2026-07-31,Fri,09:00,Gym,24
2026-07-31,Fri,09:30,Gym,33
2026-07-31,Fri,10:00,Gym,37
2026-07-31,Fri,10:30,Gym,32
2026-07-31,Fri,11:00,Gym,42
2026-07-31,Fri,11:30,Gym,37
2026-07-31,Fri,12:00,Gym,41
2026-07-31,Fri,12:30,Gym,36
2026-07-31,Fri,13:00,Gym,34
2026-07-31,Fri,13:30,Gym,29
2026-07-31,Fri,08:00,Computer_Room,26
2026-07-31,Fri,08:30,Computer_Room,21
2026-07-31,Fri,09:00,Computer_Room,25
2026-07-31,Fri,09:30,Computer_Room,34
2026-07-31,Fri,10:00,Computer_Room,29
2026-07-31,Fri,10:30,Computer_Room,33
2026-07-31,Fri,11:00,Computer_Room,34
2026-07-31,Fri,11:30,Computer_Room,38
2026-07-31,Fri,12:00,Computer_Room,33
2026-07-31,Fri,12:30,Computer_Room,37
2026-07-31,Fri,13:00,Computer_Room,26
2026-07-31,Fri,13:30,Computer_Room,30
2026-07-31,Fri,08:00,Science_Lab,13
2026-07-31,Fri,08:30,Science_Lab,17
2026-07-31,Fri,09:00,Science_Lab,21
2026-07-31,Fri,09:30,Science_Lab,21
2026-07-31,Fri,10:00,Science_Lab,25
2026-07-31,Fri,10:30,Science_Lab,20
2026-07-31,Fri,11:00,Science_Lab,30
2026-07-31,Fri,11:30,Science_Lab,25
2026-07-31,Fri,12:00,Science_Lab,29
2026-07-31,Fri,12:30,Science_Lab,24
2026-07-31,Fri,13:00,Science_Lab,22
2026-07-31,Fri,13:30,Science_Lab,26
2026-07-31,Fri,08:00,Art_Room,15
2026-07-31,Fri,08:30,Art_Room,19
2026-07-31,Fri,09:00,Art_Room,14
2026-07-31,Fri,09:30,Art_Room,23
2026-07-31,Fri,10:00,Art_Room,18
2026-07-31,Fri,10:30,Art_Room,22
2026-07-31,Fri,11:00,Art_Room,23
2026-07-31,Fri,11:30,Art_Room,27
2026-07-31,Fri,12:00,Art_Room,22
2026-07-31,Fri,12:30,Art_Room,26
2026-07-31,Fri,13:00,Art_Room,24
2026-07-31,Fri,13:30,Art_Room,19
2026-07-31,Fri,08:00,Music_Room,23
2026-07-31,Fri,08:30,Music_Room,18
2026-07-31,Fri,09:00,Music_Room,22
2026-07-31,Fri,09:30,Music_Room,22
2026-07-31,Fri,10:00,Music_Room,26
2026-07-31,Fri,10:30,Music_Room,21
2026-07-31,Fri,11:00,Music_Room,31
2026-07-31,Fri,11:30,Music_Room,26
2026-07-31,Fri,12:00,Music_Room,30
2026-07-31,Fri,12:30,Music_Room,34
2026-07-31,Fri,13:00,Music_Room,23
2026-07-31,Fri,13:30,Music_Room,27
2026-08-03,Mon,08:00,Library,19
2026-08-03,Mon,08:30,Library,14
2026-08-03,Mon,09:00,Library,18
2026-08-03,Mon,09:30,Library,27
2026-08-03,Mon,10:00,Library,22
2026-08-03,Mon,10:30,Library,26
2026-08-03,Mon,11:00,Library,27
2026-08-03,Mon,11:30,Library,31
2026-08-03,Mon,12:00,Library,26
2026-08-03,Mon,12:30,Library,30
2026-08-03,Mon,13:00,Library,19
2026-08-03,Mon,13:30,Library,23
2026-08-03,Mon,08:00,Gym,20
2026-08-03,Mon,08:30,Gym,24
2026-08-03,Mon,09:00,Gym,28
2026-08-03,Mon,09:30,Gym,28
2026-08-03,Mon,10:00,Gym,32
2026-08-03,Mon,10:30,Gym,27
2026-08-03,Mon,11:00,Gym,37
2026-08-03,Mon,11:30,Gym,32
2026-08-03,Mon,12:00,Gym,36
2026-08-03,Mon,12:30,Gym,31
2026-08-03,Mon,13:00,Gym,29
2026-08-03,Mon,13:30,Gym,33
2026-08-03,Mon,08:00,Computer_Room,21
2026-08-03,Mon,08:30,Computer_Room,25
2026-08-03,Mon,09:00,Computer_Room,20
2026-08-03,Mon,09:30,Computer_Room,29
2026-08-03,Mon,10:00,Computer_Room,24
2026-08-03,Mon,10:30,Computer_Room,28
2026-08-03,Mon,11:00,Computer_Room,29
2026-08-03,Mon,11:30,Computer_Room,33
2026-08-03,Mon,12:00,Computer_Room,28
2026-08-03,Mon,12:30,Computer_Room,32
2026-08-03,Mon,13:00,Computer_Room,30
2026-08-03,Mon,13:30,Computer_Room,25
2026-08-03,Mon,08:00,Science_Lab,17
2026-08-03,Mon,08:30,Science_Lab,12
2026-08-03,Mon,09:00,Science_Lab,16
2026-08-03,Mon,09:30,Science_Lab,16
2026-08-03,Mon,10:00,Science_Lab,20
2026-08-03,Mon,10:30,Science_Lab,15
2026-08-03,Mon,11:00,Science_Lab,25
2026-08-03,Mon,11:30,Science_Lab,20
2026-08-03,Mon,12:00,Science_Lab,24
2026-08-03,Mon,12:30,Science_Lab,28
2026-08-03,Mon,13:00,Science_Lab,17
2026-08-03,Mon,13:30,Science_Lab,21
2026-08-03,Mon,08:00,Art_Room,10
2026-08-03,Mon,08:30,Art_Room,14
2026-08-03,Mon,09:00,Art_Room,9
2026-08-03,Mon,09:30,Art_Room,18
2026-08-03,Mon,10:00,Art_Room,13
2026-08-03,Mon,10:30,Art_Room,17
2026-08-03,Mon,11:00,Art_Room,18
2026-08-03,Mon,11:30,Art_Room,22
2026-08-03,Mon,12:00,Art_Room,26
2026-08-03,Mon,12:30,Art_Room,21
2026-08-03,Mon,13:00,Art_Room,19
2026-08-03,Mon,13:30,Art_Room,14
2026-08-03,Mon,08:00,Music_Room,18
2026-08-03,Mon,08:30,Music_Room,13
2026-08-03,Mon,09:00,Music_Room,17
2026-08-03,Mon,09:30,Music_Room,17
2026-08-03,Mon,10:00,Music_Room,21
2026-08-03,Mon,10:30,Music_Room,16
2026-08-03,Mon,11:00,Music_Room,26
2026-08-03,Mon,11:30,Music_Room,30
2026-08-03,Mon,12:00,Music_Room,25
2026-08-03,Mon,12:30,Music_Room,29
2026-08-03,Mon,13:00,Music_Room,18
2026-08-03,Mon,13:30,Music_Room,22
2026-08-04,Tue,08:00,Library,18
2026-08-04,Tue,08:30,Library,22
2026-08-04,Tue,09:00,Library,17
2026-08-04,Tue,09:30,Library,26
2026-08-04,Tue,10:00,Library,21
2026-08-04,Tue,10:30,Library,25
2026-08-04,Tue,11:00,Library,26
2026-08-04,Tue,11:30,Library,30
2026-08-04,Tue,12:00,Library,25
2026-08-04,Tue,12:30,Library,29
2026-08-04,Tue,13:00,Library,27
2026-08-04,Tue,13:30,Library,22
2026-08-04,Tue,08:00,Gym,28
2026-08-04,Tue,08:30,Gym,23
2026-08-04,Tue,09:00,Gym,27
2026-08-04,Tue,09:30,Gym,27
2026-08-04,Tue,10:00,Gym,31
2026-08-04,Tue,10:30,Gym,26
2026-08-04,Tue,11:00,Gym,36
2026-08-04,Tue,11:30,Gym,31
2026-08-04,Tue,12:00,Gym,35
2026-08-04,Tue,12:30,Gym,39
2026-08-04,Tue,13:00,Gym,28
2026-08-04,Tue,13:30,Gym,32
2026-08-04,Tue,08:00,Computer_Room,20
2026-08-04,Tue,08:30,Computer_Room,24
2026-08-04,Tue,09:00,Computer_Room,19
2026-08-04,Tue,09:30,Computer_Room,28
2026-08-04,Tue,10:00,Computer_Room,23
2026-08-04,Tue,10:30,Computer_Room,27
2026-08-04,Tue,11:00,Computer_Room,28
2026-08-04,Tue,11:30,Computer_Room,32
2026-08-04,Tue,12:00,Computer_Room,36
2026-08-04,Tue,12:30,Computer_Room,31
2026-08-04,Tue,13:00,Computer_Room,29
2026-08-04,Tue,13:30,Computer_Room,24
2026-08-04,Tue,08:00,Science_Lab,16
2026-08-04,Tue,08:30,Science_Lab,11
2026-08-04,Tue,09:00,Science_Lab,15
2026-08-04,Tue,09:30,Science_Lab,15
2026-08-04,Tue,10:00,Science_Lab,19
2026-08-04,Tue,10:30,Science_Lab,14
2026-08-04,Tue,11:00,Science_Lab,24
2026-08-04,Tue,11:30,Science_Lab,28
2026-08-04,Tue,12:00,Science_Lab,23
2026-08-04,Tue,12:30,Science_Lab,27
2026-08-04,Tue,13:00,Science_Lab,16
2026-08-04,Tue,13:30,Science_Lab,20
2026-08-04,Tue,08:00,Art_Room,9
2026-08-04,Tue,08:30,Art_Room,13
2026-08-04,Tue,09:00,Art_Room,8
2026-08-04,Tue,09:30,Art_Room,17
2026-08-04,Tue,10:00,Art_Room,12
2026-08-04,Tue,10:30,Art_Room,16
2026-08-04,Tue,11:00,Art_Room,26
2026-08-04,Tue,11:30,Art_Room,21
2026-08-04,Tue,12:00,Art_Room,25
2026-08-04,Tue,12:30,Art_Room,20
2026-08-04,Tue,13:00,Art_Room,18
2026-08-04,Tue,13:30,Art_Room,13
2026-08-04,Tue,08:00,Music_Room,17
2026-08-04,Tue,08:30,Music_Room,12
2026-08-04,Tue,09:00,Music_Room,16
2026-08-04,Tue,09:30,Music_Room,16
2026-08-04,Tue,10:00,Music_Room,20
2026-08-04,Tue,10:30,Music_Room,24
2026-08-04,Tue,11:00,Music_Room,25
2026-08-04,Tue,11:30,Music_Room,29
2026-08-04,Tue,12:00,Music_Room,24
2026-08-04,Tue,12:30,Music_Room,28
2026-08-04,Tue,13:00,Music_Room,17
2026-08-04,Tue,13:30,Music_Room,21
2026-08-05,Wed,08:00,Library,17
2026-08-05,Wed,08:30,Library,21
2026-08-05,Wed,09:00,Library,16
2026-08-05,Wed,09:30,Library,25
2026-08-05,Wed,10:00,Library,20
2026-08-05,Wed,10:30,Library,24
2026-08-05,Wed,11:00,Library,25
2026-08-05,Wed,11:30,Library,29
2026-08-05,Wed,12:00,Library,33
2026-08-05,Wed,12:30,Library,28
2026-08-05,Wed,13:00,Library,26
2026-08-05,Wed,13:30,Library,21
2026-08-05,Wed,08:00,Gym,27
2026-08-05,Wed,08:30,Gym,22
2026-08-05,Wed,09:00,Gym,26
2026-08-05,Wed,09:30,Gym,26
2026-08-05,Wed,10:00,Gym,30
2026-08-05,Wed,10:30,Gym,25
2026-08-05,Wed,11:00,Gym,35
2026-08-05,Wed,11:30,Gym,39
2026-08-05,Wed,12:00,Gym,34
2026-08-05,Wed,12:30,Gym,38
2026-08-05,Wed,13:00,Gym,27
2026-08-05,Wed,13:30,Gym,31
2026-08-05,Wed,08:00,Computer_Room,19
2026-08-05,Wed,08:30,Computer_Room,23
2026-08-05,Wed,09:00,Computer_Room,18
2026-08-05,Wed,09:30,Computer_Room,27
2026-08-05,Wed,10:00,Computer_Room,22
2026-08-05,Wed,10:30,Computer_Room,26
2026-08-05,Wed,11:00,Computer_Room,36
2026-08-05,Wed,11:30,Computer_Room,31
2026-08-05,Wed,12:00,Computer_Room,35
2026-08-05,Wed,12:30,Computer_Room,30
2026-08-05,Wed,13:00,Computer_Room,28
2026-08-05,Wed,13:30,Computer_Room,23
2026-08-05,Wed,08:00,Science_Lab,15
2026-08-05,Wed,08:30,Science_Lab,10
2026-08-05,Wed,09:00,Science_Lab,14
2026-08-05,Wed,09:30,Science_Lab,14
2026-08-05,Wed,10:00,Science_Lab,18
2026-08-05,Wed,10:30,Science_Lab,22
2026-08-05,Wed,11:00,Science_Lab,23
2026-08-05,Wed,11:30,Science_Lab,27
2026-08-05,Wed,12:00,Science_Lab,22
2026-08-05,Wed,12:30,Science_Lab,26
2026-08-05,Wed,13:00,Science_Lab,15
2026-08-05,Wed,13:30,Science_Lab,19
2026-08-05,Wed,08:00,Art_Room,8
2026-08-05,Wed,08:30,Art_Room,12
2026-08-05,Wed,09:00,Art_Room,7
2026-08-05,Wed,09:30,Art_Room,16
2026-08-05,Wed,10:00,Art_Room,20
2026-08-05,Wed,10:30,Art_Room,15
2026-08-05,Wed,11:00,Art_Room,25
2026-08-05,Wed,11:30,Art_Room,20
2026-08-05,Wed,12:00,Art_Room,24
2026-08-05,Wed,12:30,Art_Room,19
2026-08-05,Wed,13:00,Art_Room,17
2026-08-05,Wed,13:30,Art_Room,12
2026-08-05,Wed,08:00,Music_Room,16
2026-08-05,Wed,08:30,Music_Room,11
2026-08-05,Wed,09:00,Music_Room,15
2026-08-05,Wed,09:30,Music_Room,24
2026-08-05,Wed,10:00,Music_Room,19
2026-08-05,Wed,10:30,Music_Room,23
2026-08-05,Wed,11:00,Music_Room,24
2026-08-05,Wed,11:30,Music_Room,28
2026-08-05,Wed,12:00,Music_Room,23
2026-08-05,Wed,12:30,Music_Room,27
2026-08-05,Wed,13:00,Music_Room,16
2026-08-05,Wed,13:30,Music_Room,20
2026-08-06,Thu,08:00,Library,16
2026-08-06,Thu,08:30,Library,20
2026-08-06,Thu,09:00,Library,15
2026-08-06,Thu,09:30,Library,24
2026-08-06,Thu,10:00,Library,19
2026-08-06,Thu,10:30,Library,23
2026-08-06,Thu,11:00,Library,33
2026-08-06,Thu,11:30,Library,28
2026-08-06,Thu,12:00,Library,32
2026-08-06,Thu,12:30,Library,27
2026-08-06,Thu,13:00,Library,25
2026-08-06,Thu,13:30,Library,20
2026-08-06,Thu,08:00,Gym,26
2026-08-06,Thu,08:30,Gym,21
2026-08-06,Thu,09:00,Gym,25
2026-08-06,Thu,09:30,Gym,25
2026-08-06,Thu,10:00,Gym,29
2026-08-06,Thu,10:30,Gym,33
2026-08-06,Thu,11:00,Gym,34
2026-08-06,Thu,11:30,Gym,38
2026-08-06,Thu,12:00,Gym,33
2026-08-06,Thu,12:30,Gym,37
2026-08-06,Thu,13:00,Gym,26
2026-08-06,Thu,13:30,Gym,30
2026-08-06,Thu,08:00,Computer_Room,18
2026-08-06,Thu,08:30,Computer_Room,22
2026-08-06,Thu,09:00,Computer_Room,17
2026-08-06,Thu,09:30,Computer_Room,26
2026-08-06,Thu,10:00,Computer_Room,30
2026-08-06,Thu,10:30,Computer_Room,25
2026-08-06,Thu,11:00,Computer_Room,35
2026-08-06,Thu,11:30,Computer_Room,30
2026-08-06,Thu,12:00,Computer_Room,34
2026-08-06,Thu,12:30,Computer_Room,29
2026-08-06,Thu,13:00,Computer_Room,27
2026-08-06,Thu,13:30,Computer_Room,22
2026-08-06,Thu,08:00,Science_Lab,14
2026-08-06,Thu,08:30,Science_Lab,9
2026-08-06,Thu,09:00,Science_Lab,13
2026-08-06,Thu,09:30,Science_Lab,22
2026-08-06,Thu,10:00,Science_Lab,17
2026-08-06,Thu,10:30,Science_Lab,21
2026-08-06,Thu,11:00,Science_Lab,22
2026-08-06,Thu,11:30,Science_Lab,26
2026-08-06,Thu,12:00,Science_Lab,21
2026-08-06,Thu,12:30,Science_Lab,25
2026-08-06,Thu,13:00,Science_Lab,14
2026-08-06,Thu,13:30,Science_Lab,18
2026-08-06,Thu,08:00,Art_Room,7
2026-08-06,Thu,08:30,Art_Room,11
2026-08-06,Thu,09:00,Art_Room,15
2026-08-06,Thu,09:30,Art_Room,15
2026-08-06,Thu,10:00,Art_Room,19
2026-08-06,Thu,10:30,Art_Room,14
2026-08-06,Thu,11:00,Art_Room,24
2026-08-06,Thu,11:30,Art_Room,19
2026-08-06,Thu,12:00,Art_Room,23
2026-08-06,Thu,12:30,Art_Room,18
2026-08-06,Thu,13:00,Art_Room,16
2026-08-06,Thu,13:30,Art_Room,20
2026-08-06,Thu,08:00,Music_Room,15
2026-08-06,Thu,08:30,Music_Room,19
2026-08-06,Thu,09:00,Music_Room,14
2026-08-06,Thu,09:30,Music_Room,23
2026-08-06,Thu,10:00,Music_Room,18
2026-08-06,Thu,10:30,Music_Room,22
2026-08-06,Thu,11:00,Music_Room,23
2026-08-06,Thu,11:30,Music_Room,27
2026-08-06,Thu,12:00,Music_Room,22
2026-08-06,Thu,12:30,Music_Room,26
2026-08-06,Thu,13:00,Music_Room,24
2026-08-06,Thu,13:30,Music_Room,19
2026-08-07,Fri,08:00,Library,19
2026-08-07,Fri,08:30,Library,23
2026-08-07,Fri,09:00,Library,18
2026-08-07,Fri,09:30,Library,27
2026-08-07,Fri,10:00,Library,31
2026-08-07,Fri,10:30,Library,26
2026-08-07,Fri,11:00,Library,36
2026-08-07,Fri,11:30,Library,31
2026-08-07,Fri,12:00,Library,35
2026-08-07,Fri,12:30,Library,30
2026-08-07,Fri,13:00,Library,28
2026-08-07,Fri,13:30,Library,23
2026-08-07,Fri,08:00,Gym,29
2026-08-07,Fri,08:30,Gym,24
2026-08-07,Fri,09:00,Gym,28
2026-08-07,Fri,09:30,Gym,37
2026-08-07,Fri,10:00,Gym,32
2026-08-07,Fri,10:30,Gym,36
2026-08-07,Fri,11:00,Gym,37
2026-08-07,Fri,11:30,Gym,41
2026-08-07,Fri,12:00,Gym,36
2026-08-07,Fri,12:30,Gym,40
2026-08-07,Fri,13:00,Gym,29
2026-08-07,Fri,13:30,Gym,33
2026-08-07,Fri,08:00,Computer_Room,21
2026-08-07,Fri,08:30,Computer_Room,25
2026-08-07,Fri,09:00,Computer_Room,29
2026-08-07,Fri,09:30,Computer_Room,29
2026-08-07,Fri,10:00,Computer_Room,33
2026-08-07,Fri,10:30,Computer_Room,28
2026-08-07,Fri,11:00,Computer_Room,38
2026-08-07,Fri,11:30,Computer_Room,33
2026-08-07,Fri,12:00,Computer_Room,37
2026-08-07,Fri,12:30,Computer_Room,32
2026-08-07,Fri,13:00,Computer_Room,30
2026-08-07,Fri,13:30,Computer_Room,34
2026-08-07,Fri,08:00,Science_Lab,17
2026-08-07,Fri,08:30,Science_Lab,21
2026-08-07,Fri,09:00,Science_Lab,16
2026-08-07,Fri,09:30,Science_Lab,25
2026-08-07,Fri,10:00,Science_Lab,20
2026-08-07,Fri,10:30,Science_Lab,24
2026-08-07,Fri,11:00,Science_Lab,25
2026-08-07,Fri,11:30,Science_Lab,29
2026-08-07,Fri,12:00,Science_Lab,24
2026-08-07,Fri,12:30,Science_Lab,28
2026-08-07,Fri,13:00,Science_Lab,26
2026-08-07,Fri,13:30,Science_Lab,21
2026-08-07,Fri,08:00,Art_Room,19
2026-08-07,Fri,08:30,Art_Room,14
2026-08-07,Fri,09:00,Art_Room,18
2026-08-07,Fri,09:30,Art_Room,18
2026-08-07,Fri,10:00,Art_Room,22
2026-08-07,Fri,10:30,Art_Room,17
2026-08-07,Fri,11:00,Art_Room,27
2026-08-07,Fri,11:30,Art_Room,22
2026-08-07,Fri,12:00,Art_Room,26
2026-08-07,Fri,12:30,Art_Room,30
2026-08-07,Fri,13:00,Art_Room,19
2026-08-07,Fri,13:30,Art_Room,23
2026-08-07,Fri,08:00,Music_Room,18
2026-08-07,Fri,08:30,Music_Room,22
2026-08-07,Fri,09:00,Music_Room,17
2026-08-07,Fri,09:30,Music_Room,26
2026-08-07,Fri,10:00,Music_Room,21
2026-08-07,Fri,10:30,Music_Room,25
2026-08-07,Fri,11:00,Music_Room,26
2026-08-07,Fri,11:30,Music_Room,30
2026-08-07,Fri,12:00,Music_Room,34
2026-08-07,Fri,12:30,Music_Room,29
2026-08-07,Fri,13:00,Music_Room,27
2026-08-07,Fri,13:30,Music_Room,22
2026-08-10,Mon,08:00,Library,14
2026-08-10,Mon,08:30,Library,18
2026-08-10,Mon,09:00,Library,22
2026-08-10,Mon,09:30,Library,22
2026-08-10,Mon,10:00,Library,26
2026-08-10,Mon,10:30,Library,21
2026-08-10,Mon,11:00,Library,31
2026-08-10,Mon,11:30,Library,26
2026-08-10,Mon,12:00,Library,30
2026-08-10,Mon,12:30,Library,25
2026-08-10,Mon,13:00,Library,23
2026-08-10,Mon,13:30,Library,27
2026-08-10,Mon,08:00,Gym,24
2026-08-10,Mon,08:30,Gym,28
2026-08-10,Mon,09:00,Gym,23
2026-08-10,Mon,09:30,Gym,32
2026-08-10,Mon,10:00,Gym,27
2026-08-10,Mon,10:30,Gym,31
2026-08-10,Mon,11:00,Gym,32
2026-08-10,Mon,11:30,Gym,36
2026-08-10,Mon,12:00,Gym,31
2026-08-10,Mon,12:30,Gym,35
2026-08-10,Mon,13:00,Gym,33
2026-08-10,Mon,13:30,Gym,28
2026-08-10,Mon,08:00,Computer_Room,25
2026-08-10,Mon,08:30,Computer_Room,20
2026-08-10,Mon,09:00,Computer_Room,24
2026-08-10,Mon,09:30,Computer_Room,24
2026-08-10,Mon,10:00,Computer_Room,28
2026-08-10,Mon,10:30,Computer_Room,23
2026-08-10,Mon,11:00,Computer_Room,33
2026-08-10,Mon,11:30,Computer_Room,28
2026-08-10,Mon,12:00,Computer_Room,32
2026-08-10,Mon,12:30,Computer_Room,36
2026-08-10,Mon,13:00,Computer_Room,25
2026-08-10,Mon,13:30,Computer_Room,29
2026-08-10,Mon,08:00,Science_Lab,12
2026-08-10,Mon,08:30,Science_Lab,16
2026-08-10,Mon,09:00,Science_Lab,11
2026-08-10,Mon,09:30,Science_Lab,20
2026-08-10,Mon,10:00,Science_Lab,15
2026-08-10,Mon,10:30,Science_Lab,19
2026-08-10,Mon,11:00,Science_Lab,20
2026-08-10,Mon,11:30,Science_Lab,24
2026-08-10,Mon,12:00,Science_Lab,28
2026-08-10,Mon,12:30,Science_Lab,23
2026-08-10,Mon,13:00,Science_Lab,21
2026-08-10,Mon,13:30,Science_Lab,16
2026-08-10,Mon,08:00,Art_Room,14
2026-08-10,Mon,08:30,Art_Room,9
2026-08-10,Mon,09:00,Art_Room,13
2026-08-10,Mon,09:30,Art_Room,13
2026-08-10,Mon,10:00,Art_Room,17
2026-08-10,Mon,10:30,Art_Room,12
2026-08-10,Mon,11:00,Art_Room,22
2026-08-10,Mon,11:30,Art_Room,26
2026-08-10,Mon,12:00,Art_Room,21
2026-08-10,Mon,12:30,Art_Room,25
2026-08-10,Mon,13:00,Art_Room,14
2026-08-10,Mon,13:30,Art_Room,18
2026-08-10,Mon,08:00,Music_Room,13
2026-08-10,Mon,08:30,Music_Room,17
2026-08-10,Mon,09:00,Music_Room,12
2026-08-10,Mon,09:30,Music_Room,21
2026-08-10,Mon,10:00,Music_Room,16
2026-08-10,Mon,10:30,Music_Room,20
2026-08-10,Mon,11:00,Music_Room,30
2026-08-10,Mon,11:30,Music_Room,25
2026-08-10,Mon,12:00,Music_Room,29
2026-08-10,Mon,12:30,Music_Room,24
2026-08-10,Mon,13:00,Music_Room,22
2026-08-10,Mon,13:30,Music_Room,17
2026-08-11,Tue,08:00,Library,22
2026-08-11,Tue,08:30,Library,17
2026-08-11,Tue,09:00,Library,21
2026-08-11,Tue,09:30,Library,21
2026-08-11,Tue,10:00,Library,25
2026-08-11,Tue,10:30,Library,20
2026-08-11,Tue,11:00,Library,30
2026-08-11,Tue,11:30,Library,25
2026-08-11,Tue,12:00,Library,29
2026-08-11,Tue,12:30,Library,33
2026-08-11,Tue,13:00,Library,22
2026-08-11,Tue,13:30,Library,26
2026-08-11,Tue,08:00,Gym,23
2026-08-11,Tue,08:30,Gym,27
2026-08-11,Tue,09:00,Gym,22
2026-08-11,Tue,09:30,Gym,31
2026-08-11,Tue,10:00,Gym,26
2026-08-11,Tue,10:30,Gym,30
2026-08-11,Tue,11:00,Gym,31
2026-08-11,Tue,11:30,Gym,35
2026-08-11,Tue,12:00,Gym,39
2026-08-11,Tue,12:30,Gym,34
2026-08-11,Tue,13:00,Gym,32
2026-08-11,Tue,13:30,Gym,27
2026-08-11,Tue,08:00,Computer_Room,24
2026-08-11,Tue,08:30,Computer_Room,19
2026-08-11,Tue,09:00,Computer_Room,23
2026-08-11,Tue,09:30,Computer_Room,23
2026-08-11,Tue,10:00,Computer_Room,27
2026-08-11,Tue,10:30,Computer_Room,22
2026-08-11,Tue,11:00,Computer_Room,32
2026-08-11,Tue,11:30,Computer_Room,36
2026-08-11,Tue,12:00,Computer_Room,31
2026-08-11,Tue,12:30,Computer_Room,35
2026-08-11,Tue,13:00,Computer_Room,24
2026-08-11,Tue,13:30,Computer_Room,28
2026-08-11,Tue,08:00,Science_Lab,11
2026-08-11,Tue,08:30,Science_Lab,15
2026-08-11,Tue,09:00,Science_Lab,10
2026-08-11,Tue,09:30,Science_Lab,19
2026-08-11,Tue,10:00,Science_Lab,14
2026-08-11,Tue,10:30,Science_Lab,18
2026-08-11,Tue,11:00,Science_Lab,28
2026-08-11,Tue,11:30,Science_Lab,23
2026-08-11,Tue,12:00,Science_Lab,27
2026-08-11,Tue,12:30,Science_Lab,22
2026-08-11,Tue,13:00,Science_Lab,20
2026-08-11,Tue,13:30,Science_Lab,15
2026-08-11,Tue,08:00,Art_Room,13
2026-08-11,Tue,08:30,Art_Room,8
2026-08-11,Tue,09:00,Art_Room,12
2026-08-11,Tue,09:30,Art_Room,12
2026-08-11,Tue,10:00,Art_Room,16
2026-08-11,Tue,10:30,Art_Room,20
2026-08-11,Tue,11:00,Art_Room,21
2026-08-11,Tue,11:30,Art_Room,25
2026-08-11,Tue,12:00,Art_Room,20
2026-08-11,Tue,12:30,Art_Room,24
2026-08-11,Tue,13:00,Art_Room,13
2026-08-11,Tue,13:30,Art_Room,17
2026-08-11,Tue,08:00,Music_Room,12
2026-08-11,Tue,08:30,Music_Room,16
2026-08-11,Tue,09:00,Music_Room,11
2026-08-11,Tue,09:30,Music_Room,20
2026-08-11,Tue,10:00,Music_Room,24
2026-08-11,Tue,10:30,Music_Room,19
2026-08-11,Tue,11:00,Music_Room,29
2026-08-11,Tue,11:30,Music_Room,24
2026-08-11,Tue,12:00,Music_Room,28
2026-08-11,Tue,12:30,Music_Room,23
2026-08-11,Tue,13:00,Music_Room,21
2026-08-11,Tue,13:30,Music_Room,16
2026-08-12,Wed,08:00,Library,21
2026-08-12,Wed,08:30,Library,16
2026-08-12,Wed,09:00,Library,20
2026-08-12,Wed,09:30,Library,20
2026-08-12,Wed,10:00,Library,24
2026-08-12,Wed,10:30,Library,19
2026-08-12,Wed,11:00,Library,29
2026-08-12,Wed,11:30,Library,33
2026-08-12,Wed,12:00,Library,28
2026-08-12,Wed,12:30,Library,32
2026-08-12,Wed,13:00,Library,21
2026-08-12,Wed,13:30,Library,25
2026-08-12,Wed,08:00,Gym,22
2026-08-12,Wed,08:30,Gym,26
2026-08-12,Wed,09:00,Gym,21
2026-08-12,Wed,09:30,Gym,30
2026-08-12,Wed,10:00,Gym,25
2026-08-12,Wed,10:30,Gym,29
2026-08-12,Wed,11:00,Gym,39
2026-08-12,Wed,11:30,Gym,34
2026-08-12,Wed,12:00,Gym,38
2026-08-12,Wed,12:30,Gym,33
2026-08-12,Wed,13:00,Gym,31
2026-08-12,Wed,13:30,Gym,26
2026-08-12,Wed,08:00,Computer_Room,23
2026-08-12,Wed,08:30,Computer_Room,18
2026-08-12,Wed,09:00,Computer_Room,22
2026-08-12,Wed,09:30,Computer_Room,22
2026-08-12,Wed,10:00,Computer_Room,26
2026-08-12,Wed,10:30,Computer_Room,30
2026-08-12,Wed,11:00,Computer_Room,31
2026-08-12,Wed,11:30,Computer_Room,35
2026-08-12,Wed,12:00,Computer_Room,30
2026-08-12,Wed,12:30,Computer_Room,34
2026-08-12,Wed,13:00,Computer_Room,23
2026-08-12,Wed,13:30,Computer_Room,27
2026-08-12,Wed,08:00,Science_Lab,10
2026-08-12,Wed,08:30,Science_Lab,14
2026-08-12,Wed,09:00,Science_Lab,9
2026-08-12,Wed,09:30,Science_Lab,18
2026-08-12,Wed,10:00,Science_Lab,22
2026-08-12,Wed,10:30,Science_Lab,17
2026-08-12,Wed,11:00,Science_Lab,27
2026-08-12,Wed,11:30,Science_Lab,22
2026-08-12,Wed,12:00,Science_Lab,26
2026-08-12,Wed,12:30,Science_Lab,21
2026-08-12,Wed,13:00,Science_Lab,19
2026-08-12,Wed,13:30,Science_Lab,14
2026-08-12,Wed,08:00,Art_Room,12
2026-08-12,Wed,08:30,Art_Room,7
2026-08-12,Wed,09:00,Art_Room,11
2026-08-12,Wed,09:30,Art_Room,20
2026-08-12,Wed,10:00,Art_Room,15
2026-08-12,Wed,10:30,Art_Room,19
2026-08-12,Wed,11:00,Art_Room,20
2026-08-12,Wed,11:30,Art_Room,24
2026-08-12,Wed,12:00,Art_Room,19
2026-08-12,Wed,12:30,Art_Room,23
2026-08-12,Wed,13:00,Art_Room,12
2026-08-12,Wed,13:30,Art_Room,16
2026-08-12,Wed,08:00,Music_Room,11
2026-08-12,Wed,08:30,Music_Room,15
2026-08-12,Wed,09:00,Music_Room,19
2026-08-12,Wed,09:30,Music_Room,19
2026-08-12,Wed,10:00,Music_Room,23
2026-08-12,Wed,10:30,Music_Room,18
2026-08-12,Wed,11:00,Music_Room,28
2026-08-12,Wed,11:30,Music_Room,23
2026-08-12,Wed,12:00,Music_Room,27
2026-08-12,Wed,12:30,Music_Room,22
2026-08-12,Wed,13:00,Music_Room,20
2026-08-12,Wed,13:30,Music_Room,24
2026-08-13,Thu,08:00,Library,20
2026-08-13,Thu,08:30,Library,15
2026-08-13,Thu,09:00,Library,19
2026-08-13,Thu,09:30,Library,19
2026-08-13,Thu,10:00,Library,23
2026-08-13,Thu,10:30,Library,27
2026-08-13,Thu,11:00,Library,28
2026-08-13,Thu,11:30,Library,32
2026-08-13,Thu,12:00,Library,27
2026-08-13,Thu,12:30,Library,31
2026-08-13,Thu,13:00,Library,20
2026-08-13,Thu,13:30,Library,24
2026-08-13,Thu,08:00,Gym,21
2026-08-13,Thu,08:30,Gym,25
2026-08-13,Thu,09:00,Gym,20
2026-08-13,Thu,09:30,Gym,29
2026-08-13,Thu,10:00,Gym,33
2026-08-13,Thu,10:30,Gym,28
2026-08-13,Thu,11:00,Gym,38
2026-08-13,Thu,11:30,Gym,33
2026-08-13,Thu,12:00,Gym,37
2026-08-13,Thu,12:30,Gym,32
2026-08-13,Thu,13:00,Gym,30
2026-08-13,Thu,13:30,Gym,25
2026-08-13,Thu,08:00,Computer_Room,22
2026-08-13,Thu,08:30,Computer_Room,17
2026-08-13,Thu,09:00,Computer_Room,21
2026-08-13,Thu,09:30,Computer_Room,30
2026-08-13,Thu,10:00,Computer_Room,25
2026-08-13,Thu,10:30,Computer_Room,29
2026-08-13,Thu,11:00,Computer_Room,30
2026-08-13,Thu,11:30,Computer_Room,34
2026-08-13,Thu,12:00,Computer_Room,29
2026-08-13,Thu,12:30,Computer_Room,33
2026-08-13,Thu,13:00,Computer_Room,22
2026-08-13,Thu,13:30,Computer_Room,26
2026-08-13,Thu,08:00,Science_Lab,9
2026-08-13,Thu,08:30,Science_Lab,13
2026-08-13,Thu,09:00,Science_Lab,17
2026-08-13,Thu,09:30,Science_Lab,17
2026-08-13,Thu,10:00,Science_Lab,21
2026-08-13,Thu,10:30,Science_Lab,16
2026-08-13,Thu,11:00,Science_Lab,26
2026-08-13,Thu,11:30,Science_Lab,21
2026-08-13,Thu,12:00,Science_Lab,25
2026-08-13,Thu,12:30,Science_Lab,20
2026-08-13,Thu,13:00,Science_Lab,18
2026-08-13,Thu,13:30,Science_Lab,22
2026-08-13,Thu,08:00,Art_Room,11
2026-08-13,Thu,08:30,Art_Room,15
2026-08-13,Thu,09:00,Art_Room,10
2026-08-13,Thu,09:30,Art_Room,19
2026-08-13,Thu,10:00,Art_Room,14
2026-08-13,Thu,10:30,Art_Room,18
2026-08-13,Thu,11:00,Art_Room,19
2026-08-13,Thu,11:30,Art_Room,23
2026-08-13,Thu,12:00,Art_Room,18
2026-08-13,Thu,12:30,Art_Room,22
2026-08-13,Thu,13:00,Art_Room,20
2026-08-13,Thu,13:30,Art_Room,15
2026-08-13,Thu,08:00,Music_Room,19
2026-08-13,Thu,08:30,Music_Room,14
2026-08-13,Thu,09:00,Music_Room,18
2026-08-13,Thu,09:30,Music_Room,18
2026-08-13,Thu,10:00,Music_Room,22
2026-08-13,Thu,10:30,Music_Room,17
2026-08-13,Thu,11:00,Music_Room,27
2026-08-13,Thu,11:30,Music_Room,22
2026-08-13,Thu,12:00,Music_Room,26
2026-08-13,Thu,12:30,Music_Room,30
2026-08-13,Thu,13:00,Music_Room,19
2026-08-13,Thu,13:30,Music_Room,23
2026-08-14,Fri,08:00,Library,23
2026-08-14,Fri,08:30,Library,18
2026-08-14,Fri,09:00,Library,22
2026-08-14,Fri,09:30,Library,31
2026-08-14,Fri,10:00,Library,26
2026-08-14,Fri,10:30,Library,30
2026-08-14,Fri,11:00,Library,31
2026-08-14,Fri,11:30,Library,35
2026-08-14,Fri,12:00,Library,30
2026-08-14,Fri,12:30,Library,34
2026-08-14,Fri,13:00,Library,23
2026-08-14,Fri,13:30,Library,27
2026-08-14,Fri,08:00,Gym,24
2026-08-14,Fri,08:30,Gym,28
2026-08-14,Fri,09:00,Gym,32
2026-08-14,Fri,09:30,Gym,32
2026-08-14,Fri,10:00,Gym,36
2026-08-14,Fri,10:30,Gym,31
2026-08-14,Fri,11:00,Gym,41
2026-08-14,Fri,11:30,Gym,36
2026-08-14,Fri,12:00,Gym,40
2026-08-14,Fri,12:30,Gym,35
2026-08-14,Fri,13:00,Gym,33
2026-08-14,Fri,13:30,Gym,37
2026-08-14,Fri,08:00,Computer_Room,25
2026-08-14,Fri,08:30,Computer_Room,29
2026-08-14,Fri,09:00,Computer_Room,24
2026-08-14,Fri,09:30,Computer_Room,33
2026-08-14,Fri,10:00,Computer_Room,28
2026-08-14,Fri,10:30,Computer_Room,32
2026-08-14,Fri,11:00,Computer_Room,33
2026-08-14,Fri,11:30,Computer_Room,37
2026-08-14,Fri,12:00,Computer_Room,32
2026-08-14,Fri,12:30,Computer_Room,36
2026-08-14,Fri,13:00,Computer_Room,34
2026-08-14,Fri,13:30,Computer_Room,29
2026-08-14,Fri,08:00,Science_Lab,21
2026-08-14,Fri,08:30,Science_Lab,16
2026-08-14,Fri,09:00,Science_Lab,20
2026-08-14,Fri,09:30,Science_Lab,20
2026-08-14,Fri,10:00,Science_Lab,24
2026-08-14,Fri,10:30,Science_Lab,19
2026-08-14,Fri,11:00,Science_Lab,29
2026-08-14,Fri,11:30,Science_Lab,24
2026-08-14,Fri,12:00,Science_Lab,28
2026-08-14,Fri,12:30,Science_Lab,32
2026-08-14,Fri,13:00,Science_Lab,21
2026-08-14,Fri,13:30,Science_Lab,25
2026-08-14,Fri,08:00,Art_Room,14
2026-08-14,Fri,08:30,Art_Room,18
2026-08-14,Fri,09:00,Art_Room,13
2026-08-14,Fri,09:30,Art_Room,22
2026-08-14,Fri,10:00,Art_Room,17
2026-08-14,Fri,10:30,Art_Room,21
2026-08-14,Fri,11:00,Art_Room,22
2026-08-14,Fri,11:30,Art_Room,26
2026-08-14,Fri,12:00,Art_Room,30
2026-08-14,Fri,12:30,Art_Room,25
2026-08-14,Fri,13:00,Art_Room,23
2026-08-14,Fri,13:30,Art_Room,18
2026-08-14,Fri,08:00,Music_Room,22
2026-08-14,Fri,08:30,Music_Room,17
2026-08-14,Fri,09:00,Music_Room,21
2026-08-14,Fri,09:30,Music_Room,21
2026-08-14,Fri,10:00,Music_Room,25
2026-08-14,Fri,10:30,Music_Room,20
2026-08-14,Fri,11:00,Music_Room,30
2026-08-14,Fri,11:30,Music_Room,34
2026-08-14,Fri,12:00,Music_Room,29
2026-08-14,Fri,12:30,Music_Room,33
2026-08-14,Fri,13:00,Music_Room,22
2026-08-14,Fri,13:30,Music_Room,26
2026-08-17,Mon,08:00,Library,18
2026-08-17,Mon,08:30,Library,22
2026-08-17,Mon,09:00,Library,17
2026-08-17,Mon,09:30,Library,26
2026-08-17,Mon,10:00,Library,21
2026-08-17,Mon,10:30,Library,25
2026-08-17,Mon,11:00,Library,26
2026-08-17,Mon,11:30,Library,30
2026-08-17,Mon,12:00,Library,25
2026-08-17,Mon,12:30,Library,29
2026-08-17,Mon,13:00,Library,27
2026-08-17,Mon,13:30,Library,22
2026-08-17,Mon,08:00,Gym,28
2026-08-17,Mon,08:30,Gym,23
2026-08-17,Mon,09:00,Gym,27
2026-08-17,Mon,09:30,Gym,27
2026-08-17,Mon,10:00,Gym,31
2026-08-17,Mon,10:30,Gym,26
2026-08-17,Mon,11:00,Gym,36
2026-08-17,Mon,11:30,Gym,31
2026-08-17,Mon,12:00,Gym,35
2026-08-17,Mon,12:30,Gym,39
2026-08-17,Mon,13:00,Gym,28
2026-08-17,Mon,13:30,Gym,32
2026-08-17,Mon,08:00,Computer_Room,20
2026-08-17,Mon,08:30,Computer_Room,24
2026-08-17,Mon,09:00,Computer_Room,19
2026-08-17,Mon,09:30,Computer_Room,28
2026-08-17,Mon,10:00,Computer_Room,23
2026-08-17,Mon,10:30,Computer_Room,27
2026-08-17,Mon,11:00,Computer_Room,28
2026-08-17,Mon,11:30,Computer_Room,32
2026-08-17,Mon,12:00,Computer_Room,36
2026-08-17,Mon,12:30,Computer_Room,31
2026-08-17,Mon,13:00,Computer_Room,29
2026-08-17,Mon,13:30,Computer_Room,24
2026-08-17,Mon,08:00,Science_Lab,16
2026-08-17,Mon,08:30,Science_Lab,11
2026-08-17,Mon,09:00,Science_Lab,15
2026-08-17,Mon,09:30,Science_Lab,15
2026-08-17,Mon,10:00,Science_Lab,19
2026-08-17,Mon,10:30,Science_Lab,14
2026-08-17,Mon,11:00,Science_Lab,24
2026-08-17,Mon,11:30,Science_Lab,28
2026-08-17,Mon,12:00,Science_Lab,23
2026-08-17,Mon,12:30,Science_Lab,27
2026-08-17,Mon,13:00,Science_Lab,16
2026-08-17,Mon,13:30,Science_Lab,20
2026-08-17,Mon,08:00,Art_Room,9
2026-08-17,Mon,08:30,Art_Room,13
2026-08-17,Mon,09:00,Art_Room,8
2026-08-17,Mon,09:30,Art_Room,17
2026-08-17,Mon,10:00,Art_Room,12
2026-08-17,Mon,10:30,Art_Room,16
2026-08-17,Mon,11:00,Art_Room,26
2026-08-17,Mon,11:30,Art_Room,21
2026-08-17,Mon,12:00,Art_Room,25
2026-08-17,Mon,12:30,Art_Room,20
2026-08-17,Mon,13:00,Art_Room,18
2026-08-17,Mon,13:30,Art_Room,13
2026-08-17,Mon,08:00,Music_Room,17
2026-08-17,Mon,08:30,Music_Room,12
2026-08-17,Mon,09:00,Music_Room,16
2026-08-17,Mon,09:30,Music_Room,16
2026-08-17,Mon,10:00,Music_Room,20
2026-08-17,Mon,10:30,Music_Room,24
2026-08-17,Mon,11:00,Music_Room,25
2026-08-17,Mon,11:30,Music_Room,29
2026-08-17,Mon,12:00,Music_Room,24
2026-08-17,Mon,12:30,Music_Room,28
2026-08-17,Mon,13:00,Music_Room,17
2026-08-17,Mon,13:30,Music_Room,21
2026-08-18,Tue,08:00,Library,17
2026-08-18,Tue,08:30,Library,21
2026-08-18,Tue,09:00,Library,16
2026-08-18,Tue,09:30,Library,25
2026-08-18,Tue,10:00,Library,20
2026-08-18,Tue,10:30,Library,24
2026-08-18,Tue,11:00,Library,25
2026-08-18,Tue,11:30,Library,29
2026-08-18,Tue,12:00,Library,33
2026-08-18,Tue,12:30,Library,28
2026-08-18,Tue,13:00,Library,26
2026-08-18,Tue,13:30,Library,21
2026-08-18,Tue,08:00,Gym,27
2026-08-18,Tue,08:30,Gym,22
2026-08-18,Tue,09:00,Gym,26
2026-08-18,Tue,09:30,Gym,26
2026-08-18,Tue,10:00,Gym,30
2026-08-18,Tue,10:30,Gym,25
2026-08-18,Tue,11:00,Gym,35
2026-08-18,Tue,11:30,Gym,39
2026-08-18,Tue,12:00,Gym,34
2026-08-18,Tue,12:30,Gym,38
2026-08-18,Tue,13:00,Gym,27
2026-08-18,Tue,13:30,Gym,31
2026-08-18,Tue,08:00,Computer_Room,19
2026-08-18,Tue,08:30,Computer_Room,23
2026-08-18,Tue,09:00,Computer_Room,18
2026-08-18,Tue,09:30,Computer_Room,27
2026-08-18,Tue,10:00,Computer_Room,22
2026-08-18,Tue,10:30,Computer_Room,26
2026-08-18,Tue,11:00,Computer_Room,36
2026-08-18,Tue,11:30,Computer_Room,31
2026-08-18,Tue,12:00,Computer_Room,35
2026-08-18,Tue,12:30,Computer_Room,30
2026-08-18,Tue,13:00,Computer_Room,28
2026-08-18,Tue,13:30,Computer_Room,23
2026-08-18,Tue,08:00,Science_Lab,15
2026-08-18,Tue,08:30,Science_Lab,10
2026-08-18,Tue,09:00,Science_Lab,14
2026-08-18,Tue,09:30,Science_Lab,14
2026-08-18,Tue,10:00,Science_Lab,18
2026-08-18,Tue,10:30,Science_Lab,22
2026-08-18,Tue,11:00,Science_Lab,23
2026-08-18,Tue,11:30,Science_Lab,27
2026-08-18,Tue,12:00,Science_Lab,22
2026-08-18,Tue,12:30,Science_Lab,26
2026-08-18,Tue,13:00,Science_Lab,15
2026-08-18,Tue,13:30,Science_Lab,19
2026-08-18,Tue,08:00,Art_Room,8
2026-08-18,Tue,08:30,Art_Room,12
2026-08-18,Tue,09:00,Art_Room,7
2026-08-18,Tue,09:30,Art_Room,16
2026-08-18,Tue,10:00,Art_Room,20
2026-08-18,Tue,10:30,Art_Room,15
2026-08-18,Tue,11:00,Art_Room,25
2026-08-18,Tue,11:30,Art_Room,20
2026-08-18,Tue,12:00,Art_Room,24
2026-08-18,Tue,12:30,Art_Room,19
2026-08-18,Tue,13:00,Art_Room,17
2026-08-18,Tue,13:30,Art_Room,12
2026-08-18,Tue,08:00,Music_Room,16
2026-08-18,Tue,08:30,Music_Room,11
2026-08-18,Tue,09:00,Music_Room,15
2026-08-18,Tue,09:30,Music_Room,24
2026-08-18,Tue,10:00,Music_Room,19
2026-08-18,Tue,10:30,Music_Room,23
2026-08-18,Tue,11:00,Music_Room,24
2026-08-18,Tue,11:30,Music_Room,28
2026-08-18,Tue,12:00,Music_Room,23
2026-08-18,Tue,12:30,Music_Room,27
2026-08-18,Tue,13:00,Music_Room,16
2026-08-18,Tue,13:30,Music_Room,20
2026-08-19,Wed,08:00,Library,16
2026-08-19,Wed,08:30,Library,20
2026-08-19,Wed,09:00,Library,15
2026-08-19,Wed,09:30,Library,24
2026-08-19,Wed,10:00,Library,19
2026-08-19,Wed,10:30,Library,23
2026-08-19,Wed,11:00,Library,33
2026-08-19,Wed,11:30,Library,28
2026-08-19,Wed,12:00,Library,32
2026-08-19,Wed,12:30,Library,27
2026-08-19,Wed,13:00,Library,25
2026-08-19,Wed,13:30,Library,20
2026-08-19,Wed,08:00,Gym,26
2026-08-19,Wed,08:30,Gym,21
2026-08-19,Wed,09:00,Gym,25
2026-08-19,Wed,09:30,Gym,25
2026-08-19,Wed,10:00,Gym,29
2026-08-19,Wed,10:30,Gym,33
2026-08-19,Wed,11:00,Gym,34
2026-08-19,Wed,11:30,Gym,38
2026-08-19,Wed,12:00,Gym,33
2026-08-19,Wed,12:30,Gym,37
2026-08-19,Wed,13:00,Gym,26
2026-08-19,Wed,13:30,Gym,30
2026-08-19,Wed,08:00,Computer_Room,18
2026-08-19,Wed,08:30,Computer_Room,22
2026-08-19,Wed,09:00,Computer_Room,17
2026-08-19,Wed,09:30,Computer_Room,26
2026-08-19,Wed,10:00,Computer_Room,30
2026-08-19,Wed,10:30,Computer_Room,25
2026-08-19,Wed,11:00,Computer_Room,35
2026-08-19,Wed,11:30,Computer_Room,30
2026-08-19,Wed,12:00,Computer_Room,34
2026-08-19,Wed,12:30,Computer_Room,29
2026-08-19,Wed,13:00,Computer_Room,27
2026-08-19,Wed,13:30,Computer_Room,22
2026-08-19,Wed,08:00,Science_Lab,14
2026-08-19,Wed,08:30,Science_Lab,9
2026-08-19,Wed,09:00,Science_Lab,13
2026-08-19,Wed,09:30,Science_Lab,22
2026-08-19,Wed,10:00,Science_Lab,17
2026-08-19,Wed,10:30,Science_Lab,21
2026-08-19,Wed,11:00,Science_Lab,22
2026-08-19,Wed,11:30,Science_Lab,26
2026-08-19,Wed,12:00,Science_Lab,21
2026-08-19,Wed,12:30,Science_Lab,25
2026-08-19,Wed,13:00,Science_Lab,14
2026-08-19,Wed,13:30,Science_Lab,18
2026-08-19,Wed,08:00,Art_Room,7
2026-08-19,Wed,08:30,Art_Room,11
2026-08-19,Wed,09:00,Art_Room,15
2026-08-19,Wed,09:30,Art_Room,15
2026-08-19,Wed,10:00,Art_Room,19
2026-08-19,Wed,10:30,Art_Room,14
2026-08-19,Wed,11:00,Art_Room,24
2026-08-19,Wed,11:30,Art_Room,19
2026-08-19,Wed,12:00,Art_Room,23
2026-08-19,Wed,12:30,Art_Room,18
2026-08-19,Wed,13:00,Art_Room,16
2026-08-19,Wed,13:30,Art_Room,20
2026-08-19,Wed,08:00,Music_Room,15
2026-08-19,Wed,08:30,Music_Room,19
2026-08-19,Wed,09:00,Music_Room,14
2026-08-19,Wed,09:30,Music_Room,23
2026-08-19,Wed,10:00,Music_Room,18
2026-08-19,Wed,10:30,Music_Room,22
2026-08-19,Wed,11:00,Music_Room,23
2026-08-19,Wed,11:30,Music_Room,27
2026-08-19,Wed,12:00,Music_Room,22
2026-08-19,Wed,12:30,Music_Room,26
2026-08-19,Wed,13:00,Music_Room,24
2026-08-19,Wed,13:30,Music_Room,19
2026-08-20,Thu,08:00,Library,15
2026-08-20,Thu,08:30,Library,19
2026-08-20,Thu,09:00,Library,14
2026-08-20,Thu,09:30,Library,23
2026-08-20,Thu,10:00,Library,27
2026-08-20,Thu,10:30,Library,22
2026-08-20,Thu,11:00,Library,32
2026-08-20,Thu,11:30,Library,27
2026-08-20,Thu,12:00,Library,31
2026-08-20,Thu,12:30,Library,26
2026-08-20,Thu,13:00,Library,24
2026-08-20,Thu,13:30,Library,19
2026-08-20,Thu,08:00,Gym,25
2026-08-20,Thu,08:30,Gym,20
2026-08-20,Thu,09:00,Gym,24
2026-08-20,Thu,09:30,Gym,33
2026-08-20,Thu,10:00,Gym,28
2026-08-20,Thu,10:30,Gym,32
2026-08-20,Thu,11:00,Gym,33
2026-08-20,Thu,11:30,Gym,37
2026-08-20,Thu,12:00,Gym,32
2026-08-20,Thu,12:30,Gym,36
2026-08-20,Thu,13:00,Gym,25
2026-08-20,Thu,13:30,Gym,29
2026-08-20,Thu,08:00,Computer_Room,17
2026-08-20,Thu,08:30,Computer_Room,21
2026-08-20,Thu,09:00,Computer_Room,25
2026-08-20,Thu,09:30,Computer_Room,25
2026-08-20,Thu,10:00,Computer_Room,29
2026-08-20,Thu,10:30,Computer_Room,24
2026-08-20,Thu,11:00,Computer_Room,34
2026-08-20,Thu,11:30,Computer_Room,29
2026-08-20,Thu,12:00,Computer_Room,33
2026-08-20,Thu,12:30,Computer_Room,28
2026-08-20,Thu,13:00,Computer_Room,26
2026-08-20,Thu,13:30,Computer_Room,30
2026-08-20,Thu,08:00,Science_Lab,13
2026-08-20,Thu,08:30,Science_Lab,17
2026-08-20,Thu,09:00,Science_Lab,12
2026-08-20,Thu,09:30,Science_Lab,21
2026-08-20,Thu,10:00,Science_Lab,16
2026-08-20,Thu,10:30,Science_Lab,20
2026-08-20,Thu,11:00,Science_Lab,21
2026-08-20,Thu,11:30,Science_Lab,25
2026-08-20,Thu,12:00,Science_Lab,20
2026-08-20,Thu,12:30,Science_Lab,24
2026-08-20,Thu,13:00,Science_Lab,22
2026-08-20,Thu,13:30,Science_Lab,17
2026-08-20,Thu,08:00,Art_Room,15
2026-08-20,Thu,08:30,Art_Room,10
2026-08-20,Thu,09:00,Art_Room,14
2026-08-20,Thu,09:30,Art_Room,14
2026-08-20,Thu,10:00,Art_Room,18
2026-08-20,Thu,10:30,Art_Room,13
2026-08-20,Thu,11:00,Art_Room,23
2026-08-20,Thu,11:30,Art_Room,18
2026-08-20,Thu,12:00,Art_Room,22
2026-08-20,Thu,12:30,Art_Room,26
2026-08-20,Thu,13:00,Art_Room,15
2026-08-20,Thu,13:30,Art_Room,19
2026-08-20,Thu,08:00,Music_Room,14
2026-08-20,Thu,08:30,Music_Room,18
2026-08-20,Thu,09:00,Music_Room,13
2026-08-20,Thu,09:30,Music_Room,22
2026-08-20,Thu,10:00,Music_Room,17
2026-08-20,Thu,10:30,Music_Room,21
2026-08-20,Thu,11:00,Music_Room,22
2026-08-20,Thu,11:30,Music_Room,26
2026-08-20,Thu,12:00,Music_Room,30
2026-08-20,Thu,12:30,Music_Room,25
2026-08-20,Thu,13:00,Music_Room,23
2026-08-20,Thu,13:30,Music_Room,18
2026-08-21,Fri,08:00,Library,18
2026-08-21,Fri,08:30,Library,22
2026-08-21,Fri,09:00,Library,26
2026-08-21,Fri,09:30,Library,26
2026-08-21,Fri,10:00,Library,30
2026-08-21,Fri,10:30,Library,25
2026-08-21,Fri,11:00,Library,35
2026-08-21,Fri,11:30,Library,30
2026-08-21,Fri,12:00,Library,34
2026-08-21,Fri,12:30,Library,29
2026-08-21,Fri,13:00,Library,27
2026-08-21,Fri,13:30,Library,31
2026-08-21,Fri,08:00,Gym,28
2026-08-21,Fri,08:30,Gym,32
2026-08-21,Fri,09:00,Gym,27
2026-08-21,Fri,09:30,Gym,36
2026-08-21,Fri,10:00,Gym,31
2026-08-21,Fri,10:30,Gym,35
2026-08-21,Fri,11:00,Gym,36
2026-08-21,Fri,11:30,Gym,40
2026-08-21,Fri,12:00,Gym,35
2026-08-21,Fri,12:30,Gym,39
2026-08-21,Fri,13:00,Gym,37
2026-08-21,Fri,13:30,Gym,32
2026-08-21,Fri,08:00,Computer_Room,29
2026-08-21,Fri,08:30,Computer_Room,24
2026-08-21,Fri,09:00,Computer_Room,28
2026-08-21,Fri,09:30,Computer_Room,28
2026-08-21,Fri,10:00,Computer_Room,32
2026-08-21,Fri,10:30,Computer_Room,27
2026-08-21,Fri,11:00,Computer_Room,37
2026-08-21,Fri,11:30,Computer_Room,32
2026-08-21,Fri,12:00,Computer_Room,36
2026-08-21,Fri,12:30,Computer_Room,40
2026-08-21,Fri,13:00,Computer_Room,29
2026-08-21,Fri,13:30,Computer_Room,33
2026-08-21,Fri,08:00,Science_Lab,16
2026-08-21,Fri,08:30,Science_Lab,20
2026-08-21,Fri,09:00,Science_Lab,15
2026-08-21,Fri,09:30,Science_Lab,24
2026-08-21,Fri,10:00,Science_Lab,19
2026-08-21,Fri,10:30,Science_Lab,23
2026-08-21,Fri,11:00,Science_Lab,24
2026-08-21,Fri,11:30,Science_Lab,28
2026-08-21,Fri,12:00,Science_Lab,32
2026-08-21,Fri,12:30,Science_Lab,27
2026-08-21,Fri,13:00,Science_Lab,25
2026-08-21,Fri,13:30,Science_Lab,20
2026-08-21,Fri,08:00,Art_Room,18
2026-08-21,Fri,08:30,Art_Room,13
2026-08-21,Fri,09:00,Art_Room,17
2026-08-21,Fri,09:30,Art_Room,17
2026-08-21,Fri,10:00,Art_Room,21
2026-08-21,Fri,10:30,Art_Room,16
2026-08-21,Fri,11:00,Art_Room,26
2026-08-21,Fri,11:30,Art_Room,30
2026-08-21,Fri,12:00,Art_Room,25
2026-08-21,Fri,12:30,Art_Room,29
2026-08-21,Fri,13:00,Art_Room,18
2026-08-21,Fri,13:30,Art_Room,22
2026-08-21,Fri,08:00,Music_Room,17
2026-08-21,Fri,08:30,Music_Room,21
2026-08-21,Fri,09:00,Music_Room,16
2026-08-21,Fri,09:30,Music_Room,25
2026-08-21,Fri,10:00,Music_Room,20
2026-08-21,Fri,10:30,Music_Room,24
2026-08-21,Fri,11:00,Music_Room,34
2026-08-21,Fri,11:30,Music_Room,29
2026-08-21,Fri,12:00,Music_Room,33
2026-08-21,Fri,12:30,Music_Room,28
2026-08-21,Fri,13:00,Music_Room,26
2026-08-21,Fri,13:30,Music_Room,21
2026-08-24,Mon,08:00,Library,22
2026-08-24,Mon,08:30,Library,17
2026-08-24,Mon,09:00,Library,21
2026-08-24,Mon,09:30,Library,21
2026-08-24,Mon,10:00,Library,25
2026-08-24,Mon,10:30,Library,20
2026-08-24,Mon,11:00,Library,30
2026-08-24,Mon,11:30,Library,25
2026-08-24,Mon,12:00,Library,29
2026-08-24,Mon,12:30,Library,33
2026-08-24,Mon,13:00,Library,22
2026-08-24,Mon,13:30,Library,26
2026-08-24,Mon,08:00,Gym,23
2026-08-24,Mon,08:30,Gym,27
2026-08-24,Mon,09:00,Gym,22
2026-08-24,Mon,09:30,Gym,31
2026-08-24,Mon,10:00,Gym,26
2026-08-24,Mon,10:30,Gym,30
2026-08-24,Mon,11:00,Gym,31
2026-08-24,Mon,11:30,Gym,35
2026-08-24,Mon,12:00,Gym,39
2026-08-24,Mon,12:30,Gym,34
2026-08-24,Mon,13:00,Gym,32
2026-08-24,Mon,13:30,Gym,27
2026-08-24,Mon,08:00,Computer_Room,24
2026-08-24,Mon,08:30,Computer_Room,19
2026-08-24,Mon,09:00,Computer_Room,23
2026-08-24,Mon,09:30,Computer_Room,23
2026-08-24,Mon,10:00,Computer_Room,27
2026-08-24,Mon,10:30,Computer_Room,22
2026-08-24,Mon,11:00,Computer_Room,32
2026-08-24,Mon,11:30,Computer_Room,36
2026-08-24,Mon,12:00,Computer_Room,31
2026-08-24,Mon,12:30,Computer_Room,35
2026-08-24,Mon,13:00,Computer_Room,24
2026-08-24,Mon,13:30,Computer_Room,28
2026-08-24,Mon,08:00,Science_Lab,11
2026-08-24,Mon,08:30,Science_Lab,15
2026-08-24,Mon,09:00,Science_Lab,10
2026-08-24,Mon,09:30,Science_Lab,19
2026-08-24,Mon,10:00,Science_Lab,14
2026-08-24,Mon,10:30,Science_Lab,18
2026-08-24,Mon,11:00,Science_Lab,28
2026-08-24,Mon,11:30,Science_Lab,23
2026-08-24,Mon,12:00,Science_Lab,27
2026-08-24,Mon,12:30,Science_Lab,22
2026-08-24,Mon,13:00,Science_Lab,20
2026-08-24,Mon,13:30,Science_Lab,15
2026-08-24,Mon,08:00,Art_Room,13
2026-08-24,Mon,08:30,Art_Room,8
2026-08-24,Mon,09:00,Art_Room,12
2026-08-24,Mon,09:30,Art_Room,12
2026-08-24,Mon,10:00,Art_Room,16
2026-08-24,Mon,10:30,Art_Room,20
2026-08-24,Mon,11:00,Art_Room,21
2026-08-24,Mon,11:30,Art_Room,25
2026-08-24,Mon,12:00,Art_Room,20
2026-08-24,Mon,12:30,Art_Room,24
2026-08-24,Mon,13:00,Art_Room,13
2026-08-24,Mon,13:30,Art_Room,17
2026-08-24,Mon,08:00,Music_Room,12
2026-08-24,Mon,08:30,Music_Room,16
2026-08-24,Mon,09:00,Music_Room,11
2026-08-24,Mon,09:30,Music_Room,20
2026-08-24,Mon,10:00,Music_Room,24
2026-08-24,Mon,10:30,Music_Room,19
2026-08-24,Mon,11:00,Music_Room,29
2026-08-24,Mon,11:30,Music_Room,24
2026-08-24,Mon,12:00,Music_Room,28
2026-08-24,Mon,12:30,Music_Room,23
2026-08-24,Mon,13:00,Music_Room,21
2026-08-24,Mon,13:30,Music_Room,16
2026-08-25,Tue,08:00,Library,21
2026-08-25,Tue,08:30,Library,16
2026-08-25,Tue,09:00,Library,20
2026-08-25,Tue,09:30,Library,20
2026-08-25,Tue,10:00,Library,24
2026-08-25,Tue,10:30,Library,19
2026-08-25,Tue,11:00,Library,29
2026-08-25,Tue,11:30,Library,33
2026-08-25,Tue,12:00,Library,28
2026-08-25,Tue,12:30,Library,32
2026-08-25,Tue,13:00,Library,21
2026-08-25,Tue,13:30,Library,25
2026-08-25,Tue,08:00,Gym,22
2026-08-25,Tue,08:30,Gym,26
2026-08-25,Tue,09:00,Gym,21
2026-08-25,Tue,09:30,Gym,30
2026-08-25,Tue,10:00,Gym,25
2026-08-25,Tue,10:30,Gym,29
2026-08-25,Tue,11:00,Gym,39
2026-08-25,Tue,11:30,Gym,34
2026-08-25,Tue,12:00,Gym,38
2026-08-25,Tue,12:30,Gym,33
2026-08-25,Tue,13:00,Gym,31
2026-08-25,Tue,13:30,Gym,26
2026-08-25,Tue,08:00,Computer_Room,23
2026-08-25,Tue,08:30,Computer_Room,18
2026-08-25,Tue,09:00,Computer_Room,22
2026-08-25,Tue,09:30,Computer_Room,22
2026-08-25,Tue,10:00,Computer_Room,26
2026-08-25,Tue,10:30,Computer_Room,30
2026-08-25,Tue,11:00,Computer_Room,31
2026-08-25,Tue,11:30,Computer_Room,35
2026-08-25,Tue,12:00,Computer_Room,30
2026-08-25,Tue,12:30,Computer_Room,34
2026-08-25,Tue,13:00,Computer_Room,23
2026-08-25,Tue,13:30,Computer_Room,27
2026-08-25,Tue,08:00,Science_Lab,10
2026-08-25,Tue,08:30,Science_Lab,14
2026-08-25,Tue,09:00,Science_Lab,9
2026-08-25,Tue,09:30,Science_Lab,18
2026-08-25,Tue,10:00,Science_Lab,22
2026-08-25,Tue,10:30,Science_Lab,17
2026-08-25,Tue,11:00,Science_Lab,27
2026-08-25,Tue,11:30,Science_Lab,22
2026-08-25,Tue,12:00,Science_Lab,26
2026-08-25,Tue,12:30,Science_Lab,21
2026-08-25,Tue,13:00,Science_Lab,19
2026-08-25,Tue,13:30,Science_Lab,14
2026-08-25,Tue,08:00,Art_Room,12
2026-08-25,Tue,08:30,Art_Room,7
2026-08-25,Tue,09:00,Art_Room,11
2026-08-25,Tue,09:30,Art_Room,20
2026-08-25,Tue,10:00,Art_Room,15
2026-08-25,Tue,10:30,Art_Room,19
2026-08-25,Tue,11:00,Art_Room,20
2026-08-25,Tue,11:30,Art_Room,24
2026-08-25,Tue,12:00,Art_Room,19
2026-08-25,Tue,12:30,Art_Room,23
2026-08-25,Tue,13:00,Art_Room,12
2026-08-25,Tue,13:30,Art_Room,16
2026-08-25,Tue,08:00,Music_Room,11
2026-08-25,Tue,08:30,Music_Room,15
2026-08-25,Tue,09:00,Music_Room,19
2026-08-25,Tue,09:30,Music_Room,19
2026-08-25,Tue,10:00,Music_Room,23
2026-08-25,Tue,10:30,Music_Room,18
2026-08-25,Tue,11:00,Music_Room,28
2026-08-25,Tue,11:30,Music_Room,23
2026-08-25,Tue,12:00,Music_Room,27
2026-08-25,Tue,12:30,Music_Room,22
2026-08-25,Tue,13:00,Music_Room,20
2026-08-25,Tue,13:30,Music_Room,24
2026-08-26,Wed,08:00,Library,20
2026-08-26,Wed,08:30,Library,15
2026-08-26,Wed,09:00,Library,19
2026-08-26,Wed,09:30,Library,19
2026-08-26,Wed,10:00,Library,23
2026-08-26,Wed,10:30,Library,27
2026-08-26,Wed,11:00,Library,28
2026-08-26,Wed,11:30,Library,32
2026-08-26,Wed,12:00,Library,27
2026-08-26,Wed,12:30,Library,31
2026-08-26,Wed,13:00,Library,20
2026-08-26,Wed,13:30,Library,24
2026-08-26,Wed,08:00,Gym,21
2026-08-26,Wed,08:30,Gym,25
2026-08-26,Wed,09:00,Gym,20
2026-08-26,Wed,09:30,Gym,29
2026-08-26,Wed,10:00,Gym,33
2026-08-26,Wed,10:30,Gym,28
2026-08-26,Wed,11:00,Gym,38
2026-08-26,Wed,11:30,Gym,33
2026-08-26,Wed,12:00,Gym,37
2026-08-26,Wed,12:30,Gym,32
2026-08-26,Wed,13:00,Gym,30
2026-08-26,Wed,13:30,Gym,25
2026-08-26,Wed,08:00,Computer_Room,22
2026-08-26,Wed,08:30,Computer_Room,17
2026-08-26,Wed,09:00,Computer_Room,21
2026-08-26,Wed,09:30,Computer_Room,30
2026-08-26,Wed,10:00,Computer_Room,25
2026-08-26,Wed,10:30,Computer_Room,29
2026-08-26,Wed,11:00,Computer_Room,30
2026-08-26,Wed,11:30,Computer_Room,34
2026-08-26,Wed,12:00,Computer_Room,29
2026-08-26,Wed,12:30,Computer_Room,33
2026-08-26,Wed,13:00,Computer_Room,22
2026-08-26,Wed,13:30,Computer_Room,26
2026-08-26,Wed,08:00,Science_Lab,9
2026-08-26,Wed,08:30,Science_Lab,13
2026-08-26,Wed,09:00,Science_Lab,17
2026-08-26,Wed,09:30,Science_Lab,17
2026-08-26,Wed,10:00,Science_Lab,21
2026-08-26,Wed,10:30,Science_Lab,16
2026-08-26,Wed,11:00,Science_Lab,26
2026-08-26,Wed,11:30,Science_Lab,21
2026-08-26,Wed,12:00,Science_Lab,25
2026-08-26,Wed,12:30,Science_Lab,20
2026-08-26,Wed,13:00,Science_Lab,18
2026-08-26,Wed,13:30,Science_Lab,22
2026-08-26,Wed,08:00,Art_Room,11
2026-08-26,Wed,08:30,Art_Room,15
2026-08-26,Wed,09:00,Art_Room,10
2026-08-26,Wed,09:30,Art_Room,19
2026-08-26,Wed,10:00,Art_Room,14
2026-08-26,Wed,10:30,Art_Room,18
2026-08-26,Wed,11:00,Art_Room,19
2026-08-26,Wed,11:30,Art_Room,23
2026-08-26,Wed,12:00,Art_Room,18
2026-08-26,Wed,12:30,Art_Room,22
2026-08-26,Wed,13:00,Art_Room,20
2026-08-26,Wed,13:30,Art_Room,15
2026-08-26,Wed,08:00,Music_Room,19
2026-08-26,Wed,08:30,Music_Room,14
2026-08-26,Wed,09:00,Music_Room,18
2026-08-26,Wed,09:30,Music_Room,18
2026-08-26,Wed,10:00,Music_Room,22
2026-08-26,Wed,10:30,Music_Room,17
2026-08-26,Wed,11:00,Music_Room,27
2026-08-26,Wed,11:30,Music_Room,22
2026-08-26,Wed,12:00,Music_Room,26
2026-08-26,Wed,12:30,Music_Room,30
2026-08-26,Wed,13:00,Music_Room,19
2026-08-26,Wed,13:30,Music_Room,23
2026-08-27,Thu,08:00,Library,19
2026-08-27,Thu,08:30,Library,14
2026-08-27,Thu,09:00,Library,18
2026-08-27,Thu,09:30,Library,27
2026-08-27,Thu,10:00,Library,22
2026-08-27,Thu,10:30,Library,26
2026-08-27,Thu,11:00,Library,27
2026-08-27,Thu,11:30,Library,31
2026-08-27,Thu,12:00,Library,26
2026-08-27,Thu,12:30,Library,30
2026-08-27,Thu,13:00,Library,19
2026-08-27,Thu,13:30,Library,23
2026-08-27,Thu,08:00,Gym,20
2026-08-27,Thu,08:30,Gym,24
2026-08-27,Thu,09:00,Gym,28
2026-08-27,Thu,09:30,Gym,28
2026-08-27,Thu,10:00,Gym,32
2026-08-27,Thu,10:30,Gym,27
2026-08-27,Thu,11:00,Gym,37
2026-08-27,Thu,11:30,Gym,32
2026-08-27,Thu,12:00,Gym,36
2026-08-27,Thu,12:30,Gym,31
2026-08-27,Thu,13:00,Gym,29
2026-08-27,Thu,13:30,Gym,33
2026-08-27,Thu,08:00,Computer_Room,21
2026-08-27,Thu,08:30,Computer_Room,25
2026-08-27,Thu,09:00,Computer_Room,20
2026-08-27,Thu,09:30,Computer_Room,29
2026-08-27,Thu,10:00,Computer_Room,24
2026-08-27,Thu,10:30,Computer_Room,28
2026-08-27,Thu,11:00,Computer_Room,29
2026-08-27,Thu,11:30,Computer_Room,33
2026-08-27,Thu,12:00,Computer_Room,28
2026-08-27,Thu,12:30,Computer_Room,32
2026-08-27,Thu,13:00,Computer_Room,30
2026-08-27,Thu,13:30,Computer_Room,25
2026-08-27,Thu,08:00,Science_Lab,17
2026-08-27,Thu,08:30,Science_Lab,12
2026-08-27,Thu,09:00,Science_Lab,16
2026-08-27,Thu,09:30,Science_Lab,16
2026-08-27,Thu,10:00,Science_Lab,20
2026-08-27,Thu,10:30,Science_Lab,15
2026-08-27,Thu,11:00,Science_Lab,25
2026-08-27,Thu,11:30,Science_Lab,20
2026-08-27,Thu,12:00,Science_Lab,24
2026-08-27,Thu,12:30,Science_Lab,28
2026-08-27,Thu,13:00,Science_Lab,17
2026-08-27,Thu,13:30,Science_Lab,21
2026-08-27,Thu,08:00,Art_Room,10
2026-08-27,Thu,08:30,Art_Room,14
2026-08-27,Thu,09:00,Art_Room,9
2026-08-27,Thu,09:30,Art_Room,18
2026-08-27,Thu,10:00,Art_Room,13
2026-08-27,Thu,10:30,Art_Room,17
2026-08-27,Thu,11:00,Art_Room,18
2026-08-27,Thu,11:30,Art_Room,22
2026-08-27,Thu,12:00,Art_Room,26
2026-08-27,Thu,12:30,Art_Room,21
2026-08-27,Thu,13:00,Art_Room,19
2026-08-27,Thu,13:30,Art_Room,14
2026-08-27,Thu,08:00,Music_Room,18
2026-08-27,Thu,08:30,Music_Room,13
2026-08-27,Thu,09:00,Music_Room,17
2026-08-27,Thu,09:30,Music_Room,17
2026-08-27,Thu,10:00,Music_Room,21
2026-08-27,Thu,10:30,Music_Room,16
2026-08-27,Thu,11:00,Music_Room,26
2026-08-27,Thu,11:30,Music_Room,30
2026-08-27,Thu,12:00,Music_Room,25
2026-08-27,Thu,12:30,Music_Room,29
2026-08-27,Thu,13:00,Music_Room,18
2026-08-27,Thu,13:30,Music_Room,22
2026-08-28,Fri,08:00,Library,22
2026-08-28,Fri,08:30,Library,26
2026-08-28,Fri,09:00,Library,21
2026-08-28,Fri,09:30,Library,30
2026-08-28,Fri,10:00,Library,25
2026-08-28,Fri,10:30,Library,29
2026-08-28,Fri,11:00,Library,30
2026-08-28,Fri,11:30,Library,34
2026-08-28,Fri,12:00,Library,29
2026-08-28,Fri,12:30,Library,33
2026-08-28,Fri,13:00,Library,31
2026-08-28,Fri,13:30,Library,26
2026-08-28,Fri,08:00,Gym,32
2026-08-28,Fri,08:30,Gym,27
2026-08-28,Fri,09:00,Gym,31
2026-08-28,Fri,09:30,Gym,31
2026-08-28,Fri,10:00,Gym,35
2026-08-28,Fri,10:30,Gym,30
2026-08-28,Fri,11:00,Gym,40
2026-08-28,Fri,11:30,Gym,35
2026-08-28,Fri,12:00,Gym,39
2026-08-28,Fri,12:30,Gym,43
2026-08-28,Fri,13:00,Gym,32
2026-08-28,Fri,13:30,Gym,36
2026-08-28,Fri,08:00,Computer_Room,24
2026-08-28,Fri,08:30,Computer_Room,28
2026-08-28,Fri,09:00,Computer_Room,23
2026-08-28,Fri,09:30,Computer_Room,32
2026-08-28,Fri,10:00,Computer_Room,27
2026-08-28,Fri,10:30,Computer_Room,31
2026-08-28,Fri,11:00,Computer_Room,32
2026-08-28,Fri,11:30,Computer_Room,36
2026-08-28,Fri,12:00,Computer_Room,40
2026-08-28,Fri,12:30,Computer_Room,35
2026-08-28,Fri,13:00,Computer_Room,33
2026-08-28,Fri,13:30,Computer_Room,28
2026-08-28,Fri,08:00,Science_Lab,20
2026-08-28,Fri,08:30,Science_Lab,15
2026-08-28,Fri,09:00,Science_Lab,19
2026-08-28,Fri,09:30,Science_Lab,19
2026-08-28,Fri,10:00,Science_Lab,23
2026-08-28,Fri,10:30,Science_Lab,18
2026-08-28,Fri,11:00,Science_Lab,28
2026-08-28,Fri,11:30,Science_Lab,32
2026-08-28,Fri,12:00,Science_Lab,27
2026-08-28,Fri,12:30,Science_Lab,31
2026-08-28,Fri,13:00,Science_Lab,20
2026-08-28,Fri,13:30,Science_Lab,24
2026-08-28,Fri,08:00,Art_Room,13
2026-08-28,Fri,08:30,Art_Room,17
2026-08-28,Fri,09:00,Art_Room,12
2026-08-28,Fri,09:30,Art_Room,21
2026-08-28,Fri,10:00,Art_Room,16
2026-08-28,Fri,10:30,Art_Room,20
2026-08-28,Fri,11:00,Art_Room,30
2026-08-28,Fri,11:30,Art_Room,25
2026-08-28,Fri,12:00,Art_Room,29
2026-08-28,Fri,12:30,Art_Room,24
2026-08-28,Fri,13:00,Art_Room,22
2026-08-28,Fri,13:30,Art_Room,17
2026-08-28,Fri,08:00,Music_Room,21
2026-08-28,Fri,08:30,Music_Room,16
2026-08-28,Fri,09:00,Music_Room,20
2026-08-28,Fri,09:30,Music_Room,20
2026-08-28,Fri,10:00,Music_Room,24
2026-08-28,Fri,10:30,Music_Room,28
2026-08-28,Fri,11:00,Music_Room,29
2026-08-28,Fri,11:30,Music_Room,33
2026-08-28,Fri,12:00,Music_Room,28
2026-08-28,Fri,12:30,Music_Room,32
2026-08-28,Fri,13:00,Music_Room,21
2026-08-28,Fri,13:30,Music_Room,25
2026-08-31,Mon,08:00,Library,17
2026-08-31,Mon,08:30,Library,21
2026-08-31,Mon,09:00,Library,16
2026-08-31,Mon,09:30,Library,25
2026-08-31,Mon,10:00,Library,20
2026-08-31,Mon,10:30,Library,24
2026-08-31,Mon,11:00,Library,25
2026-08-31,Mon,11:30,Library,29
2026-08-31,Mon,12:00,Library,33
2026-08-31,Mon,12:30,Library,28
2026-08-31,Mon,13:00,Library,26
2026-08-31,Mon,13:30,Library,21
2026-08-31,Mon,08:00,Gym,27
2026-08-31,Mon,08:30,Gym,22
2026-08-31,Mon,09:00,Gym,26
2026-08-31,Mon,09:30,Gym,26
2026-08-31,Mon,10:00,Gym,30
2026-08-31,Mon,10:30,Gym,25
2026-08-31,Mon,11:00,Gym,35
2026-08-31,Mon,11:30,Gym,39
2026-08-31,Mon,12:00,Gym,34
2026-08-31,Mon,12:30,Gym,38
2026-08-31,Mon,13:00,Gym,27
2026-08-31,Mon,13:30,Gym,31
2026-08-31,Mon,08:00,Computer_Room,19
2026-08-31,Mon,08:30,Computer_Room,23
2026-08-31,Mon,09:00,Computer_Room,18
2026-08-31,Mon,09:30,Computer_Room,27
2026-08-31,Mon,10:00,Computer_Room,22
2026-08-31,Mon,10:30,Computer_Room,26
2026-08-31,Mon,11:00,Computer_Room,36
2026-08-31,Mon,11:30,Computer_Room,31
2026-08-31,Mon,12:00,Computer_Room,35
2026-08-31,Mon,12:30,Computer_Room,30
2026-08-31,Mon,13:00,Computer_Room,28
2026-08-31,Mon,13:30,Computer_Room,23
2026-08-31,Mon,08:00,Science_Lab,15
2026-08-31,Mon,08:30,Science_Lab,10
2026-08-31,Mon,09:00,Science_Lab,14
2026-08-31,Mon,09:30,Science_Lab,14
2026-08-31,Mon,10:00,Science_Lab,18
2026-08-31,Mon,10:30,Science_Lab,22
2026-08-31,Mon,11:00,Science_Lab,23
2026-08-31,Mon,11:30,Science_Lab,27
2026-08-31,Mon,12:00,Science_Lab,22
2026-08-31,Mon,12:30,Science_Lab,26
2026-08-31,Mon,13:00,Science_Lab,15
2026-08-31,Mon,13:30,Science_Lab,19
2026-08-31,Mon,08:00,Art_Room,8
2026-08-31,Mon,08:30,Art_Room,12
2026-08-31,Mon,09:00,Art_Room,7
2026-08-31,Mon,09:30,Art_Room,16
2026-08-31,Mon,10:00,Art_Room,20
2026-08-31,Mon,10:30,Art_Room,15
2026-08-31,Mon,11:00,Art_Room,25
2026-08-31,Mon,11:30,Art_Room,20
2026-08-31,Mon,12:00,Art_Room,24
2026-08-31,Mon,12:30,Art_Room,19
2026-08-31,Mon,13:00,Art_Room,17
2026-08-31,Mon,13:30,Art_Room,12
2026-08-31,Mon,08:00,Music_Room,16
2026-08-31,Mon,08:30,Music_Room,11
2026-08-31,Mon,09:00,Music_Room,15
2026-08-31,Mon,09:30,Music_Room,24
2026-08-31,Mon,10:00,Music_Room,19
2026-08-31,Mon,10:30,Music_Room,23
2026-08-31,Mon,11:00,Music_Room,24
2026-08-31,Mon,11:30,Music_Room,28
2026-08-31,Mon,12:00,Music_Room,23
2026-08-31,Mon,12:30,Music_Room,27
2026-08-31,Mon,13:00,Music_Room,16
2026-08-31,Mon,13:30,Music_Room,20
2026-09-01,Tue,08:00,Library,16
2026-09-01,Tue,08:30,Library,20
2026-09-01,Tue,09:00,Library,15
2026-09-01,Tue,09:30,Library,24
2026-09-01,Tue,10:00,Library,19
2026-09-01,Tue,10:30,Library,23
2026-09-01,Tue,11:00,Library,33
2026-09-01,Tue,11:30,Library,28
2026-09-01,Tue,12:00,Library,32
2026-09-01,Tue,12:30,Library,27
2026-09-01,Tue,13:00,Library,25
2026-09-01,Tue,13:30,Library,20
2026-09-01,Tue,08:00,Gym,26
2026-09-01,Tue,08:30,Gym,21
2026-09-01,Tue,09:00,Gym,25
2026-09-01,Tue,09:30,Gym,25
2026-09-01,Tue,10:00,Gym,29
2026-09-01,Tue,10:30,Gym,33
2026-09-01,Tue,11:00,Gym,34
2026-09-01,Tue,11:30,Gym,38
2026-09-01,Tue,12:00,Gym,33
2026-09-01,Tue,12:30,Gym,37
2026-09-01,Tue,13:00,Gym,26
2026-09-01,Tue,13:30,Gym,30
2026-09-01,Tue,08:00,Computer_Room,18
2026-09-01,Tue,08:30,Computer_Room,22
2026-09-01,Tue,09:00,Computer_Room,17
2026-09-01,Tue,09:30,Computer_Room,26
2026-09-01,Tue,10:00,Computer_Room,30
2026-09-01,Tue,10:30,Computer_Room,25
2026-09-01,Tue,11:00,Computer_Room,35
2026-09-01,Tue,11:30,Computer_Room,30
2026-09-01,Tue,12:00,Computer_Room,34
2026-09-01,Tue,12:30,Computer_Room,29
2026-09-01,Tue,13:00,Computer_Room,27
2026-09-01,Tue,13:30,Computer_Room,22
2026-09-01,Tue,08:00,Science_Lab,14
2026-09-01,Tue,08:30,Science_Lab,9
2026-09-01,Tue,09:00,Science_Lab,13
2026-09-01,Tue,09:30,Science_Lab,22
2026-09-01,Tue,10:00,Science_Lab,17
2026-09-01,Tue,10:30,Science_Lab,21
2026-09-01,Tue,11:00,Science_Lab,22
2026-09-01,Tue,11:30,Science_Lab,26
2026-09-01,Tue,12:00,Science_Lab,21
2026-09-01,Tue,12:30,Science_Lab,25
2026-09-01,Tue,13:00,Science_Lab,14
2026-09-01,Tue,13:30,Science_Lab,18
2026-09-01,Tue,08:00,Art_Room,7
2026-09-01,Tue,08:30,Art_Room,11
2026-09-01,Tue,09:00,Art_Room,15
2026-09-01,Tue,09:30,Art_Room,15
2026-09-01,Tue,10:00,Art_Room,19
2026-09-01,Tue,10:30,Art_Room,14
2026-09-01,Tue,11:00,Art_Room,24
2026-09-01,Tue,11:30,Art_Room,19
2026-09-01,Tue,12:00,Art_Room,23
2026-09-01,Tue,12:30,Art_Room,18
2026-09-01,Tue,13:00,Art_Room,16
2026-09-01,Tue,13:30,Art_Room,20
2026-09-01,Tue,08:00,Music_Room,15
2026-09-01,Tue,08:30,Music_Room,19
2026-09-01,Tue,09:00,Music_Room,14
2026-09-01,Tue,09:30,Music_Room,23
2026-09-01,Tue,10:00,Music_Room,18
2026-09-01,Tue,10:30,Music_Room,22
2026-09-01,Tue,11:00,Music_Room,23
2026-09-01,Tue,11:30,Music_Room,27
2026-09-01,Tue,12:00,Music_Room,22
2026-09-01,Tue,12:30,Music_Room,26
2026-09-01,Tue,13:00,Music_Room,24
2026-09-01,Tue,13:30,Music_Room,19
2026-09-02,Wed,08:00,Library,15
2026-09-02,Wed,08:30,Library,19
2026-09-02,Wed,09:00,Library,14
2026-09-02,Wed,09:30,Library,23
2026-09-02,Wed,10:00,Library,27
2026-09-02,Wed,10:30,Library,22
2026-09-02,Wed,11:00,Library,32
2026-09-02,Wed,11:30,Library,27
2026-09-02,Wed,12:00,Library,31
2026-09-02,Wed,12:30,Library,26
2026-09-02,Wed,13:00,Library,24
2026-09-02,Wed,13:30,Library,19
2026-09-02,Wed,08:00,Gym,25
2026-09-02,Wed,08:30,Gym,20
2026-09-02,Wed,09:00,Gym,24
2026-09-02,Wed,09:30,Gym,33
2026-09-02,Wed,10:00,Gym,28
2026-09-02,Wed,10:30,Gym,32
2026-09-02,Wed,11:00,Gym,33
2026-09-02,Wed,11:30,Gym,37
2026-09-02,Wed,12:00,Gym,32
2026-09-02,Wed,12:30,Gym,36
2026-09-02,Wed,13:00,Gym,25
2026-09-02,Wed,13:30,Gym,29
2026-09-02,Wed,08:00,Computer_Room,17
2026-09-02,Wed,08:30,Computer_Room,21
2026-09-02,Wed,09:00,Computer_Room,25
2026-09-02,Wed,09:30,Computer_Room,25
2026-09-02,Wed,10:00,Computer_Room,29
2026-09-02,Wed,10:30,Computer_Room,24
2026-09-02,Wed,11:00,Computer_Room,34
2026-09-02,Wed,11:30,Computer_Room,29
2026-09-02,Wed,12:00,Computer_Room,33
2026-09-02,Wed,12:30,Computer_Room,28
2026-09-02,Wed,13:00,Computer_Room,26
2026-09-02,Wed,13:30,Computer_Room,30
2026-09-02,Wed,08:00,Science_Lab,13
2026-09-02,Wed,08:30,Science_Lab,17
2026-09-02,Wed,09:00,Science_Lab,12
2026-09-02,Wed,09:30,Science_Lab,21
2026-09-02,Wed,10:00,Science_Lab,16
2026-09-02,Wed,10:30,Science_Lab,20
2026-09-02,Wed,11:00,Science_Lab,21
2026-09-02,Wed,11:30,Science_Lab,25
2026-09-02,Wed,12:00,Science_Lab,20
2026-09-02,Wed,12:30,Science_Lab,24
2026-09-02,Wed,13:00,Science_Lab,22
2026-09-02,Wed,13:30,Science_Lab,17
2026-09-02,Wed,08:00,Art_Room,15
2026-09-02,Wed,08:30,Art_Room,10
2026-09-02,Wed,09:00,Art_Room,14
2026-09-02,Wed,09:30,Art_Room,14
2026-09-02,Wed,10:00,Art_Room,18
2026-09-02,Wed,10:30,Art_Room,13
2026-09-02,Wed,11:00,Art_Room,23
2026-09-02,Wed,11:30,Art_Room,18
2026-09-02,Wed,12:00,Art_Room,22
2026-09-02,Wed,12:30,Art_Room,26
2026-09-02,Wed,13:00,Art_Room,15
2026-09-02,Wed,13:30,Art_Room,19
2026-09-02,Wed,08:00,Music_Room,14
2026-09-02,Wed,08:30,Music_Room,18
2026-09-02,Wed,09:00,Music_Room,13
2026-09-02,Wed,09:30,Music_Room,22
2026-09-02,Wed,10:00,Music_Room,17
2026-09-02,Wed,10:30,Music_Room,21
2026-09-02,Wed,11:00,Music_Room,22
2026-09-02,Wed,11:30,Music_Room,26
2026-09-02,Wed,12:00,Music_Room,30
2026-09-02,Wed,12:30,Music_Room,25
2026-09-02,Wed,13:00,Music_Room,23
2026-09-02,Wed,13:30,Music_Room,18
2026-09-03,Thu,08:00,Library,14
2026-09-03,Thu,08:30,Library,18
2026-09-03,Thu,09:00,Library,22
2026-09-03,Thu,09:30,Library,22
2026-09-03,Thu,10:00,Library,26
2026-09-03,Thu,10:30,Library,21
2026-09-03,Thu,11:00,Library,31
2026-09-03,Thu,11:30,Library,26
2026-09-03,Thu,12:00,Library,30
2026-09-03,Thu,12:30,Library,25
2026-09-03,Thu,13:00,Library,23
2026-09-03,Thu,13:30,Library,27
2026-09-03,Thu,08:00,Gym,24
2026-09-03,Thu,08:30,Gym,28
2026-09-03,Thu,09:00,Gym,23
2026-09-03,Thu,09:30,Gym,32
2026-09-03,Thu,10:00,Gym,27
2026-09-03,Thu,10:30,Gym,31
2026-09-03,Thu,11:00,Gym,32
2026-09-03,Thu,11:30,Gym,36
2026-09-03,Thu,12:00,Gym,31
2026-09-03,Thu,12:30,Gym,35
2026-09-03,Thu,13:00,Gym,33
2026-09-03,Thu,13:30,Gym,28
2026-09-03,Thu,08:00,Computer_Room,25
2026-09-03,Thu,08:30,Computer_Room,20
2026-09-03,Thu,09:00,Computer_Room,24
2026-09-03,Thu,09:30,Computer_Room,24
2026-09-03,Thu,10:00,Computer_Room,28
2026-09-03,Thu,10:30,Computer_Room,23
2026-09-03,Thu,11:00,Computer_Room,33
2026-09-03,Thu,11:30,Computer_Room,28
2026-09-03,Thu,12:00,Computer_Room,32
2026-09-03,Thu,12:30,Computer_Room,36
2026-09-03,Thu,13:00,Computer_Room,25
2026-09-03,Thu,13:30,Computer_Room,29
2026-09-03,Thu,08:00,Science_Lab,12
2026-09-03,Thu,08:30,Science_Lab,16
2026-09-03,Thu,09:00,Science_Lab,11
2026-09-03,Thu,09:30,Science_Lab,20
2026-09-03,Thu,10:00,Science_Lab,15
2026-09-03,Thu,10:30,Science_Lab,19
2026-09-03,Thu,11:00,Science_Lab,20
2026-09-03,Thu,11:30,Science_Lab,24
2026-09-03,Thu,12:00,Science_Lab,28
2026-09-03,Thu,12:30,Science_Lab,23
2026-09-03,Thu,13:00,Science_Lab,21
2026-09-03,Thu,13:30,Science_Lab,16
2026-09-03,Thu,08:00,Art_Room,14
2026-09-03,Thu,08:30,Art_Room,9
2026-09-03,Thu,09:00,Art_Room,13
2026-09-03,Thu,09:30,Art_Room,13
2026-09-03,Thu,10:00,Art_Room,17
2026-09-03,Thu,10:30,Art_Room,12
2026-09-03,Thu,11:00,Art_Room,22
2026-09-03,Thu,11:30,Art_Room,26
2026-09-03,Thu,12:00,Art_Room,21
2026-09-03,Thu,12:30,Art_Room,25
2026-09-03,Thu,13:00,Art_Room,14
2026-09-03,Thu,13:30,Art_Room,18
2026-09-03,Thu,08:00,Music_Room,13
2026-09-03,Thu,08:30,Music_Room,17
2026-09-03,Thu,09:00,Music_Room,12
2026-09-03,Thu,09:30,Music_Room,21
2026-09-03,Thu,10:00,Music_Room,16
2026-09-03,Thu,10:30,Music_Room,20
2026-09-03,Thu,11:00,Music_Room,30
2026-09-03,Thu,11:30,Music_Room,25
2026-09-03,Thu,12:00,Music_Room,29
2026-09-03,Thu,12:30,Music_Room,24
2026-09-03,Thu,13:00,Music_Room,22
2026-09-03,Thu,13:30,Music_Room,17
2026-09-04,Fri,08:00,Library,26
2026-09-04,Fri,08:30,Library,21
2026-09-04,Fri,09:00,Library,25
2026-09-04,Fri,09:30,Library,25
2026-09-04,Fri,10:00,Library,29
2026-09-04,Fri,10:30,Library,24
2026-09-04,Fri,11:00,Library,34
2026-09-04,Fri,11:30,Library,29
2026-09-04,Fri,12:00,Library,33
2026-09-04,Fri,12:30,Library,37
2026-09-04,Fri,13:00,Library,26
2026-09-04,Fri,13:30,Library,30
2026-09-04,Fri,08:00,Gym,27
2026-09-04,Fri,08:30,Gym,31
2026-09-04,Fri,09:00,Gym,26
2026-09-04,Fri,09:30,Gym,35
2026-09-04,Fri,10:00,Gym,30
2026-09-04,Fri,10:30,Gym,34
2026-09-04,Fri,11:00,Gym,35
2026-09-04,Fri,11:30,Gym,39
2026-09-04,Fri,12:00,Gym,43
2026-09-04,Fri,12:30,Gym,38
2026-09-04,Fri,13:00,Gym,36
2026-09-04,Fri,13:30,Gym,31
2026-09-04,Fri,08:00,Computer_Room,28
2026-09-04,Fri,08:30,Computer_Room,23
2026-09-04,Fri,09:00,Computer_Room,27
2026-09-04,Fri,09:30,Computer_Room,27
2026-09-04,Fri,10:00,Computer_Room,31
2026-09-04,Fri,10:30,Computer_Room,26
2026-09-04,Fri,11:00,Computer_Room,36
2026-09-04,Fri,11:30,Computer_Room,40
2026-09-04,Fri,12:00,Computer_Room,35
2026-09-04,Fri,12:30,Computer_Room,39
2026-09-04,Fri,13:00,Computer_Room,28
2026-09-04,Fri,13:30,Computer_Room,32
2026-09-04,Fri,08:00,Science_Lab,15
2026-09-04,Fri,08:30,Science_Lab,19
2026-09-04,Fri,09:00,Science_Lab,14
2026-09-04,Fri,09:30,Science_Lab,23
2026-09-04,Fri,10:00,Science_Lab,18
2026-09-04,Fri,10:30,Science_Lab,22
2026-09-04,Fri,11:00,Science_Lab,32
2026-09-04,Fri,11:30,Science_Lab,27
2026-09-04,Fri,12:00,Science_Lab,31
2026-09-04,Fri,12:30,Science_Lab,26
2026-09-04,Fri,13:00,Science_Lab,24
2026-09-04,Fri,13:30,Science_Lab,19
2026-09-04,Fri,08:00,Art_Room,17
2026-09-04,Fri,08:30,Art_Room,12
2026-09-04,Fri,09:00,Art_Room,16
2026-09-04,Fri,09:30,Art_Room,16
2026-09-04,Fri,10:00,Art_Room,20
2026-09-04,Fri,10:30,Art_Room,24
2026-09-04,Fri,11:00,Art_Room,25
2026-09-04,Fri,11:30,Art_Room,29
2026-09-04,Fri,12:00,Art_Room,24
2026-09-04,Fri,12:30,Art_Room,28
2026-09-04,Fri,13:00,Art_Room,17
2026-09-04,Fri,13:30,Art_Room,21
2026-09-04,Fri,08:00,Music_Room,16
2026-09-04,Fri,08:30,Music_Room,20
2026-09-04,Fri,09:00,Music_Room,15
2026-09-04,Fri,09:30,Music_Room,24
2026-09-04,Fri,10:00,Music_Room,28
2026-09-04,Fri,10:30,Music_Room,23
2026-09-04,Fri,11:00,Music_Room,33
2026-09-04,Fri,11:30,Music_Room,28
2026-09-04,Fri,12:00,Music_Room,32
2026-09-04,Fri,12:30,Music_Room,27
2026-09-04,Fri,13:00,Music_Room,25
2026-09-04,Fri,13:30,Music_Room,20
2026-09-07,Mon,08:00,Library,21
2026-09-07,Mon,08:30,Library,16
2026-09-07,Mon,09:00,Library,20
2026-09-07,Mon,09:30,Library,20
2026-09-07,Mon,10:00,Library,24
2026-09-07,Mon,10:30,Library,19
2026-09-07,Mon,11:00,Library,29
2026-09-07,Mon,11:30,Library,33
2026-09-07,Mon,12:00,Library,28
2026-09-07,Mon,12:30,Library,32
2026-09-07,Mon,13:00,Library,21
2026-09-07,Mon,13:30,Library,25
2026-09-07,Mon,08:00,Gym,22
2026-09-07,Mon,08:30,Gym,26
2026-09-07,Mon,09:00,Gym,21
2026-09-07,Mon,09:30,Gym,30
2026-09-07,Mon,10:00,Gym,25
2026-09-07,Mon,10:30,Gym,29
2026-09-07,Mon,11:00,Gym,39
2026-09-07,Mon,11:30,Gym,34
2026-09-07,Mon,12:00,Gym,38
2026-09-07,Mon,12:30,Gym,33
2026-09-07,Mon,13:00,Gym,31
2026-09-07,Mon,13:30,Gym,26
2026-09-07,Mon,08:00,Computer_Room,23
2026-09-07,Mon,08:30,Computer_Room,18
2026-09-07,Mon,09:00,Computer_Room,22
2026-09-07,Mon,09:30,Computer_Room,22
2026-09-07,Mon,10:00,Computer_Room,26
2026-09-07,Mon,10:30,Computer_Room,30
2026-09-07,Mon,11:00,Computer_Room,31
2026-09-07,Mon,11:30,Computer_Room,35
2026-09-07,Mon,12:00,Computer_Room,30
2026-09-07,Mon,12:30,Computer_Room,34
2026-09-07,Mon,13:00,Computer_Room,23
2026-09-07,Mon,13:30,Computer_Room,27
2026-09-07,Mon,08:00,Science_Lab,10
2026-09-07,Mon,08:30,Science_Lab,14
2026-09-07,Mon,09:00,Science_Lab,9
2026-09-07,Mon,09:30,Science_Lab,18
2026-09-07,Mon,10:00,Science_Lab,22
2026-09-07,Mon,10:30,Science_Lab,17
2026-09-07,Mon,11:00,Science_Lab,27
2026-09-07,Mon,11:30,Science_Lab,22
2026-09-07,Mon,12:00,Science_Lab,26
2026-09-07,Mon,12:30,Science_Lab,21
2026-09-07,Mon,13:00,Science_Lab,19
2026-09-07,Mon,13:30,Science_Lab,14
2026-09-07,Mon,08:00,Art_Room,12
2026-09-07,Mon,08:30,Art_Room,7
2026-09-07,Mon,09:00,Art_Room,11
2026-09-07,Mon,09:30,Art_Room,20
2026-09-07,Mon,10:00,Art_Room,15
2026-09-07,Mon,10:30,Art_Room,19
2026-09-07,Mon,11:00,Art_Room,20
2026-09-07,Mon,11:30,Art_Room,24
2026-09-07,Mon,12:00,Art_Room,19
2026-09-07,Mon,12:30,Art_Room,23
2026-09-07,Mon,13:00,Art_Room,12
2026-09-07,Mon,13:30,Art_Room,16
2026-09-07,Mon,08:00,Music_Room,11
2026-09-07,Mon,08:30,Music_Room,15
2026-09-07,Mon,09:00,Music_Room,19
2026-09-07,Mon,09:30,Music_Room,19
2026-09-07,Mon,10:00,Music_Room,23
2026-09-07,Mon,10:30,Music_Room,18
2026-09-07,Mon,11:00,Music_Room,28
2026-09-07,Mon,11:30,Music_Room,23
2026-09-07,Mon,12:00,Music_Room,27
2026-09-07,Mon,12:30,Music_Room,22
2026-09-07,Mon,13:00,Music_Room,20
2026-09-07,Mon,13:30,Music_Room,24
2026-09-08,Tue,08:00,Library,20
2026-09-08,Tue,08:30,Library,15
2026-09-08,Tue,09:00,Library,19
2026-09-08,Tue,09:30,Library,19
2026-09-08,Tue,10:00,Library,23
2026-09-08,Tue,10:30,Library,27
2026-09-08,Tue,11:00,Library,28
2026-09-08,Tue,11:30,Library,32
2026-09-08,Tue,12:00,Library,27
2026-09-08,Tue,12:30,Library,31
2026-09-08,Tue,13:00,Library,20
2026-09-08,Tue,13:30,Library,24
2026-09-08,Tue,08:00,Gym,21
2026-09-08,Tue,08:30,Gym,25
2026-09-08,Tue,09:00,Gym,20
2026-09-08,Tue,09:30,Gym,29
2026-09-08,Tue,10:00,Gym,33
2026-09-08,Tue,10:30,Gym,28
2026-09-08,Tue,11:00,Gym,38
2026-09-08,Tue,11:30,Gym,33
2026-09-08,Tue,12:00,Gym,37
2026-09-08,Tue,12:30,Gym,32
2026-09-08,Tue,13:00,Gym,30
2026-09-08,Tue,13:30,Gym,25
2026-09-08,Tue,08:00,Computer_Room,22
2026-09-08,Tue,08:30,Computer_Room,17
2026-09-08,Tue,09:00,Computer_Room,21
2026-09-08,Tue,09:30,Computer_Room,30
2026-09-08,Tue,10:00,Computer_Room,25
2026-09-08,Tue,10:30,Computer_Room,29
2026-09-08,Tue,11:00,Computer_Room,30
2026-09-08,Tue,11:30,Computer_Room,34
2026-09-08,Tue,12:00,Computer_Room,29
2026-09-08,Tue,12:30,Computer_Room,33
2026-09-08,Tue,13:00,Computer_Room,22
2026-09-08,Tue,13:30,Computer_Room,26
2026-09-08,Tue,08:00,Science_Lab,9
2026-09-08,Tue,08:30,Science_Lab,13
2026-09-08,Tue,09:00,Science_Lab,17
2026-09-08,Tue,09:30,Science_Lab,17
2026-09-08,Tue,10:00,Science_Lab,21
2026-09-08,Tue,10:30,Science_Lab,16
2026-09-08,Tue,11:00,Science_Lab,26
2026-09-08,Tue,11:30,Science_Lab,21
2026-09-08,Tue,12:00,Science_Lab,25
2026-09-08,Tue,12:30,Science_Lab,20
2026-09-08,Tue,13:00,Science_Lab,18
2026-09-08,Tue,13:30,Science_Lab,22
2026-09-08,Tue,08:00,Art_Room,11
2026-09-08,Tue,08:30,Art_Room,15
2026-09-08,Tue,09:00,Art_Room,10
2026-09-08,Tue,09:30,Art_Room,19
2026-09-08,Tue,10:00,Art_Room,14
2026-09-08,Tue,10:30,Art_Room,18
2026-09-08,Tue,11:00,Art_Room,19
2026-09-08,Tue,11:30,Art_Room,23
2026-09-08,Tue,12:00,Art_Room,18
2026-09-08,Tue,12:30,Art_Room,22
2026-09-08,Tue,13:00,Art_Room,20
2026-09-08,Tue,13:30,Art_Room,15
2026-09-08,Tue,08:00,Music_Room,19
2026-09-08,Tue,08:30,Music_Room,14
2026-09-08,Tue,09:00,Music_Room,18
2026-09-08,Tue,09:30,Music_Room,18
2026-09-08,Tue,10:00,Music_Room,22
2026-09-08,Tue,10:30,Music_Room,17
2026-09-08,Tue,11:00,Music_Room,27
2026-09-08,Tue,11:30,Music_Room,22
2026-09-08,Tue,12:00,Music_Room,26
2026-09-08,Tue,12:30,Music_Room,30
2026-09-08,Tue,13:00,Music_Room,19
2026-09-08,Tue,13:30,Music_Room,23
2026-09-09,Wed,08:00,Library,19
2026-09-09,Wed,08:30,Library,14
2026-09-09,Wed,09:00,Library,18
2026-09-09,Wed,09:30,Library,27
2026-09-09,Wed,10:00,Library,22
2026-09-09,Wed,10:30,Library,26
2026-09-09,Wed,11:00,Library,27
2026-09-09,Wed,11:30,Library,31
2026-09-09,Wed,12:00,Library,26
2026-09-09,Wed,12:30,Library,30
2026-09-09,Wed,13:00,Library,19
2026-09-09,Wed,13:30,Library,23
2026-09-09,Wed,08:00,Gym,20
2026-09-09,Wed,08:30,Gym,24
2026-09-09,Wed,09:00,Gym,28
2026-09-09,Wed,09:30,Gym,28
2026-09-09,Wed,10:00,Gym,32
2026-09-09,Wed,10:30,Gym,27
2026-09-09,Wed,11:00,Gym,37
2026-09-09,Wed,11:30,Gym,32
2026-09-09,Wed,12:00,Gym,36
2026-09-09,Wed,12:30,Gym,31
2026-09-09,Wed,13:00,Gym,29
2026-09-09,Wed,13:30,Gym,33
2026-09-09,Wed,08:00,Computer_Room,21
2026-09-09,Wed,08:30,Computer_Room,25
2026-09-09,Wed,09:00,Computer_Room,20
2026-09-09,Wed,09:30,Computer_Room,29
2026-09-09,Wed,10:00,Computer_Room,24
2026-09-09,Wed,10:30,Computer_Room,28
2026-09-09,Wed,11:00,Computer_Room,29
2026-09-09,Wed,11:30,Computer_Room,33
2026-09-09,Wed,12:00,Computer_Room,28
2026-09-09,Wed,12:30,Computer_Room,32
2026-09-09,Wed,13:00,Computer_Room,30
2026-09-09,Wed,13:30,Computer_Room,25
2026-09-09,Wed,08:00,Science_Lab,17
2026-09-09,Wed,08:30,Science_Lab,12
2026-09-09,Wed,09:00,Science_Lab,16
2026-09-09,Wed,09:30,Science_Lab,16
2026-09-09,Wed,10:00,Science_Lab,20
2026-09-09,Wed,10:30,Science_Lab,15
2026-09-09,Wed,11:00,Science_Lab,25
2026-09-09,Wed,11:30,Science_Lab,20
2026-09-09,Wed,12:00,Science_Lab,24
2026-09-09,Wed,12:30,Science_Lab,28
2026-09-09,Wed,13:00,Science_Lab,17
2026-09-09,Wed,13:30,Science_Lab,21
2026-09-09,Wed,08:00,Art_Room,10
2026-09-09,Wed,08:30,Art_Room,14
2026-09-09,Wed,09:00,Art_Room,9
2026-09-09,Wed,09:30,Art_Room,18
2026-09-09,Wed,10:00,Art_Room,13
2026-09-09,Wed,10:30,Art_Room,17
2026-09-09,Wed,11:00,Art_Room,18
2026-09-09,Wed,11:30,Art_Room,22
2026-09-09,Wed,12:00,Art_Room,26
2026-09-09,Wed,12:30,Art_Room,21
2026-09-09,Wed,13:00,Art_Room,19
2026-09-09,Wed,13:30,Art_Room,14
2026-09-09,Wed,08:00,Music_Room,18
2026-09-09,Wed,08:30,Music_Room,13
2026-09-09,Wed,09:00,Music_Room,17
2026-09-09,Wed,09:30,Music_Room,17
2026-09-09,Wed,10:00,Music_Room,21
2026-09-09,Wed,10:30,Music_Room,16
2026-09-09,Wed,11:00,Music_Room,26
2026-09-09,Wed,11:30,Music_Room,30
2026-09-09,Wed,12:00,Music_Room,25
2026-09-09,Wed,12:30,Music_Room,29
2026-09-09,Wed,13:00,Music_Room,18
2026-09-09,Wed,13:30,Music_Room,22
2026-09-10,Thu,08:00,Library,18
2026-09-10,Thu,08:30,Library,22
2026-09-10,Thu,09:00,Library,17
2026-09-10,Thu,09:30,Library,26
2026-09-10,Thu,10:00,Library,21
2026-09-10,Thu,10:30,Library,25
2026-09-10,Thu,11:00,Library,26
2026-09-10,Thu,11:30,Library,30
2026-09-10,Thu,12:00,Library,25
2026-09-10,Thu,12:30,Library,29
2026-09-10,Thu,13:00,Library,27
2026-09-10,Thu,13:30,Library,22
2026-09-10,Thu,08:00,Gym,28
2026-09-10,Thu,08:30,Gym,23
2026-09-10,Thu,09:00,Gym,27
2026-09-10,Thu,09:30,Gym,27
2026-09-10,Thu,10:00,Gym,31
2026-09-10,Thu,10:30,Gym,26
2026-09-10,Thu,11:00,Gym,36
2026-09-10,Thu,11:30,Gym,31
2026-09-10,Thu,12:00,Gym,35
2026-09-10,Thu,12:30,Gym,39
2026-09-10,Thu,13:00,Gym,28
2026-09-10,Thu,13:30,Gym,32
2026-09-10,Thu,08:00,Computer_Room,20
2026-09-10,Thu,08:30,Computer_Room,24
2026-09-10,Thu,09:00,Computer_Room,19
2026-09-10,Thu,09:30,Computer_Room,28
2026-09-10,Thu,10:00,Computer_Room,23
2026-09-10,Thu,10:30,Computer_Room,27
2026-09-10,Thu,11:00,Computer_Room,28
2026-09-10,Thu,11:30,Computer_Room,32
2026-09-10,Thu,12:00,Computer_Room,36
2026-09-10,Thu,12:30,Computer_Room,31
2026-09-10,Thu,13:00,Computer_Room,29
2026-09-10,Thu,13:30,Computer_Room,24
2026-09-10,Thu,08:00,Science_Lab,16
2026-09-10,Thu,08:30,Science_Lab,11
2026-09-10,Thu,09:00,Science_Lab,15
2026-09-10,Thu,09:30,Science_Lab,15
2026-09-10,Thu,10:00,Science_Lab,19
2026-09-10,Thu,10:30,Science_Lab,14
2026-09-10,Thu,11:00,Science_Lab,24
2026-09-10,Thu,11:30,Science_Lab,28
2026-09-10,Thu,12:00,Science_Lab,23
2026-09-10,Thu,12:30,Science_Lab,27
2026-09-10,Thu,13:00,Science_Lab,16
2026-09-10,Thu,13:30,Science_Lab,20
2026-09-10,Thu,08:00,Art_Room,9
2026-09-10,Thu,08:30,Art_Room,13
2026-09-10,Thu,09:00,Art_Room,8
2026-09-10,Thu,09:30,Art_Room,17
2026-09-10,Thu,10:00,Art_Room,12
2026-09-10,Thu,10:30,Art_Room,16
2026-09-10,Thu,11:00,Art_Room,26
2026-09-10,Thu,11:30,Art_Room,21
2026-09-10,Thu,12:00,Art_Room,25
2026-09-10,Thu,12:30,Art_Room,20
2026-09-10,Thu,13:00,Art_Room,18
2026-09-10,Thu,13:30,Art_Room,13
2026-09-10,Thu,08:00,Music_Room,17
2026-09-10,Thu,08:30,Music_Room,12
2026-09-10,Thu,09:00,Music_Room,16
2026-09-10,Thu,09:30,Music_Room,16
2026-09-10,Thu,10:00,Music_Room,20
2026-09-10,Thu,10:30,Music_Room,24
2026-09-10,Thu,11:00,Music_Room,25
2026-09-10,Thu,11:30,Music_Room,29
2026-09-10,Thu,12:00,Music_Room,24
2026-09-10,Thu,12:30,Music_Room,28
2026-09-10,Thu,13:00,Music_Room,17
2026-09-10,Thu,13:30,Music_Room,21
2026-09-11,Fri,08:00,Library,21
2026-09-11,Fri,08:30,Library,25
2026-09-11,Fri,09:00,Library,20
2026-09-11,Fri,09:30,Library,29
2026-09-11,Fri,10:00,Library,24
2026-09-11,Fri,10:30,Library,28
2026-09-11,Fri,11:00,Library,29
2026-09-11,Fri,11:30,Library,33
2026-09-11,Fri,12:00,Library,37
2026-09-11,Fri,12:30,Library,32
2026-09-11,Fri,13:00,Library,30
2026-09-11,Fri,13:30,Library,25
2026-09-11,Fri,08:00,Gym,31
2026-09-11,Fri,08:30,Gym,26
2026-09-11,Fri,09:00,Gym,30
2026-09-11,Fri,09:30,Gym,30
2026-09-11,Fri,10:00,Gym,34
2026-09-11,Fri,10:30,Gym,29
2026-09-11,Fri,11:00,Gym,39
2026-09-11,Fri,11:30,Gym,43
2026-09-11,Fri,12:00,Gym,38
2026-09-11,Fri,12:30,Gym,42
2026-09-11,Fri,13:00,Gym,31
2026-09-11,Fri,13:30,Gym,35
2026-09-11,Fri,08:00,Computer_Room,23
2026-09-11,Fri,08:30,Computer_Room,27
2026-09-11,Fri,09:00,Computer_Room,22
2026-09-11,Fri,09:30,Computer_Room,31
2026-09-11,Fri,10:00,Computer_Room,26
2026-09-11,Fri,10:30,Computer_Room,30
2026-09-11,Fri,11:00,Computer_Room,40
2026-09-11,Fri,11:30,Computer_Room,35
2026-09-11,Fri,12:00,Computer_Room,39
2026-09-11,Fri,12:30,Computer_Room,34
2026-09-11,Fri,13:00,Computer_Room,32
2026-09-11,Fri,13:30,Computer_Room,27
2026-09-11,Fri,08:00,Science_Lab,19
2026-09-11,Fri,08:30,Science_Lab,14
2026-09-11,Fri,09:00,Science_Lab,18
2026-09-11,Fri,09:30,Science_Lab,18
2026-09-11,Fri,10:00,Science_Lab,22
2026-09-11,Fri,10:30,Science_Lab,26
2026-09-11,Fri,11:00,Science_Lab,27
2026-09-11,Fri,11:30,Science_Lab,31
2026-09-11,Fri,12:00,Science_Lab,26
2026-09-11,Fri,12:30,Science_Lab,30
2026-09-11,Fri,13:00,Science_Lab,19
2026-09-11,Fri,13:30,Science_Lab,23
2026-09-11,Fri,08:00,Art_Room,12
2026-09-11,Fri,08:30,Art_Room,16
2026-09-11,Fri,09:00,Art_Room,11
2026-09-11,Fri,09:30,Art_Room,20
2026-09-11,Fri,10:00,Art_Room,24
2026-09-11,Fri,10:30,Art_Room,19
2026-09-11,Fri,11:00,Art_Room,29
2026-09-11,Fri,11:30,Art_Room,24
2026-09-11,Fri,12:00,Art_Room,28
2026-09-11,Fri,12:30,Art_Room,23
2026-09-11,Fri,13:00,Art_Room,21
2026-09-11,Fri,13:30,Art_Room,16
2026-09-11,Fri,08:00,Music_Room,20
2026-09-11,Fri,08:30,Music_Room,15
2026-09-11,Fri,09:00,Music_Room,19
2026-09-11,Fri,09:30,Music_Room,28
2026-09-11,Fri,10:00,Music_Room,23
2026-09-11,Fri,10:30,Music_Room,27
2026-09-11,Fri,11:00,Music_Room,28
2026-09-11,Fri,11:30,Music_Room,32
2026-09-11,Fri,12:00,Music_Room,27
2026-09-11,Fri,12:30,Music_Room,31
2026-09-11,Fri,13:00,Music_Room,20
2026-09-11,Fri,13:30,Music_Room,24
2026-09-14,Mon,08:00,Library,16
2026-09-14,Mon,08:30,Library,20
2026-09-14,Mon,09:00,Library,15
2026-09-14,Mon,09:30,Library,24
2026-09-14,Mon,10:00,Library,19
2026-09-14,Mon,10:30,Library,23
2026-09-14,Mon,11:00,Library,33
2026-09-14,Mon,11:30,Library,28
2026-09-14,Mon,12:00,Library,32
2026-09-14,Mon,12:30,Library,27
2026-09-14,Mon,13:00,Library,25
2026-09-14,Mon,13:30,Library,20
2026-09-14,Mon,08:00,Gym,26
2026-09-14,Mon,08:30,Gym,21
2026-09-14,Mon,09:00,Gym,25
2026-09-14,Mon,09:30,Gym,25
2026-09-14,Mon,10:00,Gym,29
2026-09-14,Mon,10:30,Gym,33
2026-09-14,Mon,11:00,Gym,34
2026-09-14,Mon,11:30,Gym,38
2026-09-14,Mon,12:00,Gym,33
2026-09-14,Mon,12:30,Gym,37
2026-09-14,Mon,13:00,Gym,26
2026-09-14,Mon,13:30,Gym,30
2026-09-14,Mon,08:00,Computer_Room,18
2026-09-14,Mon,08:30,Computer_Room,22
2026-09-14,Mon,09:00,Computer_Room,17
2026-09-14,Mon,09:30,Computer_Room,26
2026-09-14,Mon,10:00,Computer_Room,30
2026-09-14,Mon,10:30,Computer_Room,25
2026-09-14,Mon,11:00,Computer_Room,35
2026-09-14,Mon,11:30,Computer_Room,30
2026-09-14,Mon,12:00,Computer_Room,34
2026-09-14,Mon,12:30,Computer_Room,29
2026-09-14,Mon,13:00,Computer_Room,27
2026-09-14,Mon,13:30,Computer_Room,22
2026-09-14,Mon,08:00,Science_Lab,14
2026-09-14,Mon,08:30,Science_Lab,9
2026-09-14,Mon,09:00,Science_Lab,13
2026-09-14,Mon,09:30,Science_Lab,22
2026-09-14,Mon,10:00,Science_Lab,17
2026-09-14,Mon,10:30,Science_Lab,21
2026-09-14,Mon,11:00,Science_Lab,22
2026-09-14,Mon,11:30,Science_Lab,26
2026-09-14,Mon,12:00,Science_Lab,21
2026-09-14,Mon,12:30,Science_Lab,25
2026-09-14,Mon,13:00,Science_Lab,14
2026-09-14,Mon,13:30,Science_Lab,18
2026-09-14,Mon,08:00,Art_Room,7
2026-09-14,Mon,08:30,Art_Room,11
2026-09-14,Mon,09:00,Art_Room,15
2026-09-14,Mon,09:30,Art_Room,15
2026-09-14,Mon,10:00,Art_Room,19
2026-09-14,Mon,10:30,Art_Room,14
2026-09-14,Mon,11:00,Art_Room,24
2026-09-14,Mon,11:30,Art_Room,19
2026-09-14,Mon,12:00,Art_Room,23
2026-09-14,Mon,12:30,Art_Room,18
2026-09-14,Mon,13:00,Art_Room,16
2026-09-14,Mon,13:30,Art_Room,20
2026-09-14,Mon,08:00,Music_Room,15
2026-09-14,Mon,08:30,Music_Room,19
2026-09-14,Mon,09:00,Music_Room,14
2026-09-14,Mon,09:30,Music_Room,23
2026-09-14,Mon,10:00,Music_Room,18
2026-09-14,Mon,10:30,Music_Room,22
2026-09-14,Mon,11:00,Music_Room,23
2026-09-14,Mon,11:30,Music_Room,27
2026-09-14,Mon,12:00,Music_Room,22
2026-09-14,Mon,12:30,Music_Room,26
2026-09-14,Mon,13:00,Music_Room,24
2026-09-14,Mon,13:30,Music_Room,19
2026-09-15,Tue,08:00,Library,15
2026-09-15,Tue,08:30,Library,19
2026-09-15,Tue,09:00,Library,14
2026-09-15,Tue,09:30,Library,23
2026-09-15,Tue,10:00,Library,27
2026-09-15,Tue,10:30,Library,22
2026-09-15,Tue,11:00,Library,32
2026-09-15,Tue,11:30,Library,27
2026-09-15,Tue,12:00,Library,31
2026-09-15,Tue,12:30,Library,26
2026-09-15,Tue,13:00,Library,24
2026-09-15,Tue,13:30,Library,19
2026-09-15,Tue,08:00,Gym,25
2026-09-15,Tue,08:30,Gym,20
2026-09-15,Tue,09:00,Gym,24
2026-09-15,Tue,09:30,Gym,33
2026-09-15,Tue,10:00,Gym,28
2026-09-15,Tue,10:30,Gym,32
2026-09-15,Tue,11:00,Gym,33
2026-09-15,Tue,11:30,Gym,37
2026-09-15,Tue,12:00,Gym,32
2026-09-15,Tue,12:30,Gym,36
2026-09-15,Tue,13:00,Gym,25
2026-09-15,Tue,13:30,Gym,29
2026-09-15,Tue,08:00,Computer_Room,17
2026-09-15,Tue,08:30,Computer_Room,21
2026-09-15,Tue,09:00,Computer_Room,25
2026-09-15,Tue,09:30,Computer_Room,25
2026-09-15,Tue,10:00,Computer_Room,29
2026-09-15,Tue,10:30,Computer_Room,24
2026-09-15,Tue,11:00,Computer_Room,34
2026-09-15,Tue,11:30,Computer_Room,29
2026-09-15,Tue,12:00,Computer_Room,33
2026-09-15,Tue,12:30,Computer_Room,28
2026-09-15,Tue,13:00,Computer_Room,26
2026-09-15,Tue,13:30,Computer_Room,30
2026-09-15,Tue,08:00,Science_Lab,13
2026-09-15,Tue,08:30,Science_Lab,17
2026-09-15,Tue,09:00,Science_Lab,12
2026-09-15,Tue,09:30,Science_Lab,21
2026-09-15,Tue,10:00,Science_Lab,16
2026-09-15,Tue,10:30,Science_Lab,20
2026-09-15,Tue,11:00,Science_Lab,21
2026-09-15,Tue,11:30,Science_Lab,25
2026-09-15,Tue,12:00,Science_Lab,20
2026-09-15,Tue,12:30,Science_Lab,24
2026-09-15,Tue,13:00,Science_Lab,22
2026-09-15,Tue,13:30,Science_Lab,17
2026-09-15,Tue,08:00,Art_Room,15
2026-09-15,Tue,08:30,Art_Room,10
2026-09-15,Tue,09:00,Art_Room,14
2026-09-15,Tue,09:30,Art_Room,14
2026-09-15,Tue,10:00,Art_Room,18
2026-09-15,Tue,10:30,Art_Room,13
2026-09-15,Tue,11:00,Art_Room,23
2026-09-15,Tue,11:30,Art_Room,18
2026-09-15,Tue,12:00,Art_Room,22
2026-09-15,Tue,12:30,Art_Room,26
2026-09-15,Tue,13:00,Art_Room,15
2026-09-15,Tue,13:30,Art_Room,19
2026-09-15,Tue,08:00,Music_Room,14
2026-09-15,Tue,08:30,Music_Room,18
2026-09-15,Tue,09:00,Music_Room,13
2026-09-15,Tue,09:30,Music_Room,22
2026-09-15,Tue,10:00,Music_Room,17
2026-09-15,Tue,10:30,Music_Room,21
2026-09-15,Tue,11:00,Music_Room,22
2026-09-15,Tue,11:30,Music_Room,26
2026-09-15,Tue,12:00,Music_Room,30
2026-09-15,Tue,12:30,Music_Room,25
2026-09-15,Tue,13:00,Music_Room,23
2026-09-15,Tue,13:30,Music_Room,18
2026-09-16,Wed,08:00,Library,14
2026-09-16,Wed,08:30,Library,18
2026-09-16,Wed,09:00,Library,22
2026-09-16,Wed,09:30,Library,22
2026-09-16,Wed,10:00,Library,26
2026-09-16,Wed,10:30,Library,21
2026-09-16,Wed,11:00,Library,31
2026-09-16,Wed,11:30,Library,26
2026-09-16,Wed,12:00,Library,30
2026-09-16,Wed,12:30,Library,25
2026-09-16,Wed,13:00,Library,23
2026-09-16,Wed,13:30,Library,27
2026-09-16,Wed,08:00,Gym,24
2026-09-16,Wed,08:30,Gym,28
2026-09-16,Wed,09:00,Gym,23
2026-09-16,Wed,09:30,Gym,32
2026-09-16,Wed,10:00,Gym,27
2026-09-16,Wed,10:30,Gym,31
2026-09-16,Wed,11:00,Gym,32
2026-09-16,Wed,11:30,Gym,36
2026-09-16,Wed,12:00,Gym,31
2026-09-16,Wed,12:30,Gym,35
2026-09-16,Wed,13:00,Gym,33
2026-09-16,Wed,13:30,Gym,28
2026-09-16,Wed,08:00,Computer_Room,25
2026-09-16,Wed,08:30,Computer_Room,20
2026-09-16,Wed,09:00,Computer_Room,24
2026-09-16,Wed,09:30,Computer_Room,24
2026-09-16,Wed,10:00,Computer_Room,28
2026-09-16,Wed,10:30,Computer_Room,23
2026-09-16,Wed,11:00,Computer_Room,33
2026-09-16,Wed,11:30,Computer_Room,28
2026-09-16,Wed,12:00,Computer_Room,32
2026-09-16,Wed,12:30,Computer_Room,36
2026-09-16,Wed,13:00,Computer_Room,25
2026-09-16,Wed,13:30,Computer_Room,29
2026-09-16,Wed,08:00,Science_Lab,12
2026-09-16,Wed,08:30,Science_Lab,16
2026-09-16,Wed,09:00,Science_Lab,11
2026-09-16,Wed,09:30,Science_Lab,20
2026-09-16,Wed,10:00,Science_Lab,15
2026-09-16,Wed,10:30,Science_Lab,19
2026-09-16,Wed,11:00,Science_Lab,20
2026-09-16,Wed,11:30,Science_Lab,24
2026-09-16,Wed,12:00,Science_Lab,28
2026-09-16,Wed,12:30,Science_Lab,23
2026-09-16,Wed,13:00,Science_Lab,21
2026-09-16,Wed,13:30,Science_Lab,16
2026-09-16,Wed,08:00,Art_Room,14
2026-09-16,Wed,08:30,Art_Room,9
2026-09-16,Wed,09:00,Art_Room,13
2026-09-16,Wed,09:30,Art_Room,13
2026-09-16,Wed,10:00,Art_Room,17
2026-09-16,Wed,10:30,Art_Room,12
2026-09-16,Wed,11:00,Art_Room,22
2026-09-16,Wed,11:30,Art_Room,26
2026-09-16,Wed,12:00,Art_Room,21
2026-09-16,Wed,12:30,Art_Room,25
2026-09-16,Wed,13:00,Art_Room,14
2026-09-16,Wed,13:30,Art_Room,18
2026-09-16,Wed,08:00,Music_Room,13
2026-09-16,Wed,08:30,Music_Room,17
2026-09-16,Wed,09:00,Music_Room,12
2026-09-16,Wed,09:30,Music_Room,21
2026-09-16,Wed,10:00,Music_Room,16
2026-09-16,Wed,10:30,Music_Room,20
2026-09-16,Wed,11:00,Music_Room,30
2026-09-16,Wed,11:30,Music_Room,25
2026-09-16,Wed,12:00,Music_Room,29
2026-09-16,Wed,12:30,Music_Room,24
2026-09-16,Wed,13:00,Music_Room,22
2026-09-16,Wed,13:30,Music_Room,17
2026-09-17,Thu,08:00,Library,22
2026-09-17,Thu,08:30,Library,17
2026-09-17,Thu,09:00,Library,21
2026-09-17,Thu,09:30,Library,21
2026-09-17,Thu,10:00,Library,25
2026-09-17,Thu,10:30,Library,20
2026-09-17,Thu,11:00,Library,30
2026-09-17,Thu,11:30,Library,25
2026-09-17,Thu,12:00,Library,29
2026-09-17,Thu,12:30,Library,33
2026-09-17,Thu,13:00,Library,22
2026-09-17,Thu,13:30,Library,26
2026-09-17,Thu,08:00,Gym,23
2026-09-17,Thu,08:30,Gym,27
2026-09-17,Thu,09:00,Gym,22
2026-09-17,Thu,09:30,Gym,31
2026-09-17,Thu,10:00,Gym,26
2026-09-17,Thu,10:30,Gym,30
2026-09-17,Thu,11:00,Gym,31
2026-09-17,Thu,11:30,Gym,35
2026-09-17,Thu,12:00,Gym,39
2026-09-17,Thu,12:30,Gym,34
2026-09-17,Thu,13:00,Gym,32
2026-09-17,Thu,13:30,Gym,27
2026-09-17,Thu,08:00,Computer_Room,24
2026-09-17,Thu,08:30,Computer_Room,19
2026-09-17,Thu,09:00,Computer_Room,23
2026-09-17,Thu,09:30,Computer_Room,23
2026-09-17,Thu,10:00,Computer_Room,27
2026-09-17,Thu,10:30,Computer_Room,22
2026-09-17,Thu,11:00,Computer_Room,32
2026-09-17,Thu,11:30,Computer_Room,36
2026-09-17,Thu,12:00,Computer_Room,31
2026-09-17,Thu,12:30,Computer_Room,35
2026-09-17,Thu,13:00,Computer_Room,24
2026-09-17,Thu,13:30,Computer_Room,28
2026-09-17,Thu,08:00,Science_Lab,11
2026-09-17,Thu,08:30,Science_Lab,15
2026-09-17,Thu,09:00,Science_Lab,10
2026-09-17,Thu,09:30,Science_Lab,19
2026-09-17,Thu,10:00,Science_Lab,14
2026-09-17,Thu,10:30,Science_Lab,18
2026-09-17,Thu,11:00,Science_Lab,28
2026-09-17,Thu,11:30,Science_Lab,23
2026-09-17,Thu,12:00,Science_Lab,27
2026-09-17,Thu,12:30,Science_Lab,22
2026-09-17,Thu,13:00,Science_Lab,20
2026-09-17,Thu,13:30,Science_Lab,15
2026-09-17,Thu,08:00,Art_Room,13
2026-09-17,Thu,08:30,Art_Room,8
2026-09-17,Thu,09:00,Art_Room,12
2026-09-17,Thu,09:30,Art_Room,12
2026-09-17,Thu,10:00,Art_Room,16
2026-09-17,Thu,10:30,Art_Room,20
2026-09-17,Thu,11:00,Art_Room,21
2026-09-17,Thu,11:30,Art_Room,25
2026-09-17,Thu,12:00,Art_Room,20
2026-09-17,Thu,12:30,Art_Room,24
2026-09-17,Thu,13:00,Art_Room,13
2026-09-17,Thu,13:30,Art_Room,17
2026-09-17,Thu,08:00,Music_Room,12
2026-09-17,Thu,08:30,Music_Room,16
2026-09-17,Thu,09:00,Music_Room,11
2026-09-17,Thu,09:30,Music_Room,20
2026-09-17,Thu,10:00,Music_Room,24
2026-09-17,Thu,10:30,Music_Room,19
2026-09-17,Thu,11:00,Music_Room,29
2026-09-17,Thu,11:30,Music_Room,24
2026-09-17,Thu,12:00,Music_Room,28
2026-09-17,Thu,12:30,Music_Room,23
2026-09-17,Thu,13:00,Music_Room,21
2026-09-17,Thu,13:30,Music_Room,16
2026-09-18,Fri,08:00,Library,25
2026-09-18,Fri,08:30,Library,20
2026-09-18,Fri,09:00,Library,24
2026-09-18,Fri,09:30,Library,24
2026-09-18,Fri,10:00,Library,28
2026-09-18,Fri,10:30,Library,23
2026-09-18,Fri,11:00,Library,33
2026-09-18,Fri,11:30,Library,37
2026-09-18,Fri,12:00,Library,32
2026-09-18,Fri,12:30,Library,36
2026-09-18,Fri,13:00,Library,25
2026-09-18,Fri,13:30,Library,29
2026-09-18,Fri,08:00,Gym,26
2026-09-18,Fri,08:30,Gym,30
2026-09-18,Fri,09:00,Gym,25
2026-09-18,Fri,09:30,Gym,34
2026-09-18,Fri,10:00,Gym,29
2026-09-18,Fri,10:30,Gym,33
2026-09-18,Fri,11:00,Gym,43
2026-09-18,Fri,11:30,Gym,38
2026-09-18,Fri,12:00,Gym,42
2026-09-18,Fri,12:30,Gym,37
2026-09-18,Fri,13:00,Gym,35
2026-09-18,Fri,13:30,Gym,30
2026-09-18,Fri,08:00,Computer_Room,27
2026-09-18,Fri,08:30,Computer_Room,22
2026-09-18,Fri,09:00,Computer_Room,26
2026-09-18,Fri,09:30,Computer_Room,26
2026-09-18,Fri,10:00,Computer_Room,30
2026-09-18,Fri,10:30,Computer_Room,34
2026-09-18,Fri,11:00,Computer_Room,35
2026-09-18,Fri,11:30,Computer_Room,39
2026-09-18,Fri,12:00,Computer_Room,34
2026-09-18,Fri,12:30,Computer_Room,38
2026-09-18,Fri,13:00,Computer_Room,27
2026-09-18,Fri,13:30,Computer_Room,31
2026-09-18,Fri,08:00,Science_Lab,14
2026-09-18,Fri,08:30,Science_Lab,18
2026-09-18,Fri,09:00,Science_Lab,13
2026-09-18,Fri,09:30,Science_Lab,22
2026-09-18,Fri,10:00,Science_Lab,26
2026-09-18,Fri,10:30,Science_Lab,21
2026-09-18,Fri,11:00,Science_Lab,31
2026-09-18,Fri,11:30,Science_Lab,26
2026-09-18,Fri,12:00,Science_Lab,30
2026-09-18,Fri,12:30,Science_Lab,25
2026-09-18,Fri,13:00,Science_Lab,23
2026-09-18,Fri,13:30,Science_Lab,18
2026-09-18,Fri,08:00,Art_Room,16
2026-09-18,Fri,08:30,Art_Room,11
2026-09-18,Fri,09:00,Art_Room,15
2026-09-18,Fri,09:30,Art_Room,24
2026-09-18,Fri,10:00,Art_Room,19
2026-09-18,Fri,10:30,Art_Room,23
2026-09-18,Fri,11:00,Art_Room,24
2026-09-18,Fri,11:30,Art_Room,28
2026-09-18,Fri,12:00,Art_Room,23
2026-09-18,Fri,12:30,Art_Room,27
2026-09-18,Fri,13:00,Art_Room,16
2026-09-18,Fri,13:30,Art_Room,20
2026-09-18,Fri,08:00,Music_Room,15
2026-09-18,Fri,08:30,Music_Room,19
2026-09-18,Fri,09:00,Music_Room,23
2026-09-18,Fri,09:30,Music_Room,23
2026-09-18,Fri,10:00,Music_Room,27
2026-09-18,Fri,10:30,Music_Room,22
2026-09-18,Fri,11:00,Music_Room,32
2026-09-18,Fri,11:30,Music_Room,27
2026-09-18,Fri,12:00,Music_Room,31
2026-09-18,Fri,12:30,Music_Room,26
2026-09-18,Fri,13:00,Music_Room,24
2026-09-18,Fri,13:30,Music_Room,28
2026-09-21,Mon,08:00,Library,20
2026-09-21,Mon,08:30,Library,15
2026-09-21,Mon,09:00,Library,19
2026-09-21,Mon,09:30,Library,19
2026-09-21,Mon,10:00,Library,23
2026-09-21,Mon,10:30,Library,27
2026-09-21,Mon,11:00,Library,28
2026-09-21,Mon,11:30,Library,32
2026-09-21,Mon,12:00,Library,27
2026-09-21,Mon,12:30,Library,31
2026-09-21,Mon,13:00,Library,20
2026-09-21,Mon,13:30,Library,24
2026-09-21,Mon,08:00,Gym,21
2026-09-21,Mon,08:30,Gym,25
2026-09-21,Mon,09:00,Gym,20
2026-09-21,Mon,09:30,Gym,29
2026-09-21,Mon,10:00,Gym,33
2026-09-21,Mon,10:30,Gym,28
2026-09-21,Mon,11:00,Gym,38
2026-09-21,Mon,11:30,Gym,33
2026-09-21,Mon,12:00,Gym,37
2026-09-21,Mon,12:30,Gym,32
2026-09-21,Mon,13:00,Gym,30
2026-09-21,Mon,13:30,Gym,25
2026-09-21,Mon,08:00,Computer_Room,22
2026-09-21,Mon,08:30,Computer_Room,17
2026-09-21,Mon,09:00,Computer_Room,21
2026-09-21,Mon,09:30,Computer_Room,30
2026-09-21,Mon,10:00,Computer_Room,25
2026-09-21,Mon,10:30,Computer_Room,29
2026-09-21,Mon,11:00,Computer_Room,30
2026-09-21,Mon,11:30,Computer_Room,34
2026-09-21,Mon,12:00,Computer_Room,29
2026-09-21,Mon,12:30,Computer_Room,33
2026-09-21,Mon,13:00,Computer_Room,22
2026-09-21,Mon,13:30,Computer_Room,26
2026-09-21,Mon,08:00,Science_Lab,9
2026-09-21,Mon,08:30,Science_Lab,13
2026-09-21,Mon,09:00,Science_Lab,17
2026-09-21,Mon,09:30,Science_Lab,17
2026-09-21,Mon,10:00,Science_Lab,21
2026-09-21,Mon,10:30,Science_Lab,16
2026-09-21,Mon,11:00,Science_Lab,26
2026-09-21,Mon,11:30,Science_Lab,21
2026-09-21,Mon,12:00,Science_Lab,25
2026-09-21,Mon,12:30,Science_Lab,20
2026-09-21,Mon,13:00,Science_Lab,18
2026-09-21,Mon,13:30,Science_Lab,22
2026-09-21,Mon,08:00,Art_Room,11
2026-09-21,Mon,08:30,Art_Room,15
2026-09-21,Mon,09:00,Art_Room,10
2026-09-21,Mon,09:30,Art_Room,19
2026-09-21,Mon,10:00,Art_Room,14
2026-09-21,Mon,10:30,Art_Room,18
2026-09-21,Mon,11:00,Art_Room,19
2026-09-21,Mon,11:30,Art_Room,23
2026-09-21,Mon,12:00,Art_Room,18
2026-09-21,Mon,12:30,Art_Room,22
2026-09-21,Mon,13:00,Art_Room,20
2026-09-21,Mon,13:30,Art_Room,15
2026-09-21,Mon,08:00,Music_Room,19
2026-09-21,Mon,08:30,Music_Room,14
2026-09-21,Mon,09:00,Music_Room,18
2026-09-21,Mon,09:30,Music_Room,18
2026-09-21,Mon,10:00,Music_Room,22
2026-09-21,Mon,10:30,Music_Room,17
2026-09-21,Mon,11:00,Music_Room,27
2026-09-21,Mon,11:30,Music_Room,22
2026-09-21,Mon,12:00,Music_Room,26
2026-09-21,Mon,12:30,Music_Room,30
2026-09-21,Mon,13:00,Music_Room,19
2026-09-21,Mon,13:30,Music_Room,23
2026-09-22,Tue,08:00,Library,19
2026-09-22,Tue,08:30,Library,14
2026-09-22,Tue,09:00,Library,18
2026-09-22,Tue,09:30,Library,27
2026-09-22,Tue,10:00,Library,22
2026-09-22,Tue,10:30,Library,26
2026-09-22,Tue,11:00,Library,27
2026-09-22,Tue,11:30,Library,31
2026-09-22,Tue,12:00,Library,26
2026-09-22,Tue,12:30,Library,30
2026-09-22,Tue,13:00,Library,19
2026-09-22,Tue,13:30,Library,23
2026-09-22,Tue,08:00,Gym,20
2026-09-22,Tue,08:30,Gym,24
2026-09-22,Tue,09:00,Gym,28
2026-09-22,Tue,09:30,Gym,28
2026-09-22,Tue,10:00,Gym,32
2026-09-22,Tue,10:30,Gym,27
2026-09-22,Tue,11:00,Gym,37
2026-09-22,Tue,11:30,Gym,32
2026-09-22,Tue,12:00,Gym,36
2026-09-22,Tue,12:30,Gym,31
2026-09-22,Tue,13:00,Gym,29
2026-09-22,Tue,13:30,Gym,33
2026-09-22,Tue,08:00,Computer_Room,21
2026-09-22,Tue,08:30,Computer_Room,25
2026-09-22,Tue,09:00,Computer_Room,20
2026-09-22,Tue,09:30,Computer_Room,29
2026-09-22,Tue,10:00,Computer_Room,24
2026-09-22,Tue,10:30,Computer_Room,28
2026-09-22,Tue,11:00,Computer_Room,29
2026-09-22,Tue,11:30,Computer_Room,33
2026-09-22,Tue,12:00,Computer_Room,28
2026-09-22,Tue,12:30,Computer_Room,32
2026-09-22,Tue,13:00,Computer_Room,30
2026-09-22,Tue,13:30,Computer_Room,25
2026-09-22,Tue,08:00,Science_Lab,17
2026-09-22,Tue,08:30,Science_Lab,12
2026-09-22,Tue,09:00,Science_Lab,16
2026-09-22,Tue,09:30,Science_Lab,16
2026-09-22,Tue,10:00,Science_Lab,20
2026-09-22,Tue,10:30,Science_Lab,15
2026-09-22,Tue,11:00,Science_Lab,25
2026-09-22,Tue,11:30,Science_Lab,20
2026-09-22,Tue,12:00,Science_Lab,24
2026-09-22,Tue,12:30,Science_Lab,28
2026-09-22,Tue,13:00,Science_Lab,17
2026-09-22,Tue,13:30,Science_Lab,21
2026-09-22,Tue,08:00,Art_Room,10
2026-09-22,Tue,08:30,Art_Room,14
2026-09-22,Tue,09:00,Art_Room,9
2026-09-22,Tue,09:30,Art_Room,18
2026-09-22,Tue,10:00,Art_Room,13
2026-09-22,Tue,10:30,Art_Room,17
2026-09-22,Tue,11:00,Art_Room,18
2026-09-22,Tue,11:30,Art_Room,22
2026-09-22,Tue,12:00,Art_Room,26
2026-09-22,Tue,12:30,Art_Room,21
2026-09-22,Tue,13:00,Art_Room,19
2026-09-22,Tue,13:30,Art_Room,14
2026-09-22,Tue,08:00,Music_Room,18
2026-09-22,Tue,08:30,Music_Room,13
2026-09-22,Tue,09:00,Music_Room,17
2026-09-22,Tue,09:30,Music_Room,17
2026-09-22,Tue,10:00,Music_Room,21
2026-09-22,Tue,10:30,Music_Room,16
2026-09-22,Tue,11:00,Music_Room,26
2026-09-22,Tue,11:30,Music_Room,30
2026-09-22,Tue,12:00,Music_Room,25
2026-09-22,Tue,12:30,Music_Room,29
2026-09-22,Tue,13:00,Music_Room,18
2026-09-22,Tue,13:30,Music_Room,22
2026-09-23,Wed,08:00,Library,18
2026-09-23,Wed,08:30,Library,22
2026-09-23,Wed,09:00,Library,17
2026-09-23,Wed,09:30,Library,26
2026-09-23,Wed,10:00,Library,21
2026-09-23,Wed,10:30,Library,25
2026-09-23,Wed,11:00,Library,26
2026-09-23,Wed,11:30,Library,30
2026-09-23,Wed,12:00,Library,25
2026-09-23,Wed,12:30,Library,29
2026-09-23,Wed,13:00,Library,27
2026-09-23,Wed,13:30,Library,22
2026-09-23,Wed,08:00,Gym,28
2026-09-23,Wed,08:30,Gym,23
2026-09-23,Wed,09:00,Gym,27
2026-09-23,Wed,09:30,Gym,27
2026-09-23,Wed,10:00,Gym,31
2026-09-23,Wed,10:30,Gym,26
2026-09-23,Wed,11:00,Gym,36
2026-09-23,Wed,11:30,Gym,31
2026-09-23,Wed,12:00,Gym,35
2026-09-23,Wed,12:30,Gym,39
2026-09-23,Wed,13:00,Gym,28
2026-09-23,Wed,13:30,Gym,32
2026-09-23,Wed,08:00,Computer_Room,20
2026-09-23,Wed,08:30,Computer_Room,24
2026-09-23,Wed,09:00,Computer_Room,19
2026-09-23,Wed,09:30,Computer_Room,28
2026-09-23,Wed,10:00,Computer_Room,23
2026-09-23,Wed,10:30,Computer_Room,27
2026-09-23,Wed,11:00,Computer_Room,28
2026-09-23,Wed,11:30,Computer_Room,32
2026-09-23,Wed,12:00,Computer_Room,36
2026-09-23,Wed,12:30,Computer_Room,31
2026-09-23,Wed,13:00,Computer_Room,29
2026-09-23,Wed,13:30,Computer_Room,24
2026-09-23,Wed,08:00,Science_Lab,16
2026-09-23,Wed,08:30,Science_Lab,11
2026-09-23,Wed,09:00,Science_Lab,15
2026-09-23,Wed,09:30,Science_Lab,15
2026-09-23,Wed,10:00,Science_Lab,19
2026-09-23,Wed,10:30,Science_Lab,14
2026-09-23,Wed,11:00,Science_Lab,24
2026-09-23,Wed,11:30,Science_Lab,28
2026-09-23,Wed,12:00,Science_Lab,23
2026-09-23,Wed,12:30,Science_Lab,27
2026-09-23,Wed,13:00,Science_Lab,16
2026-09-23,Wed,13:30,Science_Lab,20
2026-09-23,Wed,08:00,Art_Room,9
2026-09-23,Wed,08:30,Art_Room,13
2026-09-23,Wed,09:00,Art_Room,8
2026-09-23,Wed,09:30,Art_Room,17
2026-09-23,Wed,10:00,Art_Room,12
2026-09-23,Wed,10:30,Art_Room,16
2026-09-23,Wed,11:00,Art_Room,26
2026-09-23,Wed,11:30,Art_Room,21
2026-09-23,Wed,12:00,Art_Room,25
2026-09-23,Wed,12:30,Art_Room,20
2026-09-23,Wed,13:00,Art_Room,18
2026-09-23,Wed,13:30,Art_Room,13
2026-09-23,Wed,08:00,Music_Room,17
2026-09-23,Wed,08:30,Music_Room,12
2026-09-23,Wed,09:00,Music_Room,16
2026-09-23,Wed,09:30,Music_Room,16
2026-09-23,Wed,10:00,Music_Room,20
2026-09-23,Wed,10:30,Music_Room,24
2026-09-23,Wed,11:00,Music_Room,25
2026-09-23,Wed,11:30,Music_Room,29
2026-09-23,Wed,12:00,Music_Room,24
2026-09-23,Wed,12:30,Music_Room,28
2026-09-23,Wed,13:00,Music_Room,17
2026-09-23,Wed,13:30,Music_Room,21
2026-09-24,Thu,08:00,Library,17
2026-09-24,Thu,08:30,Library,21
2026-09-24,Thu,09:00,Library,16
2026-09-24,Thu,09:30,Library,25
2026-09-24,Thu,10:00,Library,20
2026-09-24,Thu,10:30,Library,24
2026-09-24,Thu,11:00,Library,25
2026-09-24,Thu,11:30,Library,29
2026-09-24,Thu,12:00,Library,33
2026-09-24,Thu,12:30,Library,28
2026-09-24,Thu,13:00,Library,26
2026-09-24,Thu,13:30,Library,21
2026-09-24,Thu,08:00,Gym,27
2026-09-24,Thu,08:30,Gym,22
2026-09-24,Thu,09:00,Gym,26
2026-09-24,Thu,09:30,Gym,26
2026-09-24,Thu,10:00,Gym,30
2026-09-24,Thu,10:30,Gym,25
2026-09-24,Thu,11:00,Gym,35
2026-09-24,Thu,11:30,Gym,39
2026-09-24,Thu,12:00,Gym,34
2026-09-24,Thu,12:30,Gym,38
2026-09-24,Thu,13:00,Gym,27
2026-09-24,Thu,13:30,Gym,31
2026-09-24,Thu,08:00,Computer_Room,19
2026-09-24,Thu,08:30,Computer_Room,23
2026-09-24,Thu,09:00,Computer_Room,18
2026-09-24,Thu,09:30,Computer_Room,27
2026-09-24,Thu,10:00,Computer_Room,22
2026-09-24,Thu,10:30,Computer_Room,26
2026-09-24,Thu,11:00,Computer_Room,36
2026-09-24,Thu,11:30,Computer_Room,31
2026-09-24,Thu,12:00,Computer_Room,35
2026-09-24,Thu,12:30,Computer_Room,30
2026-09-24,Thu,13:00,Computer_Room,28
2026-09-24,Thu,13:30,Computer_Room,23
2026-09-24,Thu,08:00,Science_Lab,15
2026-09-24,Thu,08:30,Science_Lab,10
2026-09-24,Thu,09:00,Science_Lab,14
2026-09-24,Thu,09:30,Science_Lab,14
2026-09-24,Thu,10:00,Science_Lab,18
2026-09-24,Thu,10:30,Science_Lab,22
2026-09-24,Thu,11:00,Science_Lab,23
2026-09-24,Thu,11:30,Science_Lab,27
2026-09-24,Thu,12:00,Science_Lab,22
2026-09-24,Thu,12:30,Science_Lab,26
2026-09-24,Thu,13:00,Science_Lab,15
2026-09-24,Thu,13:30,Science_Lab,19
2026-09-24,Thu,08:00,Art_Room,8
2026-09-24,Thu,08:30,Art_Room,12
2026-09-24,Thu,09:00,Art_Room,7
2026-09-24,Thu,09:30,Art_Room,16
2026-09-24,Thu,10:00,Art_Room,20
2026-09-24,Thu,10:30,Art_Room,15
2026-09-24,Thu,11:00,Art_Room,25
2026-09-24,Thu,11:30,Art_Room,20
2026-09-24,Thu,12:00,Art_Room,24
2026-09-24,Thu,12:30,Art_Room,19
2026-09-24,Thu,13:00,Art_Room,17
2026-09-24,Thu,13:30,Art_Room,12
2026-09-24,Thu,08:00,Music_Room,16
2026-09-24,Thu,08:30,Music_Room,11
2026-09-24,Thu,09:00,Music_Room,15
2026-09-24,Thu,09:30,Music_Room,24
2026-09-24,Thu,10:00,Music_Room,19
2026-09-24,Thu,10:30,Music_Room,23
2026-09-24,Thu,11:00,Music_Room,24
2026-09-24,Thu,11:30,Music_Room,28
2026-09-24,Thu,12:00,Music_Room,23
2026-09-24,Thu,12:30,Music_Room,27
2026-09-24,Thu,13:00,Music_Room,16
2026-09-24,Thu,13:30,Music_Room,20
2026-09-25,Fri,08:00,Library,20
2026-09-25,Fri,08:30,Library,24
2026-09-25,Fri,09:00,Library,19
2026-09-25,Fri,09:30,Library,28
2026-09-25,Fri,10:00,Library,23
2026-09-25,Fri,10:30,Library,27
2026-09-25,Fri,11:00,Library,37
2026-09-25,Fri,11:30,Library,32
2026-09-25,Fri,12:00,Library,36
2026-09-25,Fri,12:30,Library,31
2026-09-25,Fri,13:00,Library,29
2026-09-25,Fri,13:30,Library,24
2026-09-25,Fri,08:00,Gym,30
2026-09-25,Fri,08:30,Gym,25
2026-09-25,Fri,09:00,Gym,29
2026-09-25,Fri,09:30,Gym,29
2026-09-25,Fri,10:00,Gym,33
2026-09-25,Fri,10:30,Gym,37
2026-09-25,Fri,11:00,Gym,38
2026-09-25,Fri,11:30,Gym,42
2026-09-25,Fri,12:00,Gym,37
2026-09-25,Fri,12:30,Gym,41
2026-09-25,Fri,13:00,Gym,30
2026-09-25,Fri,13:30,Gym,34
2026-09-25,Fri,08:00,Computer_Room,22
2026-09-25,Fri,08:30,Computer_Room,26
2026-09-25,Fri,09:00,Computer_Room,21
2026-09-25,Fri,09:30,Computer_Room,30
2026-09-25,Fri,10:00,Computer_Room,34
2026-09-25,Fri,10:30,Computer_Room,29
2026-09-25,Fri,11:00,Computer_Room,39
2026-09-25,Fri,11:30,Computer_Room,34
2026-09-25,Fri,12:00,Computer_Room,38
2026-09-25,Fri,12:30,Computer_Room,33
2026-09-25,Fri,13:00,Computer_Room,31
2026-09-25,Fri,13:30,Computer_Room,26
2026-09-25,Fri,08:00,Science_Lab,18
2026-09-25,Fri,08:30,Science_Lab,13
2026-09-25,Fri,09:00,Science_Lab,17
2026-09-25,Fri,09:30,Science_Lab,26
2026-09-25,Fri,10:00,Science_Lab,21
2026-09-25,Fri,10:30,Science_Lab,25
2026-09-25,Fri,11:00,Science_Lab,26
2026-09-25,Fri,11:30,Science_Lab,30
2026-09-25,Fri,12:00,Science_Lab,25
2026-09-25,Fri,12:30,Science_Lab,29
2026-09-25,Fri,13:00,Science_Lab,18
2026-09-25,Fri,13:30,Science_Lab,22
2026-09-25,Fri,08:00,Art_Room,11
2026-09-25,Fri,08:30,Art_Room,15
2026-09-25,Fri,09:00,Art_Room,19
2026-09-25,Fri,09:30,Art_Room,19
2026-09-25,Fri,10:00,Art_Room,23
2026-09-25,Fri,10:30,Art_Room,18
2026-09-25,Fri,11:00,Art_Room,28
2026-09-25,Fri,11:30,Art_Room,23
2026-09-25,Fri,12:00,Art_Room,27
2026-09-25,Fri,12:30,Art_Room,22
2026-09-25,Fri,13:00,Art_Room,20
2026-09-25,Fri,13:30,Art_Room,24
2026-09-25,Fri,08:00,Music_Room,19
2026-09-25,Fri,08:30,Music_Room,23
2026-09-25,Fri,09:00,Music_Room,18
2026-09-25,Fri,09:30,Music_Room,27
2026-09-25,Fri,10:00,Music_Room,22
2026-09-25,Fri,10:30,Music_Room,26
2026-09-25,Fri,11:00,Music_Room,27
2026-09-25,Fri,11:30,Music_Room,31
2026-09-25,Fri,12:00,Music_Room,26
2026-09-25,Fri,12:30,Music_Room,30
2026-09-25,Fri,13:00,Music_Room,28
2026-09-25,Fri,13:30,Music_Room,23
2026-09-28,Mon,08:00,Library,15
2026-09-28,Mon,08:30,Library,19
2026-09-28,Mon,09:00,Library,14
2026-09-28,Mon,09:30,Library,23
2026-09-28,Mon,10:00,Library,27
2026-09-28,Mon,10:30,Library,22
2026-09-28,Mon,11:00,Library,32
2026-09-28,Mon,11:30,Library,27
2026-09-28,Mon,12:00,Library,31
2026-09-28,Mon,12:30,Library,26
2026-09-28,Mon,13:00,Library,24
2026-09-28,Mon,13:30,Library,19
2026-09-28,Mon,08:00,Gym,25
2026-09-28,Mon,08:30,Gym,20
2026-09-28,Mon,09:00,Gym,24
2026-09-28,Mon,09:30,Gym,33
2026-09-28,Mon,10:00,Gym,28
2026-09-28,Mon,10:30,Gym,32
2026-09-28,Mon,11:00,Gym,33
2026-09-28,Mon,11:30,Gym,37
2026-09-28,Mon,12:00,Gym,32
2026-09-28,Mon,12:30,Gym,36
2026-09-28,Mon,13:00,Gym,25
2026-09-28,Mon,13:30,Gym,29
2026-09-28,Mon,08:00,Computer_Room,17
2026-09-28,Mon,08:30,Computer_Room,21
2026-09-28,Mon,09:00,Computer_Room,25
2026-09-28,Mon,09:30,Computer_Room,25
2026-09-28,Mon,10:00,Computer_Room,29
2026-09-28,Mon,10:30,Computer_Room,24
2026-09-28,Mon,11:00,Computer_Room,34
2026-09-28,Mon,11:30,Computer_Room,29
2026-09-28,Mon,12:00,Computer_Room,33
2026-09-28,Mon,12:30,Computer_Room,28
2026-09-28,Mon,13:00,Computer_Room,26
2026-09-28,Mon,13:30,Computer_Room,30
2026-09-28,Mon,08:00,Science_Lab,13
2026-09-28,Mon,08:30,Science_Lab,17
2026-09-28,Mon,09:00,Science_Lab,12
2026-09-28,Mon,09:30,Science_Lab,21
2026-09-28,Mon,10:00,Science_Lab,16
2026-09-28,Mon,10:30,Science_Lab,20
2026-09-28,Mon,11:00,Science_Lab,21
2026-09-28,Mon,11:30,Science_Lab,25
2026-09-28,Mon,12:00,Science_Lab,20
2026-09-28,Mon,12:30,Science_Lab,24
2026-09-28,Mon,13:00,Science_Lab,22
2026-09-28,Mon,13:30,Science_Lab,17
2026-09-28,Mon,08:00,Art_Room,15
2026-09-28,Mon,08:30,Art_Room,10
2026-09-28,Mon,09:00,Art_Room,14
2026-09-28,Mon,09:30,Art_Room,14
2026-09-28,Mon,10:00,Art_Room,18
2026-09-28,Mon,10:30,Art_Room,13
2026-09-28,Mon,11:00,Art_Room,23
2026-09-28,Mon,11:30,Art_Room,18
2026-09-28,Mon,12:00,Art_Room,22
2026-09-28,Mon,12:30,Art_Room,26
2026-09-28,Mon,13:00,Art_Room,15
2026-09-28,Mon,13:30,Art_Room,19
2026-09-28,Mon,08:00,Music_Room,14
2026-09-28,Mon,08:30,Music_Room,18
2026-09-28,Mon,09:00,Music_Room,13
2026-09-28,Mon,09:30,Music_Room,22
2026-09-28,Mon,10:00,Music_Room,17
2026-09-28,Mon,10:30,Music_Room,21
2026-09-28,Mon,11:00,Music_Room,22
2026-09-28,Mon,11:30,Music_Room,26
2026-09-28,Mon,12:00,Music_Room,30
2026-09-28,Mon,12:30,Music_Room,25
2026-09-28,Mon,13:00,Music_Room,23
2026-09-28,Mon,13:30,Music_Room,18
2026-09-29,Tue,08:00,Library,14
2026-09-29,Tue,08:30,Library,18
2026-09-29,Tue,09:00,Library,22
2026-09-29,Tue,09:30,Library,22
2026-09-29,Tue,10:00,Library,26
2026-09-29,Tue,10:30,Library,21
2026-09-29,Tue,11:00,Library,31
2026-09-29,Tue,11:30,Library,26
2026-09-29,Tue,12:00,Library,30
2026-09-29,Tue,12:30,Library,25
2026-09-29,Tue,13:00,Library,23
2026-09-29,Tue,13:30,Library,27
2026-09-29,Tue,08:00,Gym,24
2026-09-29,Tue,08:30,Gym,28
2026-09-29,Tue,09:00,Gym,23
2026-09-29,Tue,09:30,Gym,32
2026-09-29,Tue,10:00,Gym,27
2026-09-29,Tue,10:30,Gym,31
2026-09-29,Tue,11:00,Gym,32
2026-09-29,Tue,11:30,Gym,36
2026-09-29,Tue,12:00,Gym,31
2026-09-29,Tue,12:30,Gym,35
2026-09-29,Tue,13:00,Gym,33
2026-09-29,Tue,13:30,Gym,28
2026-09-29,Tue,08:00,Computer_Room,25
2026-09-29,Tue,08:30,Computer_Room,20
2026-09-29,Tue,09:00,Computer_Room,24
2026-09-29,Tue,09:30,Computer_Room,24
2026-09-29,Tue,10:00,Computer_Room,28
2026-09-29,Tue,10:30,Computer_Room,23
2026-09-29,Tue,11:00,Computer_Room,33
2026-09-29,Tue,11:30,Computer_Room,28
2026-09-29,Tue,12:00,Computer_Room,32
2026-09-29,Tue,12:30,Computer_Room,36
2026-09-29,Tue,13:00,Computer_Room,25
2026-09-29,Tue,13:30,Computer_Room,29
2026-09-29,Tue,08:00,Science_Lab,12
2026-09-29,Tue,08:30,Science_Lab,16
2026-09-29,Tue,09:00,Science_Lab,11
2026-09-29,Tue,09:30,Science_Lab,20
2026-09-29,Tue,10:00,Science_Lab,15
2026-09-29,Tue,10:30,Science_Lab,19
2026-09-29,Tue,11:00,Science_Lab,20
2026-09-29,Tue,11:30,Science_Lab,24
2026-09-29,Tue,12:00,Science_Lab,28
2026-09-29,Tue,12:30,Science_Lab,23
2026-09-29,Tue,13:00,Science_Lab,21
2026-09-29,Tue,13:30,Science_Lab,16
2026-09-29,Tue,08:00,Art_Room,14
2026-09-29,Tue,08:30,Art_Room,9
2026-09-29,Tue,09:00,Art_Room,13
2026-09-29,Tue,09:30,Art_Room,13
2026-09-29,Tue,10:00,Art_Room,17
2026-09-29,Tue,10:30,Art_Room,12
2026-09-29,Tue,11:00,Art_Room,22
2026-09-29,Tue,11:30,Art_Room,26
2026-09-29,Tue,12:00,Art_Room,21
2026-09-29,Tue,12:30,Art_Room,25
2026-09-29,Tue,13:00,Art_Room,14
2026-09-29,Tue,13:30,Art_Room,18
2026-09-29,Tue,08:00,Music_Room,13
2026-09-29,Tue,08:30,Music_Room,17
2026-09-29,Tue,09:00,Music_Room,12
2026-09-29,Tue,09:30,Music_Room,21
2026-09-29,Tue,10:00,Music_Room,16
2026-09-29,Tue,10:30,Music_Room,20
2026-09-29,Tue,11:00,Music_Room,30
2026-09-29,Tue,11:30,Music_Room,25
2026-09-29,Tue,12:00,Music_Room,29
2026-09-29,Tue,12:30,Music_Room,24
2026-09-29,Tue,13:00,Music_Room,22
2026-09-29,Tue,13:30,Music_Room,17
2026-09-30,Wed,08:00,Library,22
2026-09-30,Wed,08:30,Library,17
2026-09-30,Wed,09:00,Library,21
2026-09-30,Wed,09:30,Library,21
2026-09-30,Wed,10:00,Library,25
2026-09-30,Wed,10:30,Library,20
2026-09-30,Wed,11:00,Library,30
2026-09-30,Wed,11:30,Library,25
2026-09-30,Wed,12:00,Library,29
2026-09-30,Wed,12:30,Library,33
2026-09-30,Wed,13:00,Library,22
2026-09-30,Wed,13:30,Library,26
2026-09-30,Wed,08:00,Gym,23
2026-09-30,Wed,08:30,Gym,27
2026-09-30,Wed,09:00,Gym,22
2026-09-30,Wed,09:30,Gym,31
2026-09-30,Wed,10:00,Gym,26
2026-09-30,Wed,10:30,Gym,30
2026-09-30,Wed,11:00,Gym,31
2026-09-30,Wed,11:30,Gym,35
2026-09-30,Wed,12:00,Gym,39
2026-09-30,Wed,12:30,Gym,34
2026-09-30,Wed,13:00,Gym,32
2026-09-30,Wed,13:30,Gym,27
2026-09-30,Wed,08:00,Computer_Room,24
2026-09-30,Wed,08:30,Computer_Room,19
2026-09-30,Wed,09:00,Computer_Room,23
2026-09-30,Wed,09:30,Computer_Room,23
2026-09-30,Wed,10:00,Computer_Room,27
2026-09-30,Wed,10:30,Computer_Room,22
2026-09-30,Wed,11:00,Computer_Room,32
2026-09-30,Wed,11:30,Computer_Room,36
2026-09-30,Wed,12:00,Computer_Room,31
2026-09-30,Wed,12:30,Computer_Room,35
2026-09-30,Wed,13:00,Computer_Room,24
2026-09-30,Wed,13:30,Computer_Room,28
2026-09-30,Wed,08:00,Science_Lab,11
2026-09-30,Wed,08:30,Science_Lab,15
2026-09-30,Wed,09:00,Science_Lab,10
2026-09-30,Wed,09:30,Science_Lab,19
2026-09-30,Wed,10:00,Science_Lab,14
2026-09-30,Wed,10:30,Science_Lab,18
2026-09-30,Wed,11:00,Science_Lab,28
2026-09-30,Wed,11:30,Science_Lab,23
2026-09-30,Wed,12:00,Science_Lab,27
2026-09-30,Wed,12:30,Science_Lab,22
2026-09-30,Wed,13:00,Science_Lab,20
2026-09-30,Wed,13:30,Science_Lab,15
2026-09-30,Wed,08:00,Art_Room,13
2026-09-30,Wed,08:30,Art_Room,8
2026-09-30,Wed,09:00,Art_Room,12
2026-09-30,Wed,09:30,Art_Room,12
2026-09-30,Wed,10:00,Art_Room,16
2026-09-30,Wed,10:30,Art_Room,20
2026-09-30,Wed,11:00,Art_Room,21
2026-09-30,Wed,11:30,Art_Room,25
2026-09-30,Wed,12:00,Art_Room,20
2026-09-30,Wed,12:30,Art_Room,24
2026-09-30,Wed,13:00,Art_Room,13
2026-09-30,Wed,13:30,Art_Room,17
2026-09-30,Wed,08:00,Music_Room,12
2026-09-30,Wed,08:30,Music_Room,16
2026-09-30,Wed,09:00,Music_Room,11
2026-09-30,Wed,09:30,Music_Room,20
2026-09-30,Wed,10:00,Music_Room,24
2026-09-30,Wed,10:30,Music_Room,19
2026-09-30,Wed,11:00,Music_Room,29
2026-09-30,Wed,11:30,Music_Room,24
2026-09-30,Wed,12:00,Music_Room,28
2026-09-30,Wed,12:30,Music_Room,23
2026-09-30,Wed,13:00,Music_Room,21
2026-09-30,Wed,13:30,Music_Room,16
2026-10-01,Thu,08:00,Library,21
2026-10-01,Thu,08:30,Library,16
2026-10-01,Thu,09:00,Library,20
2026-10-01,Thu,09:30,Library,20
2026-10-01,Thu,10:00,Library,24
2026-10-01,Thu,10:30,Library,19
2026-10-01,Thu,11:00,Library,29
2026-10-01,Thu,11:30,Library,33
2026-10-01,Thu,12:00,Library,28
2026-10-01,Thu,12:30,Library,32
2026-10-01,Thu,13:00,Library,21
2026-10-01,Thu,13:30,Library,25
2026-10-01,Thu,08:00,Gym,22
2026-10-01,Thu,08:30,Gym,26
2026-10-01,Thu,09:00,Gym,21
2026-10-01,Thu,09:30,Gym,30
2026-10-01,Thu,10:00,Gym,25
2026-10-01,Thu,10:30,Gym,29
2026-10-01,Thu,11:00,Gym,39
2026-10-01,Thu,11:30,Gym,34
2026-10-01,Thu,12:00,Gym,38
2026-10-01,Thu,12:30,Gym,33
2026-10-01,Thu,13:00,Gym,31
2026-10-01,Thu,13:30,Gym,26
2026-10-01,Thu,08:00,Computer_Room,23
2026-10-01,Thu,08:30,Computer_Room,18
2026-10-01,Thu,09:00,Computer_Room,22
2026-10-01,Thu,09:30,Computer_Room,22
2026-10-01,Thu,10:00,Computer_Room,26
2026-10-01,Thu,10:30,Computer_Room,30
2026-10-01,Thu,11:00,Computer_Room,31
2026-10-01,Thu,11:30,Computer_Room,35
2026-10-01,Thu,12:00,Computer_Room,30
2026-10-01,Thu,12:30,Computer_Room,34
2026-10-01,Thu,13:00,Computer_Room,23
2026-10-01,Thu,13:30,Computer_Room,27
2026-10-01,Thu,08:00,Science_Lab,10
2026-10-01,Thu,08:30,Science_Lab,14
2026-10-01,Thu,09:00,Science_Lab,9
2026-10-01,Thu,09:30,Science_Lab,18
2026-10-01,Thu,10:00,Science_Lab,22
2026-10-01,Thu,10:30,Science_Lab,17
2026-10-01,Thu,11:00,Science_Lab,27
2026-10-01,Thu,11:30,Science_Lab,22
2026-10-01,Thu,12:00,Science_Lab,26
2026-10-01,Thu,12:30,Science_Lab,21
2026-10-01,Thu,13:00,Science_Lab,19
2026-10-01,Thu,13:30,Science_Lab,14
2026-10-01,Thu,08:00,Art_Room,12
2026-10-01,Thu,08:30,Art_Room,7
2026-10-01,Thu,09:00,Art_Room,11
2026-10-01,Thu,09:30,Art_Room,20
2026-10-01,Thu,10:00,Art_Room,15
2026-10-01,Thu,10:30,Art_Room,19
2026-10-01,Thu,11:00,Art_Room,20
2026-10-01,Thu,11:30,Art_Room,24
2026-10-01,Thu,12:00,Art_Room,19
2026-10-01,Thu,12:30,Art_Room,23
2026-10-01,Thu,13:00,Art_Room,12
2026-10-01,Thu,13:30,Art_Room,16
2026-10-01,Thu,08:00,Music_Room,11
2026-10-01,Thu,08:30,Music_Room,15
2026-10-01,Thu,09:00,Music_Room,19
2026-10-01,Thu,09:30,Music_Room,19
2026-10-01,Thu,10:00,Music_Room,23
2026-10-01,Thu,10:30,Music_Room,18
2026-10-01,Thu,11:00,Music_Room,28
2026-10-01,Thu,11:30,Music_Room,23
2026-10-01,Thu,12:00,Music_Room,27
2026-10-01,Thu,12:30,Music_Room,22
2026-10-01,Thu,13:00,Music_Room,20
2026-10-01,Thu,13:30,Music_Room,24
2026-10-02,Fri,08:00,Library,24
2026-10-02,Fri,08:30,Library,19
2026-10-02,Fri,09:00,Library,23
2026-10-02,Fri,09:30,Library,23
2026-10-02,Fri,10:00,Library,27
2026-10-02,Fri,10:30,Library,31
2026-10-02,Fri,11:00,Library,32
2026-10-02,Fri,11:30,Library,36
2026-10-02,Fri,12:00,Library,31
2026-10-02,Fri,12:30,Library,35
2026-10-02,Fri,13:00,Library,24
2026-10-02,Fri,13:30,Library,28
2026-10-02,Fri,08:00,Gym,25
2026-10-02,Fri,08:30,Gym,29
2026-10-02,Fri,09:00,Gym,24
2026-10-02,Fri,09:30,Gym,33
2026-10-02,Fri,10:00,Gym,37
2026-10-02,Fri,10:30,Gym,32
2026-10-02,Fri,11:00,Gym,42
2026-10-02,Fri,11:30,Gym,37
2026-10-02,Fri,12:00,Gym,41
2026-10-02,Fri,12:30,Gym,36
2026-10-02,Fri,13:00,Gym,34
2026-10-02,Fri,13:30,Gym,29
2026-10-02,Fri,08:00,Computer_Room,26
2026-10-02,Fri,08:30,Computer_Room,21
2026-10-02,Fri,09:00,Computer_Room,25
2026-10-02,Fri,09:30,Computer_Room,34
2026-10-02,Fri,10:00,Computer_Room,29
2026-10-02,Fri,10:30,Computer_Room,33
2026-10-02,Fri,11:00,Computer_Room,34
2026-10-02,Fri,11:30,Computer_Room,38
2026-10-02,Fri,12:00,Computer_Room,33
2026-10-02,Fri,12:30,Computer_Room,37
2026-10-02,Fri,13:00,Computer_Room,26
2026-10-02,Fri,13:30,Computer_Room,30
2026-10-02,Fri,08:00,Science_Lab,13
2026-10-02,Fri,08:30,Science_Lab,17
2026-10-02,Fri,09:00,Science_Lab,21
2026-10-02,Fri,09:30,Science_Lab,21
2026-10-02,Fri,10:00,Science_Lab,25
2026-10-02,Fri,10:30,Science_Lab,20
2026-10-02,Fri,11:00,Science_Lab,30
2026-10-02,Fri,11:30,Science_Lab,25
2026-10-02,Fri,12:00,Science_Lab,29
2026-10-02,Fri,12:30,Science_Lab,24
2026-10-02,Fri,13:00,Science_Lab,22
2026-10-02,Fri,13:30,Science_Lab,26
2026-10-02,Fri,08:00,Art_Room,15
2026-10-02,Fri,08:30,Art_Room,19
2026-10-02,Fri,09:00,Art_Room,14
2026-10-02,Fri,09:30,Art_Room,23
2026-10-02,Fri,10:00,Art_Room,18
2026-10-02,Fri,10:30,Art_Room,22
2026-10-02,Fri,11:00,Art_Room,23
2026-10-02,Fri,11:30,Art_Room,27
2026-10-02,Fri,12:00,Art_Room,22
2026-10-02,Fri,12:30,Art_Room,26
2026-10-02,Fri,13:00,Art_Room,24
2026-10-02,Fri,13:30,Art_Room,19
2026-10-02,Fri,08:00,Music_Room,23
2026-10-02,Fri,08:30,Music_Room,18
2026-10-02,Fri,09:00,Music_Room,22
2026-10-02,Fri,09:30,Music_Room,22
2026-10-02,Fri,10:00,Music_Room,26
2026-10-02,Fri,10:30,Music_Room,21
2026-10-02,Fri,11:00,Music_Room,31
2026-10-02,Fri,11:30,Music_Room,26
2026-10-02,Fri,12:00,Music_Room,30
2026-10-02,Fri,12:30,Music_Room,34
2026-10-02,Fri,13:00,Music_Room,23
2026-10-02,Fri,13:30,Music_Room,27
2026-10-05,Mon,08:00,Library,19
2026-10-05,Mon,08:30,Library,14
2026-10-05,Mon,09:00,Library,18
2026-10-05,Mon,09:30,Library,27
2026-10-05,Mon,10:00,Library,22
2026-10-05,Mon,10:30,Library,26
2026-10-05,Mon,11:00,Library,27
2026-10-05,Mon,11:30,Library,31
2026-10-05,Mon,12:00,Library,26
2026-10-05,Mon,12:30,Library,30
2026-10-05,Mon,13:00,Library,19
2026-10-05,Mon,13:30,Library,23
2026-10-05,Mon,08:00,Gym,20
2026-10-05,Mon,08:30,Gym,24
2026-10-05,Mon,09:00,Gym,28
2026-10-05,Mon,09:30,Gym,28
2026-10-05,Mon,10:00,Gym,32
2026-10-05,Mon,10:30,Gym,27
2026-10-05,Mon,11:00,Gym,37
2026-10-05,Mon,11:30,Gym,32
2026-10-05,Mon,12:00,Gym,36
2026-10-05,Mon,12:30,Gym,31
2026-10-05,Mon,13:00,Gym,29
2026-10-05,Mon,13:30,Gym,33
2026-10-05,Mon,08:00,Computer_Room,21
2026-10-05,Mon,08:30,Computer_Room,25
2026-10-05,Mon,09:00,Computer_Room,20
2026-10-05,Mon,09:30,Computer_Room,29
2026-10-05,Mon,10:00,Computer_Room,24
2026-10-05,Mon,10:30,Computer_Room,28
2026-10-05,Mon,11:00,Computer_Room,29
2026-10-05,Mon,11:30,Computer_Room,33
2026-10-05,Mon,12:00,Computer_Room,28
2026-10-05,Mon,12:30,Computer_Room,32
2026-10-05,Mon,13:00,Computer_Room,30
2026-10-05,Mon,13:30,Computer_Room,25
2026-10-05,Mon,08:00,Science_Lab,17
2026-10-05,Mon,08:30,Science_Lab,12
2026-10-05,Mon,09:00,Science_Lab,16
2026-10-05,Mon,09:30,Science_Lab,16
2026-10-05,Mon,10:00,Science_Lab,20
2026-10-05,Mon,10:30,Science_Lab,15
2026-10-05,Mon,11:00,Science_Lab,25
2026-10-05,Mon,11:30,Science_Lab,20
2026-10-05,Mon,12:00,Science_Lab,24
2026-10-05,Mon,12:30,Science_Lab,28
2026-10-05,Mon,13:00,Science_Lab,17
2026-10-05,Mon,13:30,Science_Lab,21
2026-10-05,Mon,08:00,Art_Room,10
2026-10-05,Mon,08:30,Art_Room,14
2026-10-05,Mon,09:00,Art_Room,9
2026-10-05,Mon,09:30,Art_Room,18
2026-10-05,Mon,10:00,Art_Room,13
2026-10-05,Mon,10:30,Art_Room,17
2026-10-05,Mon,11:00,Art_Room,18
2026-10-05,Mon,11:30,Art_Room,22
2026-10-05,Mon,12:00,Art_Room,26
2026-10-05,Mon,12:30,Art_Room,21
2026-10-05,Mon,13:00,Art_Room,19
2026-10-05,Mon,13:30,Art_Room,14
2026-10-05,Mon,08:00,Music_Room,18
2026-10-05,Mon,08:30,Music_Room,13
2026-10-05,Mon,09:00,Music_Room,17
2026-10-05,Mon,09:30,Music_Room,17
2026-10-05,Mon,10:00,Music_Room,21
2026-10-05,Mon,10:30,Music_Room,16
2026-10-05,Mon,11:00,Music_Room,26
2026-10-05,Mon,11:30,Music_Room,30
2026-10-05,Mon,12:00,Music_Room,25
2026-10-05,Mon,12:30,Music_Room,29
2026-10-05,Mon,13:00,Music_Room,18
2026-10-05,Mon,13:30,Music_Room,22
2026-10-06,Tue,08:00,Library,18
2026-10-06,Tue,08:30,Library,22
2026-10-06,Tue,09:00,Library,17
2026-10-06,Tue,09:30,Library,26
2026-10-06,Tue,10:00,Library,21
2026-10-06,Tue,10:30,Library,25
2026-10-06,Tue,11:00,Library,26
2026-10-06,Tue,11:30,Library,30
2026-10-06,Tue,12:00,Library,25
2026-10-06,Tue,12:30,Library,29
2026-10-06,Tue,13:00,Library,27
2026-10-06,Tue,13:30,Library,22
2026-10-06,Tue,08:00,Gym,28
2026-10-06,Tue,08:30,Gym,23
2026-10-06,Tue,09:00,Gym,27
2026-10-06,Tue,09:30,Gym,27
2026-10-06,Tue,10:00,Gym,31
2026-10-06,Tue,10:30,Gym,26
2026-10-06,Tue,11:00,Gym,36
2026-10-06,Tue,11:30,Gym,31
2026-10-06,Tue,12:00,Gym,35
2026-10-06,Tue,12:30,Gym,39
2026-10-06,Tue,13:00,Gym,28
2026-10-06,Tue,13:30,Gym,32
2026-10-06,Tue,08:00,Computer_Room,20
2026-10-06,Tue,08:30,Computer_Room,24
2026-10-06,Tue,09:00,Computer_Room,19
2026-10-06,Tue,09:30,Computer_Room,28
2026-10-06,Tue,10:00,Computer_Room,23
2026-10-06,Tue,10:30,Computer_Room,27
2026-10-06,Tue,11:00,Computer_Room,28
2026-10-06,Tue,11:30,Computer_Room,32
2026-10-06,Tue,12:00,Computer_Room,36
2026-10-06,Tue,12:30,Computer_Room,31
2026-10-06,Tue,13:00,Computer_Room,29
2026-10-06,Tue,13:30,Computer_Room,24
2026-10-06,Tue,08:00,Science_Lab,16
2026-10-06,Tue,08:30,Science_Lab,11
2026-10-06,Tue,09:00,Science_Lab,15
2026-10-06,Tue,09:30,Science_Lab,15
2026-10-06,Tue,10:00,Science_Lab,19
2026-10-06,Tue,10:30,Science_Lab,14
2026-10-06,Tue,11:00,Science_Lab,24
2026-10-06,Tue,11:30,Science_Lab,28
2026-10-06,Tue,12:00,Science_Lab,23
2026-10-06,Tue,12:30,Science_Lab,27
2026-10-06,Tue,13:00,Science_Lab,16
2026-10-06,Tue,13:30,Science_Lab,20
2026-10-06,Tue,08:00,Art_Room,9
2026-10-06,Tue,08:30,Art_Room,13
2026-10-06,Tue,09:00,Art_Room,8
2026-10-06,Tue,09:30,Art_Room,17
2026-10-06,Tue,10:00,Art_Room,12
2026-10-06,Tue,10:30,Art_Room,16
2026-10-06,Tue,11:00,Art_Room,26
2026-10-06,Tue,11:30,Art_Room,21
2026-10-06,Tue,12:00,Art_Room,25
2026-10-06,Tue,12:30,Art_Room,20
2026-10-06,Tue,13:00,Art_Room,18
2026-10-06,Tue,13:30,Art_Room,13
2026-10-06,Tue,08:00,Music_Room,17
2026-10-06,Tue,08:30,Music_Room,12
2026-10-06,Tue,09:00,Music_Room,16
2026-10-06,Tue,09:30,Music_Room,16
2026-10-06,Tue,10:00,Music_Room,20
2026-10-06,Tue,10:30,Music_Room,24
2026-10-06,Tue,11:00,Music_Room,25
2026-10-06,Tue,11:30,Music_Room,29
2026-10-06,Tue,12:00,Music_Room,24
2026-10-06,Tue,12:30,Music_Room,28
2026-10-06,Tue,13:00,Music_Room,17
2026-10-06,Tue,13:30,Music_Room,21
2026-10-07,Wed,08:00,Library,17
2026-10-07,Wed,08:30,Library,21
2026-10-07,Wed,09:00,Library,16
2026-10-07,Wed,09:30,Library,25
2026-10-07,Wed,10:00,Library,20
2026-10-07,Wed,10:30,Library,24
2026-10-07,Wed,11:00,Library,25
2026-10-07,Wed,11:30,Library,29
2026-10-07,Wed,12:00,Library,33
2026-10-07,Wed,12:30,Library,28
2026-10-07,Wed,13:00,Library,26
2026-10-07,Wed,13:30,Library,21
2026-10-07,Wed,08:00,Gym,27
2026-10-07,Wed,08:30,Gym,22
2026-10-07,Wed,09:00,Gym,26
2026-10-07,Wed,09:30,Gym,26
2026-10-07,Wed,10:00,Gym,30
2026-10-07,Wed,10:30,Gym,25
2026-10-07,Wed,11:00,Gym,35
2026-10-07,Wed,11:30,Gym,39
2026-10-07,Wed,12:00,Gym,34
2026-10-07,Wed,12:30,Gym,38
2026-10-07,Wed,13:00,Gym,27
2026-10-07,Wed,13:30,Gym,31
2026-10-07,Wed,08:00,Computer_Room,19
2026-10-07,Wed,08:30,Computer_Room,23
2026-10-07,Wed,09:00,Computer_Room,18
2026-10-07,Wed,09:30,Computer_Room,27
2026-10-07,Wed,10:00,Computer_Room,22
2026-10-07,Wed,10:30,Computer_Room,26
2026-10-07,Wed,11:00,Computer_Room,36
2026-10-07,Wed,11:30,Computer_Room,31
2026-10-07,Wed,12:00,Computer_Room,35
2026-10-07,Wed,12:30,Computer_Room,30
2026-10-07,Wed,13:00,Computer_Room,28
2026-10-07,Wed,13:30,Computer_Room,23
2026-10-07,Wed,08:00,Science_Lab,15
2026-10-07,Wed,08:30,Science_Lab,10
2026-10-07,Wed,09:00,Science_Lab,14
2026-10-07,Wed,09:30,Science_Lab,14
2026-10-07,Wed,10:00,Science_Lab,18
2026-10-07,Wed,10:30,Science_Lab,22
2026-10-07,Wed,11:00,Science_Lab,23
2026-10-07,Wed,11:30,Science_Lab,27
2026-10-07,Wed,12:00,Science_Lab,22
2026-10-07,Wed,12:30,Science_Lab,26
2026-10-07,Wed,13:00,Science_Lab,15
2026-10-07,Wed,13:30,Science_Lab,19
2026-10-07,Wed,08:00,Art_Room,8
2026-10-07,Wed,08:30,Art_Room,12
2026-10-07,Wed,09:00,Art_Room,7
2026-10-07,Wed,09:30,Art_Room,16
2026-10-07,Wed,10:00,Art_Room,20
2026-10-07,Wed,10:30,Art_Room,15
2026-10-07,Wed,11:00,Art_Room,25
2026-10-07,Wed,11:30,Art_Room,20
2026-10-07,Wed,12:00,Art_Room,24
2026-10-07,Wed,12:30,Art_Room,19
2026-10-07,Wed,13:00,Art_Room,17
2026-10-07,Wed,13:30,Art_Room,12
2026-10-07,Wed,08:00,Music_Room,16
2026-10-07,Wed,08:30,Music_Room,11
2026-10-07,Wed,09:00,Music_Room,15
2026-10-07,Wed,09:30,Music_Room,24
2026-10-07,Wed,10:00,Music_Room,19
2026-10-07,Wed,10:30,Music_Room,23
2026-10-07,Wed,11:00,Music_Room,24
2026-10-07,Wed,11:30,Music_Room,28
2026-10-07,Wed,12:00,Music_Room,23
2026-10-07,Wed,12:30,Music_Room,27
2026-10-07,Wed,13:00,Music_Room,16
2026-10-07,Wed,13:30,Music_Room,20
2026-10-08,Thu,08:00,Library,16
2026-10-08,Thu,08:30,Library,20
2026-10-08,Thu,09:00,Library,15
2026-10-08,Thu,09:30,Library,24
2026-10-08,Thu,10:00,Library,19
2026-10-08,Thu,10:30,Library,23
2026-10-08,Thu,11:00,Library,33
2026-10-08,Thu,11:30,Library,28
2026-10-08,Thu,12:00,Library,32
2026-10-08,Thu,12:30,Library,27
2026-10-08,Thu,13:00,Library,25
2026-10-08,Thu,13:30,Library,20
2026-10-08,Thu,08:00,Gym,26
2026-10-08,Thu,08:30,Gym,21
2026-10-08,Thu,09:00,Gym,25
2026-10-08,Thu,09:30,Gym,25
2026-10-08,Thu,10:00,Gym,29
2026-10-08,Thu,10:30,Gym,33
2026-10-08,Thu,11:00,Gym,34
2026-10-08,Thu,11:30,Gym,38
2026-10-08,Thu,12:00,Gym,33
2026-10-08,Thu,12:30,Gym,37
2026-10-08,Thu,13:00,Gym,26
2026-10-08,Thu,13:30,Gym,30
2026-10-08,Thu,08:00,Computer_Room,18
2026-10-08,Thu,08:30,Computer_Room,22
2026-10-08,Thu,09:00,Computer_Room,17
2026-10-08,Thu,09:30,Computer_Room,26
2026-10-08,Thu,10:00,Computer_Room,30
2026-10-08,Thu,10:30,Computer_Room,25
2026-10-08,Thu,11:00,Computer_Room,35
2026-10-08,Thu,11:30,Computer_Room,30
2026-10-08,Thu,12:00,Computer_Room,34
2026-10-08,Thu,12:30,Computer_Room,29
2026-10-08,Thu,13:00,Computer_Room,27
2026-10-08,Thu,13:30,Computer_Room,22
2026-10-08,Thu,08:00,Science_Lab,14
2026-10-08,Thu,08:30,Science_Lab,9
2026-10-08,Thu,09:00,Science_Lab,13
2026-10-08,Thu,09:30,Science_Lab,22
2026-10-08,Thu,10:00,Science_Lab,17
2026-10-08,Thu,10:30,Science_Lab,21
2026-10-08,Thu,11:00,Science_Lab,22
2026-10-08,Thu,11:30,Science_Lab,26
2026-10-08,Thu,12:00,Science_Lab,21
2026-10-08,Thu,12:30,Science_Lab,25
2026-10-08,Thu,13:00,Science_Lab,14
2026-10-08,Thu,13:30,Science_Lab,18
2026-10-08,Thu,08:00,Art_Room,7
2026-10-08,Thu,08:30,Art_Room,11
2026-10-08,Thu,09:00,Art_Room,15
2026-10-08,Thu,09:30,Art_Room,15
2026-10-08,Thu,10:00,Art_Room,19
2026-10-08,Thu,10:30,Art_Room,14
2026-10-08,Thu,11:00,Art_Room,24
2026-10-08,Thu,11:30,Art_Room,19
2026-10-08,Thu,12:00,Art_Room,23
2026-10-08,Thu,12:30,Art_Room,18
2026-10-08,Thu,13:00,Art_Room,16
2026-10-08,Thu,13:30,Art_Room,20
2026-10-08,Thu,08:00,Music_Room,15
2026-10-08,Thu,08:30,Music_Room,19
2026-10-08,Thu,09:00,Music_Room,14
2026-10-08,Thu,09:30,Music_Room,23
2026-10-08,Thu,10:00,Music_Room,18
2026-10-08,Thu,10:30,Music_Room,22
2026-10-08,Thu,11:00,Music_Room,23
2026-10-08,Thu,11:30,Music_Room,27
2026-10-08,Thu,12:00,Music_Room,22
2026-10-08,Thu,12:30,Music_Room,26
2026-10-08,Thu,13:00,Music_Room,24
2026-10-08,Thu,13:30,Music_Room,19
2026-10-09,Fri,08:00,Library,19
2026-10-09,Fri,08:30,Library,23
2026-10-09,Fri,09:00,Library,18
2026-10-09,Fri,09:30,Library,27
2026-10-09,Fri,10:00,Library,31
2026-10-09,Fri,10:30,Library,26
2026-10-09,Fri,11:00,Library,36
2026-10-09,Fri,11:30,Library,31
2026-10-09,Fri,12:00,Library,35
2026-10-09,Fri,12:30,Library,30
2026-10-09,Fri,13:00,Library,28
2026-10-09,Fri,13:30,Library,23
2026-10-09,Fri,08:00,Gym,29
2026-10-09,Fri,08:30,Gym,24
2026-10-09,Fri,09:00,Gym,28
2026-10-09,Fri,09:30,Gym,37
2026-10-09,Fri,10:00,Gym,32
2026-10-09,Fri,10:30,Gym,36
2026-10-09,Fri,11:00,Gym,37
2026-10-09,Fri,11:30,Gym,41
2026-10-09,Fri,12:00,Gym,36
2026-10-09,Fri,12:30,Gym,40
2026-10-09,Fri,13:00,Gym,29
2026-10-09,Fri,13:30,Gym,33
2026-10-09,Fri,08:00,Computer_Room,21
2026-10-09,Fri,08:30,Computer_Room,25
2026-10-09,Fri,09:00,Computer_Room,29
2026-10-09,Fri,09:30,Computer_Room,29
2026-10-09,Fri,10:00,Computer_Room,33
2026-10-09,Fri,10:30,Computer_Room,28
2026-10-09,Fri,11:00,Computer_Room,38
2026-10-09,Fri,11:30,Computer_Room,33
2026-10-09,Fri,12:00,Computer_Room,37
2026-10-09,Fri,12:30,Computer_Room,32
2026-10-09,Fri,13:00,Computer_Room,30
2026-10-09,Fri,13:30,Computer_Room,34
2026-10-09,Fri,08:00,Science_Lab,17
2026-10-09,Fri,08:30,Science_Lab,21
2026-10-09,Fri,09:00,Science_Lab,16
2026-10-09,Fri,09:30,Science_Lab,25
2026-10-09,Fri,10:00,Science_Lab,20
2026-10-09,Fri,10:30,Science_Lab,24
2026-10-09,Fri,11:00,Science_Lab,25
2026-10-09,Fri,11:30,Science_Lab,29
2026-10-09,Fri,12:00,Science_Lab,24
2026-10-09,Fri,12:30,Science_Lab,28
2026-10-09,Fri,13:00,Science_Lab,26
2026-10-09,Fri,13:30,Science_Lab,21
2026-10-09,Fri,08:00,Art_Room,19
2026-10-09,Fri,08:30,Art_Room,14
2026-10-09,Fri,09:00,Art_Room,18
2026-10-09,Fri,09:30,Art_Room,18
2026-10-09,Fri,10:00,Art_Room,22
2026-10-09,Fri,10:30,Art_Room,17
2026-10-09,Fri,11:00,Art_Room,27
2026-10-09,Fri,11:30,Art_Room,22
2026-10-09,Fri,12:00,Art_Room,26
2026-10-09,Fri,12:30,Art_Room,30
2026-10-09,Fri,13:00,Art_Room,19
2026-10-09,Fri,13:30,Art_Room,23
2026-10-09,Fri,08:00,Music_Room,18
2026-10-09,Fri,08:30,Music_Room,22
2026-10-09,Fri,09:00,Music_Room,17
2026-10-09,Fri,09:30,Music_Room,26
2026-10-09,Fri,10:00,Music_Room,21
2026-10-09,Fri,10:30,Music_Room,25
2026-10-09,Fri,11:00,Music_Room,26
2026-10-09,Fri,11:30,Music_Room,30
2026-10-09,Fri,12:00,Music_Room,34
2026-10-09,Fri,12:30,Music_Room,29
2026-10-09,Fri,13:00,Music_Room,27
2026-10-09,Fri,13:30,Music_Room,22
2026-10-12,Mon,08:00,Library,14
2026-10-12,Mon,08:30,Library,18
2026-10-12,Mon,09:00,Library,22
2026-10-12,Mon,09:30,Library,22
2026-10-12,Mon,10:00,Library,26
2026-10-12,Mon,10:30,Library,21
2026-10-12,Mon,11:00,Library,31
2026-10-12,Mon,11:30,Library,26
2026-10-12,Mon,12:00,Library,30
2026-10-12,Mon,12:30,Library,25
2026-10-12,Mon,13:00,Library,23
2026-10-12,Mon,13:30,Library,27
2026-10-12,Mon,08:00,Gym,24
2026-10-12,Mon,08:30,Gym,28
2026-10-12,Mon,09:00,Gym,23
2026-10-12,Mon,09:30,Gym,32
2026-10-12,Mon,10:00,Gym,27
2026-10-12,Mon,10:30,Gym,31
2026-10-12,Mon,11:00,Gym,32
2026-10-12,Mon,11:30,Gym,36
2026-10-12,Mon,12:00,Gym,31
2026-10-12,Mon,12:30,Gym,35
2026-10-12,Mon,13:00,Gym,33
2026-10-12,Mon,13:30,Gym,28
2026-10-12,Mon,08:00,Computer_Room,25
2026-10-12,Mon,08:30,Computer_Room,20
2026-10-12,Mon,09:00,Computer_Room,24
2026-10-12,Mon,09:30,Computer_Room,24
2026-10-12,Mon,10:00,Computer_Room,28
2026-10-12,Mon,10:30,Computer_Room,23
2026-10-12,Mon,11:00,Computer_Room,33
2026-10-12,Mon,11:30,Computer_Room,28
2026-10-12,Mon,12:00,Computer_Room,32
2026-10-12,Mon,12:30,Computer_Room,36
2026-10-12,Mon,13:00,Computer_Room,25
2026-10-12,Mon,13:30,Computer_Room,29
2026-10-12,Mon,08:00,Science_Lab,12
2026-10-12,Mon,08:30,Science_Lab,16
2026-10-12,Mon,09:00,Science_Lab,11
2026-10-12,Mon,09:30,Science_Lab,20
2026-10-12,Mon,10:00,Science_Lab,15
2026-10-12,Mon,10:30,Science_Lab,19
2026-10-12,Mon,11:00,Science_Lab,20
2026-10-12,Mon,11:30,Science_Lab,24
2026-10-12,Mon,12:00,Science_Lab,28
2026-10-12,Mon,12:30,Science_Lab,23
2026-10-12,Mon,13:00,Science_Lab,21
2026-10-12,Mon,13:30,Science_Lab,16
2026-10-12,Mon,08:00,Art_Room,14
2026-10-12,Mon,08:30,Art_Room,9
2026-10-12,Mon,09:00,Art_Room,13
2026-10-12,Mon,09:30,Art_Room,13
2026-10-12,Mon,10:00,Art_Room,17
2026-10-12,Mon,10:30,Art_Room,12
2026-10-12,Mon,11:00,Art_Room,22
2026-10-12,Mon,11:30,Art_Room,26
2026-10-12,Mon,12:00,Art_Room,21
2026-10-12,Mon,12:30,Art_Room,25
2026-10-12,Mon,13:00,Art_Room,14
2026-10-12,Mon,13:30,Art_Room,18
2026-10-12,Mon,08:00,Music_Room,13
2026-10-12,Mon,08:30,Music_Room,17
2026-10-12,Mon,09:00,Music_Room,12
2026-10-12,Mon,09:30,Music_Room,21
2026-10-12,Mon,10:00,Music_Room,16
2026-10-12,Mon,10:30,Music_Room,20
2026-10-12,Mon,11:00,Music_Room,30
2026-10-12,Mon,11:30,Music_Room,25
2026-10-12,Mon,12:00,Music_Room,29
2026-10-12,Mon,12:30,Music_Room,24
2026-10-12,Mon,13:00,Music_Room,22
2026-10-12,Mon,13:30,Music_Room,17
2026-10-13,Tue,08:00,Library,22
2026-10-13,Tue,08:30,Library,17
2026-10-13,Tue,09:00,Library,21
2026-10-13,Tue,09:30,Library,21
2026-10-13,Tue,10:00,Library,25
2026-10-13,Tue,10:30,Library,20
2026-10-13,Tue,11:00,Library,30
2026-10-13,Tue,11:30,Library,25
2026-10-13,Tue,12:00,Library,29
2026-10-13,Tue,12:30,Library,33
2026-10-13,Tue,13:00,Library,22
2026-10-13,Tue,13:30,Library,26
2026-10-13,Tue,08:00,Gym,23
2026-10-13,Tue,08:30,Gym,27
2026-10-13,Tue,09:00,Gym,22
2026-10-13,Tue,09:30,Gym,31
2026-10-13,Tue,10:00,Gym,26
2026-10-13,Tue,10:30,Gym,30
2026-10-13,Tue,11:00,Gym,31
2026-10-13,Tue,11:30,Gym,35
2026-10-13,Tue,12:00,Gym,39
2026-10-13,Tue,12:30,Gym,34
2026-10-13,Tue,13:00,Gym,32
2026-10-13,Tue,13:30,Gym,27
2026-10-13,Tue,08:00,Computer_Room,24
2026-10-13,Tue,08:30,Computer_Room,19
2026-10-13,Tue,09:00,Computer_Room,23
2026-10-13,Tue,09:30,Computer_Room,23
2026-10-13,Tue,10:00,Computer_Room,27
2026-10-13,Tue,10:30,Computer_Room,22
2026-10-13,Tue,11:00,Computer_Room,32
2026-10-13,Tue,11:30,Computer_Room,36
2026-10-13,Tue,12:00,Computer_Room,31
2026-10-13,Tue,12:30,Computer_Room,35
2026-10-13,Tue,13:00,Computer_Room,24
2026-10-13,Tue,13:30,Computer_Room,28
2026-10-13,Tue,08:00,Science_Lab,11
2026-10-13,Tue,08:30,Science_Lab,15
2026-10-13,Tue,09:00,Science_Lab,10
2026-10-13,Tue,09:30,Science_Lab,19
2026-10-13,Tue,10:00,Science_Lab,14
2026-10-13,Tue,10:30,Science_Lab,18
2026-10-13,Tue,11:00,Science_Lab,28
2026-10-13,Tue,11:30,Science_Lab,23
2026-10-13,Tue,12:00,Science_Lab,27
2026-10-13,Tue,12:30,Science_Lab,22
2026-10-13,Tue,13:00,Science_Lab,20
2026-10-13,Tue,13:30,Science_Lab,15
2026-10-13,Tue,08:00,Art_Room,13
2026-10-13,Tue,08:30,Art_Room,8
2026-10-13,Tue,09:00,Art_Room,12
2026-10-13,Tue,09:30,Art_Room,12
2026-10-13,Tue,10:00,Art_Room,16
2026-10-13,Tue,10:30,Art_Room,20
2026-10-13,Tue,11:00,Art_Room,21
2026-10-13,Tue,11:30,Art_Room,25
2026-10-13,Tue,12:00,Art_Room,20
2026-10-13,Tue,12:30,Art_Room,24
2026-10-13,Tue,13:00,Art_Room,13
2026-10-13,Tue,13:30,Art_Room,17
2026-10-13,Tue,08:00,Music_Room,12
2026-10-13,Tue,08:30,Music_Room,16
2026-10-13,Tue,09:00,Music_Room,11
2026-10-13,Tue,09:30,Music_Room,20
2026-10-13,Tue,10:00,Music_Room,24
2026-10-13,Tue,10:30,Music_Room,19
2026-10-13,Tue,11:00,Music_Room,29
2026-10-13,Tue,11:30,Music_Room,24
2026-10-13,Tue,12:00,Music_Room,28
2026-10-13,Tue,12:30,Music_Room,23
2026-10-13,Tue,13:00,Music_Room,21
2026-10-13,Tue,13:30,Music_Room,16
2026-10-14,Wed,08:00,Library,21
2026-10-14,Wed,08:30,Library,16
2026-10-14,Wed,09:00,Library,20
2026-10-14,Wed,09:30,Library,20
2026-10-14,Wed,10:00,Library,24
2026-10-14,Wed,10:30,Library,19
2026-10-14,Wed,11:00,Library,29
2026-10-14,Wed,11:30,Library,33
2026-10-14,Wed,12:00,Library,28
2026-10-14,Wed,12:30,Library,32
2026-10-14,Wed,13:00,Library,21
2026-10-14,Wed,13:30,Library,25
2026-10-14,Wed,08:00,Gym,22
2026-10-14,Wed,08:30,Gym,26
2026-10-14,Wed,09:00,Gym,21
2026-10-14,Wed,09:30,Gym,30
2026-10-14,Wed,10:00,Gym,25
2026-10-14,Wed,10:30,Gym,29
2026-10-14,Wed,11:00,Gym,39
2026-10-14,Wed,11:30,Gym,34
2026-10-14,Wed,12:00,Gym,38
2026-10-14,Wed,12:30,Gym,33
2026-10-14,Wed,13:00,Gym,31
2026-10-14,Wed,13:30,Gym,26
2026-10-14,Wed,08:00,Computer_Room,23
2026-10-14,Wed,08:30,Computer_Room,18
2026-10-14,Wed,09:00,Computer_Room,22
2026-10-14,Wed,09:30,Computer_Room,22
2026-10-14,Wed,10:00,Computer_Room,26
2026-10-14,Wed,10:30,Computer_Room,30
2026-10-14,Wed,11:00,Computer_Room,31
2026-10-14,Wed,11:30,Computer_Room,35
2026-10-14,Wed,12:00,Computer_Room,30
2026-10-14,Wed,12:30,Computer_Room,34
2026-10-14,Wed,13:00,Computer_Room,23
2026-10-14,Wed,13:30,Computer_Room,27
2026-10-14,Wed,08:00,Science_Lab,10
2026-10-14,Wed,08:30,Science_Lab,14
2026-10-14,Wed,09:00,Science_Lab,9
2026-10-14,Wed,09:30,Science_Lab,18
2026-10-14,Wed,10:00,Science_Lab,22
2026-10-14,Wed,10:30,Science_Lab,17
2026-10-14,Wed,11:00,Science_Lab,27
2026-10-14,Wed,11:30,Science_Lab,22
2026-10-14,Wed,12:00,Science_Lab,26
2026-10-14,Wed,12:30,Science_Lab,21
2026-10-14,Wed,13:00,Science_Lab,19
2026-10-14,Wed,13:30,Science_Lab,14
2026-10-14,Wed,08:00,Art_Room,12
2026-10-14,Wed,08:30,Art_Room,7
2026-10-14,Wed,09:00,Art_Room,11
2026-10-14,Wed,09:30,Art_Room,20
2026-10-14,Wed,10:00,Art_Room,15
2026-10-14,Wed,10:30,Art_Room,19
2026-10-14,Wed,11:00,Art_Room,20
2026-10-14,Wed,11:30,Art_Room,24
2026-10-14,Wed,12:00,Art_Room,19
2026-10-14,Wed,12:30,Art_Room,23
2026-10-14,Wed,13:00,Art_Room,12
2026-10-14,Wed,13:30,Art_Room,16
2026-10-14,Wed,08:00,Music_Room,11
2026-10-14,Wed,08:30,Music_Room,15
2026-10-14,Wed,09:00,Music_Room,19
2026-10-14,Wed,09:30,Music_Room,19
2026-10-14,Wed,10:00,Music_Room,23
2026-10-14,Wed,10:30,Music_Room,18
2026-10-14,Wed,11:00,Music_Room,28
2026-10-14,Wed,11:30,Music_Room,23
2026-10-14,Wed,12:00,Music_Room,27
2026-10-14,Wed,12:30,Music_Room,22
2026-10-14,Wed,13:00,Music_Room,20
2026-10-14,Wed,13:30,Music_Room,24
2026-10-15,Thu,08:00,Library,20
2026-10-15,Thu,08:30,Library,15
2026-10-15,Thu,09:00,Library,19
2026-10-15,Thu,09:30,Library,19
2026-10-15,Thu,10:00,Library,23
2026-10-15,Thu,10:30,Library,27
2026-10-15,Thu,11:00,Library,28
2026-10-15,Thu,11:30,Library,32
2026-10-15,Thu,12:00,Library,27
2026-10-15,Thu,12:30,Library,31
2026-10-15,Thu,13:00,Library,20
2026-10-15,Thu,13:30,Library,24
2026-10-15,Thu,08:00,Gym,21
2026-10-15,Thu,08:30,Gym,25
2026-10-15,Thu,09:00,Gym,20
2026-10-15,Thu,09:30,Gym,29
2026-10-15,Thu,10:00,Gym,33
2026-10-15,Thu,10:30,Gym,28
2026-10-15,Thu,11:00,Gym,38
2026-10-15,Thu,11:30,Gym,33
2026-10-15,Thu,12:00,Gym,37
2026-10-15,Thu,12:30,Gym,32
2026-10-15,Thu,13:00,Gym,30
2026-10-15,Thu,13:30,Gym,25
2026-10-15,Thu,08:00,Computer_Room,22
2026-10-15,Thu,08:30,Computer_Room,17
2026-10-15,Thu,09:00,Computer_Room,21
2026-10-15,Thu,09:30,Computer_Room,30
2026-10-15,Thu,10:00,Computer_Room,25
2026-10-15,Thu,10:30,Computer_Room,29
2026-10-15,Thu,11:00,Computer_Room,30
2026-10-15,Thu,11:30,Computer_Room,34
2026-10-15,Thu,12:00,Computer_Room,29
2026-10-15,Thu,12:30,Computer_Room,33
2026-10-15,Thu,13:00,Computer_Room,22
2026-10-15,Thu,13:30,Computer_Room,26
2026-10-15,Thu,08:00,Science_Lab,9
2026-10-15,Thu,08:30,Science_Lab,13
2026-10-15,Thu,09:00,Science_Lab,17
2026-10-15,Thu,09:30,Science_Lab,17
2026-10-15,Thu,10:00,Science_Lab,21
2026-10-15,Thu,10:30,Science_Lab,16
2026-10-15,Thu,11:00,Science_Lab,26
2026-10-15,Thu,11:30,Science_Lab,21
2026-10-15,Thu,12:00,Science_Lab,25
2026-10-15,Thu,12:30,Science_Lab,20
2026-10-15,Thu,13:00,Science_Lab,18
2026-10-15,Thu,13:30,Science_Lab,22
2026-10-15,Thu,08:00,Art_Room,11
2026-10-15,Thu,08:30,Art_Room,15
2026-10-15,Thu,09:00,Art_Room,10
2026-10-15,Thu,09:30,Art_Room,19
2026-10-15,Thu,10:00,Art_Room,14
2026-10-15,Thu,10:30,Art_Room,18
2026-10-15,Thu,11:00,Art_Room,19
2026-10-15,Thu,11:30,Art_Room,23
2026-10-15,Thu,12:00,Art_Room,18
2026-10-15,Thu,12:30,Art_Room,22
2026-10-15,Thu,13:00,Art_Room,20
2026-10-15,Thu,13:30,Art_Room,15
2026-10-15,Thu,08:00,Music_Room,19
2026-10-15,Thu,08:30,Music_Room,14
2026-10-15,Thu,09:00,Music_Room,18
2026-10-15,Thu,09:30,Music_Room,18
2026-10-15,Thu,10:00,Music_Room,22
2026-10-15,Thu,10:30,Music_Room,17
2026-10-15,Thu,11:00,Music_Room,27
2026-10-15,Thu,11:30,Music_Room,22
2026-10-15,Thu,12:00,Music_Room,26
2026-10-15,Thu,12:30,Music_Room,30
2026-10-15,Thu,13:00,Music_Room,19
2026-10-15,Thu,13:30,Music_Room,23
2026-10-16,Fri,08:00,Library,23
2026-10-16,Fri,08:30,Library,18
2026-10-16,Fri,09:00,Library,22
2026-10-16,Fri,09:30,Library,31
2026-10-16,Fri,10:00,Library,26
2026-10-16,Fri,10:30,Library,30
2026-10-16,Fri,11:00,Library,31
2026-10-16,Fri,11:30,Library,35
2026-10-16,Fri,12:00,Library,30
2026-10-16,Fri,12:30,Library,34
2026-10-16,Fri,13:00,Library,23
2026-10-16,Fri,13:30,Library,27
2026-10-16,Fri,08:00,Gym,24
2026-10-16,Fri,08:30,Gym,28
2026-10-16,Fri,09:00,Gym,32
2026-10-16,Fri,09:30,Gym,32
2026-10-16,Fri,10:00,Gym,36
2026-10-16,Fri,10:30,Gym,31
2026-10-16,Fri,11:00,Gym,41
2026-10-16,Fri,11:30,Gym,36
2026-10-16,Fri,12:00,Gym,40
2026-10-16,Fri,12:30,Gym,35
2026-10-16,Fri,13:00,Gym,33
2026-10-16,Fri,13:30,Gym,37
2026-10-16,Fri,08:00,Computer_Room,25
2026-10-16,Fri,08:30,Computer_Room,29
2026-10-16,Fri,09:00,Computer_Room,24
2026-10-16,Fri,09:30,Computer_Room,33
2026-10-16,Fri,10:00,Computer_Room,28
2026-10-16,Fri,10:30,Computer_Room,32
2026-10-16,Fri,11:00,Computer_Room,33
2026-10-16,Fri,11:30,Computer_Room,37
2026-10-16,Fri,12:00,Computer_Room,32
2026-10-16,Fri,12:30,Computer_Room,36
2026-10-16,Fri,13:00,Computer_Room,34
2026-10-16,Fri,13:30,Computer_Room,29
2026-10-16,Fri,08:00,Science_Lab,21
2026-10-16,Fri,08:30,Science_Lab,16
2026-10-16,Fri,09:00,Science_Lab,20
2026-10-16,Fri,09:30,Science_Lab,20
2026-10-16,Fri,10:00,Science_Lab,24
2026-10-16,Fri,10:30,Science_Lab,19
2026-10-16,Fri,11:00,Science_Lab,29
2026-10-16,Fri,11:30,Science_Lab,24
2026-10-16,Fri,12:00,Science_Lab,28
2026-10-16,Fri,12:30,Science_Lab,32
2026-10-16,Fri,13:00,Science_Lab,21
2026-10-16,Fri,13:30,Science_Lab,25
2026-10-16,Fri,08:00,Art_Room,14
2026-10-16,Fri,08:30,Art_Room,18
2026-10-16,Fri,09:00,Art_Room,13
2026-10-16,Fri,09:30,Art_Room,22
2026-10-16,Fri,10:00,Art_Room,17
2026-10-16,Fri,10:30,Art_Room,21
2026-10-16,Fri,11:00,Art_Room,22
2026-10-16,Fri,11:30,Art_Room,26
2026-10-16,Fri,12:00,Art_Room,30
2026-10-16,Fri,12:30,Art_Room,25
2026-10-16,Fri,13:00,Art_Room,23
2026-10-16,Fri,13:30,Art_Room,18
2026-10-16,Fri,08:00,Music_Room,22
2026-10-16,Fri,08:30,Music_Room,17
2026-10-16,Fri,09:00,Music_Room,21
2026-10-16,Fri,09:30,Music_Room,21
2026-10-16,Fri,10:00,Music_Room,25
2026-10-16,Fri,10:30,Music_Room,20
2026-10-16,Fri,11:00,Music_Room,30
2026-10-16,Fri,11:30,Music_Room,34
2026-10-16,Fri,12:00,Music_Room,29
2026-10-16,Fri,12:30,Music_Room,33
2026-10-16,Fri,13:00,Music_Room,22
2026-10-16,Fri,13:30,Music_Room,26
2026-10-19,Mon,08:00,Library,18
2026-10-19,Mon,08:30,Library,22
2026-10-19,Mon,09:00,Library,17
2026-10-19,Mon,09:30,Library,26
2026-10-19,Mon,10:00,Library,21
2026-10-19,Mon,10:30,Library,25
2026-10-19,Mon,11:00,Library,26
2026-10-19,Mon,11:30,Library,30
2026-10-19,Mon,12:00,Library,25
2026-10-19,Mon,12:30,Library,29
2026-10-19,Mon,13:00,Library,27
2026-10-19,Mon,13:30,Library,22
2026-10-19,Mon,08:00,Gym,28
2026-10-19,Mon,08:30,Gym,23
2026-10-19,Mon,09:00,Gym,27
2026-10-19,Mon,09:30,Gym,27
2026-10-19,Mon,10:00,Gym,31
2026-10-19,Mon,10:30,Gym,26
2026-10-19,Mon,11:00,Gym,36
2026-10-19,Mon,11:30,Gym,31
2026-10-19,Mon,12:00,Gym,35
2026-10-19,Mon,12:30,Gym,39
2026-10-19,Mon,13:00,Gym,28
2026-10-19,Mon,13:30,Gym,32
2026-10-19,Mon,08:00,Computer_Room,20
2026-10-19,Mon,08:30,Computer_Room,24
2026-10-19,Mon,09:00,Computer_Room,19
2026-10-19,Mon,09:30,Computer_Room,28
2026-10-19,Mon,10:00,Computer_Room,23
2026-10-19,Mon,10:30,Computer_Room,27
2026-10-19,Mon,11:00,Computer_Room,28
2026-10-19,Mon,11:30,Computer_Room,32
2026-10-19,Mon,12:00,Computer_Room,36
2026-10-19,Mon,12:30,Computer_Room,31
2026-10-19,Mon,13:00,Computer_Room,29
2026-10-19,Mon,13:30,Computer_Room,24
2026-10-19,Mon,08:00,Science_Lab,16
2026-10-19,Mon,08:30,Science_Lab,11
2026-10-19,Mon,09:00,Science_Lab,15
2026-10-19,Mon,09:30,Science_Lab,15
2026-10-19,Mon,10:00,Science_Lab,19
2026-10-19,Mon,10:30,Science_Lab,14
2026-10-19,Mon,11:00,Science_Lab,24
2026-10-19,Mon,11:30,Science_Lab,28
2026-10-19,Mon,12:00,Science_Lab,23
2026-10-19,Mon,12:30,Science_Lab,27
2026-10-19,Mon,13:00,Science_Lab,16
2026-10-19,Mon,13:30,Science_Lab,20
2026-10-19,Mon,08:00,Art_Room,9
2026-10-19,Mon,08:30,Art_Room,13
2026-10-19,Mon,09:00,Art_Room,8
2026-10-19,Mon,09:30,Art_Room,17
2026-10-19,Mon,10:00,Art_Room,12
2026-10-19,Mon,10:30,Art_Room,16
2026-10-19,Mon,11:00,Art_Room,26
2026-10-19,Mon,11:30,Art_Room,21
2026-10-19,Mon,12:00,Art_Room,25
2026-10-19,Mon,12:30,Art_Room,20
2026-10-19,Mon,13:00,Art_Room,18
2026-10-19,Mon,13:30,Art_Room,13
2026-10-19,Mon,08:00,Music_Room,17
2026-10-19,Mon,08:30,Music_Room,12
2026-10-19,Mon,09:00,Music_Room,16
2026-10-19,Mon,09:30,Music_Room,16
2026-10-19,Mon,10:00,Music_Room,20
2026-10-19,Mon,10:30,Music_Room,24
2026-10-19,Mon,11:00,Music_Room,25
2026-10-19,Mon,11:30,Music_Room,29
2026-10-19,Mon,12:00,Music_Room,24
2026-10-19,Mon,12:30,Music_Room,28
2026-10-19,Mon,13:00,Music_Room,17
2026-10-19,Mon,13:30,Music_Room,21
2026-10-20,Tue,08:00,Library,17
2026-10-20,Tue,08:30,Library,21
2026-10-20,Tue,09:00,Library,16
2026-10-20,Tue,09:30,Library,25
2026-10-20,Tue,10:00,Library,20
2026-10-20,Tue,10:30,Library,24
2026-10-20,Tue,11:00,Library,25
2026-10-20,Tue,11:30,Library,29
2026-10-20,Tue,12:00,Library,33
2026-10-20,Tue,12:30,Library,28
2026-10-20,Tue,13:00,Library,26
2026-10-20,Tue,13:30,Library,21
2026-10-20,Tue,08:00,Gym,27
2026-10-20,Tue,08:30,Gym,22
2026-10-20,Tue,09:00,Gym,26
2026-10-20,Tue,09:30,Gym,26
2026-10-20,Tue,10:00,Gym,30
2026-10-20,Tue,10:30,Gym,25
2026-10-20,Tue,11:00,Gym,35
2026-10-20,Tue,11:30,Gym,39
2026-10-20,Tue,12:00,Gym,34
2026-10-20,Tue,12:30,Gym,38
2026-10-20,Tue,13:00,Gym,27
2026-10-20,Tue,13:30,Gym,31
2026-10-20,Tue,08:00,Computer_Room,19
2026-10-20,Tue,08:30,Computer_Room,23
2026-10-20,Tue,09:00,Computer_Room,18
2026-10-20,Tue,09:30,Computer_Room,27
2026-10-20,Tue,10:00,Computer_Room,22
2026-10-20,Tue,10:30,Computer_Room,26
2026-10-20,Tue,11:00,Computer_Room,36
2026-10-20,Tue,11:30,Computer_Room,31
2026-10-20,Tue,12:00,Computer_Room,35
2026-10-20,Tue,12:30,Computer_Room,30
2026-10-20,Tue,13:00,Computer_Room,28
2026-10-20,Tue,13:30,Computer_Room,23
2026-10-20,Tue,08:00,Science_Lab,15
2026-10-20,Tue,08:30,Science_Lab,10
2026-10-20,Tue,09:00,Science_Lab,14
2026-10-20,Tue,09:30,Science_Lab,14
2026-10-20,Tue,10:00,Science_Lab,18
2026-10-20,Tue,10:30,Science_Lab,22
2026-10-20,Tue,11:00,Science_Lab,23
2026-10-20,Tue,11:30,Science_Lab,27
2026-10-20,Tue,12:00,Science_Lab,22
2026-10-20,Tue,12:30,Science_Lab,26
2026-10-20,Tue,13:00,Science_Lab,15
2026-10-20,Tue,13:30,Science_Lab,19
2026-10-20,Tue,08:00,Art_Room,8
2026-10-20,Tue,08:30,Art_Room,12
2026-10-20,Tue,09:00,Art_Room,7
2026-10-20,Tue,09:30,Art_Room,16
2026-10-20,Tue,10:00,Art_Room,20
2026-10-20,Tue,10:30,Art_Room,15
2026-10-20,Tue,11:00,Art_Room,25
2026-10-20,Tue,11:30,Art_Room,20
2026-10-20,Tue,12:00,Art_Room,24
2026-10-20,Tue,12:30,Art_Room,19
2026-10-20,Tue,13:00,Art_Room,17
2026-10-20,Tue,13:30,Art_Room,12
2026-10-20,Tue,08:00,Music_Room,16
2026-10-20,Tue,08:30,Music_Room,11
2026-10-20,Tue,09:00,Music_Room,15
2026-10-20,Tue,09:30,Music_Room,24
2026-10-20,Tue,10:00,Music_Room,19
2026-10-20,Tue,10:30,Music_Room,23
2026-10-20,Tue,11:00,Music_Room,24
2026-10-20,Tue,11:30,Music_Room,28
2026-10-20,Tue,12:00,Music_Room,23
2026-10-20,Tue,12:30,Music_Room,27
2026-10-20,Tue,13:00,Music_Room,16
2026-10-20,Tue,13:30,Music_Room,20
2026-10-21,Wed,08:00,Library,16
2026-10-21,Wed,08:30,Library,20
2026-10-21,Wed,09:00,Library,15
2026-10-21,Wed,09:30,Library,24
2026-10-21,Wed,10:00,Library,19
2026-10-21,Wed,10:30,Library,23
2026-10-21,Wed,11:00,Library,33
2026-10-21,Wed,11:30,Library,28
2026-10-21,Wed,12:00,Library,32
2026-10-21,Wed,12:30,Library,27
2026-10-21,Wed,13:00,Library,25
2026-10-21,Wed,13:30,Library,20
2026-10-21,Wed,08:00,Gym,26
2026-10-21,Wed,08:30,Gym,21
2026-10-21,Wed,09:00,Gym,25
2026-10-21,Wed,09:30,Gym,25
2026-10-21,Wed,10:00,Gym,29
2026-10-21,Wed,10:30,Gym,33
2026-10-21,Wed,11:00,Gym,34
2026-10-21,Wed,11:30,Gym,38
2026-10-21,Wed,12:00,Gym,33
2026-10-21,Wed,12:30,Gym,37
2026-10-21,Wed,13:00,Gym,26
2026-10-21,Wed,13:30,Gym,30
2026-10-21,Wed,08:00,Computer_Room,18
2026-10-21,Wed,08:30,Computer_Room,22
2026-10-21,Wed,09:00,Computer_Room,17
2026-10-21,Wed,09:30,Computer_Room,26
2026-10-21,Wed,10:00,Computer_Room,30
2026-10-21,Wed,10:30,Computer_Room,25
2026-10-21,Wed,11:00,Computer_Room,35
2026-10-21,Wed,11:30,Computer_Room,30
2026-10-21,Wed,12:00,Computer_Room,34
2026-10-21,Wed,12:30,Computer_Room,29
2026-10-21,Wed,13:00,Computer_Room,27
2026-10-21,Wed,13:30,Computer_Room,22
2026-10-21,Wed,08:00,Science_Lab,14
2026-10-21,Wed,08:30,Science_Lab,9
2026-10-21,Wed,09:00,Science_Lab,13
2026-10-21,Wed,09:30,Science_Lab,22
2026-10-21,Wed,10:00,Science_Lab,17
2026-10-21,Wed,10:30,Science_Lab,21
2026-10-21,Wed,11:00,Science_Lab,22
2026-10-21,Wed,11:30,Science_Lab,26
2026-10-21,Wed,12:00,Science_Lab,21
2026-10-21,Wed,12:30,Science_Lab,25
2026-10-21,Wed,13:00,Science_Lab,14
2026-10-21,Wed,13:30,Science_Lab,18
2026-10-21,Wed,08:00,Art_Room,7
2026-10-21,Wed,08:30,Art_Room,11
2026-10-21,Wed,09:00,Art_Room,15
2026-10-21,Wed,09:30,Art_Room,15
2026-10-21,Wed,10:00,Art_Room,19
2026-10-21,Wed,10:30,Art_Room,14
2026-10-21,Wed,11:00,Art_Room,24
2026-10-21,Wed,11:30,Art_Room,19
2026-10-21,Wed,12:00,Art_Room,23
2026-10-21,Wed,12:30,Art_Room,18
2026-10-21,Wed,13:00,Art_Room,16
2026-10-21,Wed,13:30,Art_Room,20
2026-10-21,Wed,08:00,Music_Room,15
2026-10-21,Wed,08:30,Music_Room,19
2026-10-21,Wed,09:00,Music_Room,14
2026-10-21,Wed,09:30,Music_Room,23
2026-10-21,Wed,10:00,Music_Room,18
2026-10-21,Wed,10:30,Music_Room,22
2026-10-21,Wed,11:00,Music_Room,23
2026-10-21,Wed,11:30,Music_Room,27
2026-10-21,Wed,12:00,Music_Room,22
2026-10-21,Wed,12:30,Music_Room,26
2026-10-21,Wed,13:00,Music_Room,24
2026-10-21,Wed,13:30,Music_Room,19
2026-10-22,Thu,08:00,Library,15
2026-10-22,Thu,08:30,Library,19
2026-10-22,Thu,09:00,Library,14
2026-10-22,Thu,09:30,Library,23
2026-10-22,Thu,10:00,Library,27
2026-10-22,Thu,10:30,Library,22
2026-10-22,Thu,11:00,Library,32
2026-10-22,Thu,11:30,Library,27
2026-10-22,Thu,12:00,Library,31
2026-10-22,Thu,12:30,Library,26
2026-10-22,Thu,13:00,Library,24
2026-10-22,Thu,13:30,Library,19
2026-10-22,Thu,08:00,Gym,25
2026-10-22,Thu,08:30,Gym,20
2026-10-22,Thu,09:00,Gym,24
2026-10-22,Thu,09:30,Gym,33
2026-10-22,Thu,10:00,Gym,28
2026-10-22,Thu,10:30,Gym,32
2026-10-22,Thu,11:00,Gym,33
2026-10-22,Thu,11:30,Gym,37
2026-10-22,Thu,12:00,Gym,32
2026-10-22,Thu,12:30,Gym,36
2026-10-22,Thu,13:00,Gym,25
2026-10-22,Thu,13:30,Gym,29
2026-10-22,Thu,08:00,Computer_Room,17
2026-10-22,Thu,08:30,Computer_Room,21
2026-10-22,Thu,09:00,Computer_Room,25
2026-10-22,Thu,09:30,Computer_Room,25
2026-10-22,Thu,10:00,Computer_Room,29
2026-10-22,Thu,10:30,Computer_Room,24
2026-10-22,Thu,11:00,Computer_Room,34
2026-10-22,Thu,11:30,Computer_Room,29
2026-10-22,Thu,12:00,Computer_Room,33
2026-10-22,Thu,12:30,Computer_Room,28
2026-10-22,Thu,13:00,Computer_Room,26
2026-10-22,Thu,13:30,Computer_Room,30
2026-10-22,Thu,08:00,Science_Lab,13
2026-10-22,Thu,08:30,Science_Lab,17
2026-10-22,Thu,09:00,Science_Lab,12
2026-10-22,Thu,09:30,Science_Lab,21
2026-10-22,Thu,10:00,Science_Lab,16
2026-10-22,Thu,10:30,Science_Lab,20
2026-10-22,Thu,11:00,Science_Lab,21
2026-10-22,Thu,11:30,Science_Lab,25
2026-10-22,Thu,12:00,Science_Lab,20
2026-10-22,Thu,12:30,Science_Lab,24
2026-10-22,Thu,13:00,Science_Lab,22
2026-10-22,Thu,13:30,Science_Lab,17
2026-10-22,Thu,08:00,Art_Room,15
2026-10-22,Thu,08:30,Art_Room,10
2026-10-22,Thu,09:00,Art_Room,14
2026-10-22,Thu,09:30,Art_Room,14
2026-10-22,Thu,10:00,Art_Room,18
2026-10-22,Thu,10:30,Art_Room,13
2026-10-22,Thu,11:00,Art_Room,23
2026-10-22,Thu,11:30,Art_Room,18
2026-10-22,Thu,12:00,Art_Room,22
2026-10-22,Thu,12:30,Art_Room,26
2026-10-22,Thu,13:00,Art_Room,15
2026-10-22,Thu,13:30,Art_Room,19
2026-10-22,Thu,08:00,Music_Room,14
2026-10-22,Thu,08:30,Music_Room,18
2026-10-22,Thu,09:00,Music_Room,13
2026-10-22,Thu,09:30,Music_Room,22
2026-10-22,Thu,10:00,Music_Room,17
2026-10-22,Thu,10:30,Music_Room,21
2026-10-22,Thu,11:00,Music_Room,22
2026-10-22,Thu,11:30,Music_Room,26
2026-10-22,Thu,12:00,Music_Room,30
2026-10-22,Thu,12:30,Music_Room,25
2026-10-22,Thu,13:00,Music_Room,23
2026-10-22,Thu,13:30,Music_Room,18
2026-10-23,Fri,08:00,Library,18
2026-10-23,Fri,08:30,Library,22
2026-10-23,Fri,09:00,Library,26
2026-10-23,Fri,09:30,Library,26
2026-10-23,Fri,10:00,Library,30
2026-10-23,Fri,10:30,Library,25
2026-10-23,Fri,11:00,Library,35
2026-10-23,Fri,11:30,Library,30
2026-10-23,Fri,12:00,Library,34
2026-10-23,Fri,12:30,Library,29
2026-10-23,Fri,13:00,Library,27
2026-10-23,Fri,13:30,Library,31
2026-10-23,Fri,08:00,Gym,28
2026-10-23,Fri,08:30,Gym,32
2026-10-23,Fri,09:00,Gym,27
2026-10-23,Fri,09:30,Gym,36
2026-10-23,Fri,10:00,Gym,31
2026-10-23,Fri,10:30,Gym,35
2026-10-23,Fri,11:00,Gym,36
2026-10-23,Fri,11:30,Gym,40
2026-10-23,Fri,12:00,Gym,35
2026-10-23,Fri,12:30,Gym,39
2026-10-23,Fri,13:00,Gym,37
2026-10-23,Fri,13:30,Gym,32
2026-10-23,Fri,08:00,Computer_Room,29
2026-10-23,Fri,08:30,Computer_Room,24
2026-10-23,Fri,09:00,Computer_Room,28
2026-10-23,Fri,09:30,Computer_Room,28
2026-10-23,Fri,10:00,Computer_Room,32
2026-10-23,Fri,10:30,Computer_Room,27
2026-10-23,Fri,11:00,Computer_Room,37
2026-10-23,Fri,11:30,Computer_Room,32
2026-10-23,Fri,12:00,Computer_Room,36
2026-10-23,Fri,12:30,Computer_Room,40
2026-10-23,Fri,13:00,Computer_Room,29
2026-10-23,Fri,13:30,Computer_Room,33
2026-10-23,Fri,08:00,Science_Lab,16
2026-10-23,Fri,08:30,Science_Lab,20
2026-10-23,Fri,09:00,Science_Lab,15
2026-10-23,Fri,09:30,Science_Lab,24
2026-10-23,Fri,10:00,Science_Lab,19
2026-10-23,Fri,10:30,Science_Lab,23
2026-10-23,Fri,11:00,Science_Lab,24
2026-10-23,Fri,11:30,Science_Lab,28
2026-10-23,Fri,12:00,Science_Lab,32
2026-10-23,Fri,12:30,Science_Lab,27
2026-10-23,Fri,13:00,Science_Lab,25
2026-10-23,Fri,13:30,Science_Lab,20
2026-10-23,Fri,08:00,Art_Room,18
2026-10-23,Fri,08:30,Art_Room,13
2026-10-23,Fri,09:00,Art_Room,17
2026-10-23,Fri,09:30,Art_Room,17
2026-10-23,Fri,10:00,Art_Room,21
2026-10-23,Fri,10:30,Art_Room,16
2026-10-23,Fri,11:00,Art_Room,26
2026-10-23,Fri,11:30,Art_Room,30
2026-10-23,Fri,12:00,Art_Room,25
2026-10-23,Fri,12:30,Art_Room,29
2026-10-23,Fri,13:00,Art_Room,18
2026-10-23,Fri,13:30,Art_Room,22
2026-10-23,Fri,08:00,Music_Room,17
2026-10-23,Fri,08:30,Music_Room,21
2026-10-23,Fri,09:00,Music_Room,16
2026-10-23,Fri,09:30,Music_Room,25
2026-10-23,Fri,10:00,Music_Room,20
2026-10-23,Fri,10:30,Music_Room,24
2026-10-23,Fri,11:00,Music_Room,34
2026-10-23,Fri,11:30,Music_Room,29
2026-10-23,Fri,12:00,Music_Room,33
2026-10-23,Fri,12:30,Music_Room,28
2026-10-23,Fri,13:00,Music_Room,26
2026-10-23,Fri,13:30,Music_Room,21
2026-10-26,Mon,08:00,Library,22
2026-10-26,Mon,08:30,Library,17
2026-10-26,Mon,09:00,Library,21
2026-10-26,Mon,09:30,Library,21
2026-10-26,Mon,10:00,Library,25
2026-10-26,Mon,10:30,Library,20
2026-10-26,Mon,11:00,Library,30
2026-10-26,Mon,11:30,Library,25
2026-10-26,Mon,12:00,Library,29
2026-10-26,Mon,12:30,Library,33
2026-10-26,Mon,13:00,Library,22
2026-10-26,Mon,13:30,Library,26
2026-10-26,Mon,08:00,Gym,23
2026-10-26,Mon,08:30,Gym,27
2026-10-26,Mon,09:00,Gym,22
2026-10-26,Mon,09:30,Gym,31
2026-10-26,Mon,10:00,Gym,26
2026-10-26,Mon,10:30,Gym,30
2026-10-26,Mon,11:00,Gym,31
2026-10-26,Mon,11:30,Gym,35
2026-10-26,Mon,12:00,Gym,39
2026-10-26,Mon,12:30,Gym,34
2026-10-26,Mon,13:00,Gym,32
2026-10-26,Mon,13:30,Gym,27
2026-10-26,Mon,08:00,Computer_Room,24
2026-10-26,Mon,08:30,Computer_Room,19
2026-10-26,Mon,09:00,Computer_Room,23
2026-10-26,Mon,09:30,Computer_Room,23
2026-10-26,Mon,10:00,Computer_Room,27
2026-10-26,Mon,10:30,Computer_Room,22
2026-10-26,Mon,11:00,Computer_Room,32
2026-10-26,Mon,11:30,Computer_Room,36
2026-10-26,Mon,12:00,Computer_Room,31
2026-10-26,Mon,12:30,Computer_Room,35
2026-10-26,Mon,13:00,Computer_Room,24
2026-10-26,Mon,13:30,Computer_Room,28
2026-10-26,Mon,08:00,Science_Lab,11
2026-10-26,Mon,08:30,Science_Lab,15
2026-10-26,Mon,09:00,Science_Lab,10
2026-10-26,Mon,09:30,Science_Lab,19
2026-10-26,Mon,10:00,Science_Lab,14
2026-10-26,Mon,10:30,Science_Lab,18
2026-10-26,Mon,11:00,Science_Lab,28
2026-10-26,Mon,11:30,Science_Lab,23
2026-10-26,Mon,12:00,Science_Lab,27
2026-10-26,Mon,12:30,Science_Lab,22
2026-10-26,Mon,13:00,Science_Lab,20
2026-10-26,Mon,13:30,Science_Lab,15
2026-10-26,Mon,08:00,Art_Room,13
2026-10-26,Mon,08:30,Art_Room,8
2026-10-26,Mon,09:00,Art_Room,12
2026-10-26,Mon,09:30,Art_Room,12
2026-10-26,Mon,10:00,Art_Room,16
2026-10-26,Mon,10:30,Art_Room,20
2026-10-26,Mon,11:00,Art_Room,21
2026-10-26,Mon,11:30,Art_Room,25
2026-10-26,Mon,12:00,Art_Room,20
2026-10-26,Mon,12:30,Art_Room,24
2026-10-26,Mon,13:00,Art_Room,13
2026-10-26,Mon,13:30,Art_Room,17
2026-10-26,Mon,08:00,Music_Room,12
2026-10-26,Mon,08:30,Music_Room,16
2026-10-26,Mon,09:00,Music_Room,11
2026-10-26,Mon,09:30,Music_Room,20
2026-10-26,Mon,10:00,Music_Room,24
2026-10-26,Mon,10:30,Music_Room,19
2026-10-26,Mon,11:00,Music_Room,29
2026-10-26,Mon,11:30,Music_Room,24
2026-10-26,Mon,12:00,Music_Room,28
2026-10-26,Mon,12:30,Music_Room,23
2026-10-26,Mon,13:00,Music_Room,21
2026-10-26,Mon,13:30,Music_Room,16
2026-10-27,Tue,08:00,Library,21
2026-10-27,Tue,08:30,Library,16
2026-10-27,Tue,09:00,Library,20
2026-10-27,Tue,09:30,Library,20
2026-10-27,Tue,10:00,Library,24
2026-10-27,Tue,10:30,Library,19
2026-10-27,Tue,11:00,Library,29
2026-10-27,Tue,11:30,Library,33
2026-10-27,Tue,12:00,Library,28
2026-10-27,Tue,12:30,Library,32
2026-10-27,Tue,13:00,Library,21
2026-10-27,Tue,13:30,Library,25
2026-10-27,Tue,08:00,Gym,22
2026-10-27,Tue,08:30,Gym,26
2026-10-27,Tue,09:00,Gym,21
2026-10-27,Tue,09:30,Gym,30
2026-10-27,Tue,10:00,Gym,25
2026-10-27,Tue,10:30,Gym,29
2026-10-27,Tue,11:00,Gym,39
2026-10-27,Tue,11:30,Gym,34
2026-10-27,Tue,12:00,Gym,38
2026-10-27,Tue,12:30,Gym,33
2026-10-27,Tue,13:00,Gym,31
2026-10-27,Tue,13:30,Gym,26
2026-10-27,Tue,08:00,Computer_Room,23
2026-10-27,Tue,08:30,Computer_Room,18
2026-10-27,Tue,09:00,Computer_Room,22
2026-10-27,Tue,09:30,Computer_Room,22
2026-10-27,Tue,10:00,Computer_Room,26
2026-10-27,Tue,10:30,Computer_Room,30
2026-10-27,Tue,11:00,Computer_Room,31
2026-10-27,Tue,11:30,Computer_Room,35
2026-10-27,Tue,12:00,Computer_Room,30
2026-10-27,Tue,12:30,Computer_Room,34
2026-10-27,Tue,13:00,Computer_Room,23
2026-10-27,Tue,13:30,Computer_Room,27
2026-10-27,Tue,08:00,Science_Lab,10
2026-10-27,Tue,08:30,Science_Lab,14
2026-10-27,Tue,09:00,Science_Lab,9
2026-10-27,Tue,09:30,Science_Lab,18
2026-10-27,Tue,10:00,Science_Lab,22
2026-10-27,Tue,10:30,Science_Lab,17
2026-10-27,Tue,11:00,Science_Lab,27
2026-10-27,Tue,11:30,Science_Lab,22
2026-10-27,Tue,12:00,Science_Lab,26
2026-10-27,Tue,12:30,Science_Lab,21
2026-10-27,Tue,13:00,Science_Lab,19
2026-10-27,Tue,13:30,Science_Lab,14
2026-10-27,Tue,08:00,Art_Room,12
2026-10-27,Tue,08:30,Art_Room,7
2026-10-27,Tue,09:00,Art_Room,11
2026-10-27,Tue,09:30,Art_Room,20
2026-10-27,Tue,10:00,Art_Room,15
2026-10-27,Tue,10:30,Art_Room,19
2026-10-27,Tue,11:00,Art_Room,20
2026-10-27,Tue,11:30,Art_Room,24
2026-10-27,Tue,12:00,Art_Room,19
2026-10-27,Tue,12:30,Art_Room,23
2026-10-27,Tue,13:00,Art_Room,12
2026-10-27,Tue,13:30,Art_Room,16
2026-10-27,Tue,08:00,Music_Room,11
2026-10-27,Tue,08:30,Music_Room,15
2026-10-27,Tue,09:00,Music_Room,19
2026-10-27,Tue,09:30,Music_Room,19
2026-10-27,Tue,10:00,Music_Room,23
2026-10-27,Tue,10:30,Music_Room,18
2026-10-27,Tue,11:00,Music_Room,28
2026-10-27,Tue,11:30,Music_Room,23
2026-10-27,Tue,12:00,Music_Room,27
2026-10-27,Tue,12:30,Music_Room,22
2026-10-27,Tue,13:00,Music_Room,20
2026-10-27,Tue,13:30,Music_Room,24
2026-10-28,Wed,08:00,Library,20
2026-10-28,Wed,08:30,Library,15
2026-10-28,Wed,09:00,Library,19
2026-10-28,Wed,09:30,Library,19
2026-10-28,Wed,10:00,Library,23
2026-10-28,Wed,10:30,Library,27
2026-10-28,Wed,11:00,Library,28
2026-10-28,Wed,11:30,Library,32
2026-10-28,Wed,12:00,Library,27
2026-10-28,Wed,12:30,Library,31
2026-10-28,Wed,13:00,Library,20
2026-10-28,Wed,13:30,Library,24
2026-10-28,Wed,08:00,Gym,21
2026-10-28,Wed,08:30,Gym,25
2026-10-28,Wed,09:00,Gym,20
2026-10-28,Wed,09:30,Gym,29
2026-10-28,Wed,10:00,Gym,33
2026-10-28,Wed,10:30,Gym,28
2026-10-28,Wed,11:00,Gym,38
2026-10-28,Wed,11:30,Gym,33
2026-10-28,Wed,12:00,Gym,37
2026-10-28,Wed,12:30,Gym,32
2026-10-28,Wed,13:00,Gym,30
2026-10-28,Wed,13:30,Gym,25
2026-10-28,Wed,08:00,Computer_Room,22
2026-10-28,Wed,08:30,Computer_Room,17
2026-10-28,Wed,09:00,Computer_Room,21
2026-10-28,Wed,09:30,Computer_Room,30
2026-10-28,Wed,10:00,Computer_Room,25
2026-10-28,Wed,10:30,Computer_Room,29
2026-10-28,Wed,11:00,Computer_Room,30
2026-10-28,Wed,11:30,Computer_Room,34
2026-10-28,Wed,12:00,Computer_Room,29
2026-10-28,Wed,12:30,Computer_Room,33
2026-10-28,Wed,13:00,Computer_Room,22
2026-10-28,Wed,13:30,Computer_Room,26
2026-10-28,Wed,08:00,Science_Lab,9
2026-10-28,Wed,08:30,Science_Lab,13
2026-10-28,Wed,09:00,Science_Lab,17
2026-10-28,Wed,09:30,Science_Lab,17
2026-10-28,Wed,10:00,Science_Lab,21
2026-10-28,Wed,10:30,Science_Lab,16
2026-10-28,Wed,11:00,Science_Lab,26
2026-10-28,Wed,11:30,Science_Lab,21
2026-10-28,Wed,12:00,Science_Lab,25
2026-10-28,Wed,12:30,Science_Lab,20
2026-10-28,Wed,13:00,Science_Lab,18
2026-10-28,Wed,13:30,Science_Lab,22
2026-10-28,Wed,08:00,Art_Room,11
2026-10-28,Wed,08:30,Art_Room,15
2026-10-28,Wed,09:00,Art_Room,10
2026-10-28,Wed,09:30,Art_Room,19
2026-10-28,Wed,10:00,Art_Room,14
2026-10-28,Wed,10:30,Art_Room,18
2026-10-28,Wed,11:00,Art_Room,19
2026-10-28,Wed,11:30,Art_Room,23
2026-10-28,Wed,12:00,Art_Room,18
2026-10-28,Wed,12:30,Art_Room,22
2026-10-28,Wed,13:00,Art_Room,20
2026-10-28,Wed,13:30,Art_Room,15
2026-10-28,Wed,08:00,Music_Room,19
2026-10-28,Wed,08:30,Music_Room,14
2026-10-28,Wed,09:00,Music_Room,18
2026-10-28,Wed,09:30,Music_Room,18
2026-10-28,Wed,10:00,Music_Room,22
2026-10-28,Wed,10:30,Music_Room,17
2026-10-28,Wed,11:00,Music_Room,27
2026-10-28,Wed,11:30,Music_Room,22
2026-10-28,Wed,12:00,Music_Room,26
2026-10-28,Wed,12:30,Music_Room,30
2026-10-28,Wed,13:00,Music_Room,19
2026-10-28,Wed,13:30,Music_Room,23
2026-10-29,Thu,08:00,Library,19
2026-10-29,Thu,08:30,Library,14
2026-10-29,Thu,09:00,Library,18
2026-10-29,Thu,09:30,Library,27
2026-10-29,Thu,10:00,Library,22
2026-10-29,Thu,10:30,Library,26
2026-10-29,Thu,11:00,Library,27
2026-10-29,Thu,11:30,Library,31
2026-10-29,Thu,12:00,Library,26
2026-10-29,Thu,12:30,Library,30
2026-10-29,Thu,13:00,Library,19
2026-10-29,Thu,13:30,Library,23
2026-10-29,Thu,08:00,Gym,20
2026-10-29,Thu,08:30,Gym,24
2026-10-29,Thu,09:00,Gym,28
2026-10-29,Thu,09:30,Gym,28
2026-10-29,Thu,10:00,Gym,32
2026-10-29,Thu,10:30,Gym,27
2026-10-29,Thu,11:00,Gym,37
2026-10-29,Thu,11:30,Gym,32
2026-10-29,Thu,12:00,Gym,36
2026-10-29,Thu,12:30,Gym,31
2026-10-29,Thu,13:00,Gym,29
2026-10-29,Thu,13:30,Gym,33
2026-10-29,Thu,08:00,Computer_Room,21
2026-10-29,Thu,08:30,Computer_Room,25
2026-10-29,Thu,09:00,Computer_Room,20
2026-10-29,Thu,09:30,Computer_Room,29
2026-10-29,Thu,10:00,Computer_Room,24
2026-10-29,Thu,10:30,Computer_Room,28
2026-10-29,Thu,11:00,Computer_Room,29
2026-10-29,Thu,11:30,Computer_Room,33
2026-10-29,Thu,12:00,Computer_Room,28
2026-10-29,Thu,12:30,Computer_Room,32
2026-10-29,Thu,13:00,Computer_Room,30
2026-10-29,Thu,13:30,Computer_Room,25
2026-10-29,Thu,08:00,Science_Lab,17
2026-10-29,Thu,08:30,Science_Lab,12
2026-10-29,Thu,09:00,Science_Lab,16
2026-10-29,Thu,09:30,Science_Lab,16
2026-10-29,Thu,10:00,Science_Lab,20
2026-10-29,Thu,10:30,Science_Lab,15
2026-10-29,Thu,11:00,Science_Lab,25
2026-10-29,Thu,11:30,Science_Lab,20
2026-10-29,Thu,12:00,Science_Lab,24
2026-10-29,Thu,12:30,Science_Lab,28
2026-10-29,Thu,13:00,Science_Lab,17
2026-10-29,Thu,13:30,Science_Lab,21
2026-10-29,Thu,08:00,Art_Room,10
2026-10-29,Thu,08:30,Art_Room,14
2026-10-29,Thu,09:00,Art_Room,9
2026-10-29,Thu,09:30,Art_Room,18
2026-10-29,Thu,10:00,Art_Room,13
2026-10-29,Thu,10:30,Art_Room,17
2026-10-29,Thu,11:00,Art_Room,18
2026-10-29,Thu,11:30,Art_Room,22
2026-10-29,Thu,12:00,Art_Room,26
2026-10-29,Thu,12:30,Art_Room,21
2026-10-29,Thu,13:00,Art_Room,19
2026-10-29,Thu,13:30,Art_Room,14
2026-10-29,Thu,08:00,Music_Room,18
2026-10-29,Thu,08:30,Music_Room,13
2026-10-29,Thu,09:00,Music_Room,17
2026-10-29,Thu,09:30,Music_Room,17
2026-10-29,Thu,10:00,Music_Room,21
2026-10-29,Thu,10:30,Music_Room,16
2026-10-29,Thu,11:00,Music_Room,26
2026-10-29,Thu,11:30,Music_Room,30
2026-10-29,Thu,12:00,Music_Room,25
2026-10-29,Thu,12:30,Music_Room,29
2026-10-29,Thu,13:00,Music_Room,18
2026-10-29,Thu,13:30,Music_Room,22
2026-10-30,Fri,08:00,Library,22
2026-10-30,Fri,08:30,Library,26
2026-10-30,Fri,09:00,Library,21
2026-10-30,Fri,09:30,Library,30
2026-10-30,Fri,10:00,Library,25
2026-10-30,Fri,10:30,Library,29
2026-10-30,Fri,11:00,Library,30
2026-10-30,Fri,11:30,Library,34
2026-10-30,Fri,12:00,Library,29
2026-10-30,Fri,12:30,Library,33
2026-10-30,Fri,13:00,Library,31
2026-10-30,Fri,13:30,Library,26
2026-10-30,Fri,08:00,Gym,32
2026-10-30,Fri,08:30,Gym,27
2026-10-30,Fri,09:00,Gym,31
2026-10-30,Fri,09:30,Gym,31
2026-10-30,Fri,10:00,Gym,35
2026-10-30,Fri,10:30,Gym,30
2026-10-30,Fri,11:00,Gym,40
2026-10-30,Fri,11:30,Gym,35
2026-10-30,Fri,12:00,Gym,39
2026-10-30,Fri,12:30,Gym,43
2026-10-30,Fri,13:00,Gym,32
2026-10-30,Fri,13:30,Gym,36
2026-10-30,Fri,08:00,Computer_Room,24
2026-10-30,Fri,08:30,Computer_Room,28
2026-10-30,Fri,09:00,Computer_Room,23
2026-10-30,Fri,09:30,Computer_Room,32
2026-10-30,Fri,10:00,Computer_Room,27
2026-10-30,Fri,10:30,Computer_Room,31
2026-10-30,Fri,11:00,Computer_Room,32
2026-10-30,Fri,11:30,Computer_Room,36
2026-10-30,Fri,12:00,Computer_Room,40
2026-10-30,Fri,12:30,Computer_Room,35
2026-10-30,Fri,13:00,Computer_Room,33
2026-10-30,Fri,13:30,Computer_Room,28
2026-10-30,Fri,08:00,Science_Lab,20
2026-10-30,Fri,08:30,Science_Lab,15
2026-10-30,Fri,09:00,Science_Lab,19
2026-10-30,Fri,09:30,Science_Lab,19
2026-10-30,Fri,10:00,Science_Lab,23
2026-10-30,Fri,10:30,Science_Lab,18
2026-10-30,Fri,11:00,Science_Lab,28
2026-10-30,Fri,11:30,Science_Lab,32
2026-10-30,Fri,12:00,Science_Lab,27
2026-10-30,Fri,12:30,Science_Lab,31
2026-10-30,Fri,13:00,Science_Lab,20
2026-10-30,Fri,13:30,Science_Lab,24
2026-10-30,Fri,08:00,Art_Room,13
2026-10-30,Fri,08:30,Art_Room,17
2026-10-30,Fri,09:00,Art_Room,12
2026-10-30,Fri,09:30,Art_Room,21
2026-10-30,Fri,10:00,Art_Room,16
2026-10-30,Fri,10:30,Art_Room,20
2026-10-30,Fri,11:00,Art_Room,30
2026-10-30,Fri,11:30,Art_Room,25
2026-10-30,Fri,12:00,Art_Room,29
2026-10-30,Fri,12:30,Art_Room,24
2026-10-30,Fri,13:00,Art_Room,22
2026-10-30,Fri,13:30,Art_Room,17
2026-10-30,Fri,08:00,Music_Room,21
2026-10-30,Fri,08:30,Music_Room,16
2026-10-30,Fri,09:00,Music_Room,20
2026-10-30,Fri,09:30,Music_Room,20
2026-10-30,Fri,10:00,Music_Room,24
2026-10-30,Fri,10:30,Music_Room,28
2026-10-30,Fri,11:00,Music_Room,29
2026-10-30,Fri,11:30,Music_Room,33
2026-10-30,Fri,12:00,Music_Room,28
2026-10-30,Fri,12:30,Music_Room,32
2026-10-30,Fri,13:00,Music_Room,21
2026-10-30,Fri,13:30,Music_Room,25
2026-11-02,Mon,08:00,Library,17
2026-11-02,Mon,08:30,Library,21
2026-11-02,Mon,09:00,Library,16
2026-11-02,Mon,09:30,Library,25
2026-11-02,Mon,10:00,Library,20
2026-11-02,Mon,10:30,Library,24
2026-11-02,Mon,11:00,Library,25
2026-11-02,Mon,11:30,Library,29
2026-11-02,Mon,12:00,Library,33
2026-11-02,Mon,12:30,Library,28
2026-11-02,Mon,13:00,Library,26
2026-11-02,Mon,13:30,Library,21
2026-11-02,Mon,08:00,Gym,27
2026-11-02,Mon,08:30,Gym,22
2026-11-02,Mon,09:00,Gym,26
2026-11-02,Mon,09:30,Gym,26
2026-11-02,Mon,10:00,Gym,30
2026-11-02,Mon,10:30,Gym,25
2026-11-02,Mon,11:00,Gym,35
2026-11-02,Mon,11:30,Gym,39
2026-11-02,Mon,12:00,Gym,34
2026-11-02,Mon,12:30,Gym,38
2026-11-02,Mon,13:00,Gym,27
2026-11-02,Mon,13:30,Gym,31
2026-11-02,Mon,08:00,Computer_Room,19
2026-11-02,Mon,08:30,Computer_Room,23
2026-11-02,Mon,09:00,Computer_Room,18
2026-11-02,Mon,09:30,Computer_Room,27
2026-11-02,Mon,10:00,Computer_Room,22
2026-11-02,Mon,10:30,Computer_Room,26
2026-11-02,Mon,11:00,Computer_Room,36
2026-11-02,Mon,11:30,Computer_Room,31
2026-11-02,Mon,12:00,Computer_Room,35
2026-11-02,Mon,12:30,Computer_Room,30
2026-11-02,Mon,13:00,Computer_Room,28
2026-11-02,Mon,13:30,Computer_Room,23
2026-11-02,Mon,08:00,Science_Lab,15
2026-11-02,Mon,08:30,Science_Lab,10
2026-11-02,Mon,09:00,Science_Lab,14
2026-11-02,Mon,09:30,Science_Lab,14
2026-11-02,Mon,10:00,Science_Lab,18
2026-11-02,Mon,10:30,Science_Lab,22
2026-11-02,Mon,11:00,Science_Lab,23
2026-11-02,Mon,11:30,Science_Lab,27
2026-11-02,Mon,12:00,Science_Lab,22
2026-11-02,Mon,12:30,Science_Lab,26
2026-11-02,Mon,13:00,Science_Lab,15
2026-11-02,Mon,13:30,Science_Lab,19
2026-11-02,Mon,08:00,Art_Room,8
2026-11-02,Mon,08:30,Art_Room,12
2026-11-02,Mon,09:00,Art_Room,7
2026-11-02,Mon,09:30,Art_Room,16
2026-11-02,Mon,10:00,Art_Room,20
2026-11-02,Mon,10:30,Art_Room,15
2026-11-02,Mon,11:00,Art_Room,25
2026-11-02,Mon,11:30,Art_Room,20
2026-11-02,Mon,12:00,Art_Room,24
2026-11-02,Mon,12:30,Art_Room,19
2026-11-02,Mon,13:00,Art_Room,17
2026-11-02,Mon,13:30,Art_Room,12
2026-11-02,Mon,08:00,Music_Room,16
2026-11-02,Mon,08:30,Music_Room,11
2026-11-02,Mon,09:00,Music_Room,15
2026-11-02,Mon,09:30,Music_Room,24
2026-11-02,Mon,10:00,Music_Room,19
2026-11-02,Mon,10:30,Music_Room,23
2026-11-02,Mon,11:00,Music_Room,24
2026-11-02,Mon,11:30,Music_Room,28
2026-11-02,Mon,12:00,Music_Room,23
2026-11-02,Mon,12:30,Music_Room,27
2026-11-02,Mon,13:00,Music_Room,16
2026-11-02,Mon,13:30,Music_Room,20
2026-11-03,Tue,08:00,Library,16
2026-11-03,Tue,08:30,Library,20
2026-11-03,Tue,09:00,Library,15
2026-11-03,Tue,09:30,Library,24
2026-11-03,Tue,10:00,Library,19
2026-11-03,Tue,10:30,Library,23
2026-11-03,Tue,11:00,Library,33
2026-11-03,Tue,11:30,Library,28
2026-11-03,Tue,12:00,Library,32
2026-11-03,Tue,12:30,Library,27
2026-11-03,Tue,13:00,Library,25
2026-11-03,Tue,13:30,Library,20
2026-11-03,Tue,08:00,Gym,26
2026-11-03,Tue,08:30,Gym,21
2026-11-03,Tue,09:00,Gym,25
2026-11-03,Tue,09:30,Gym,25
2026-11-03,Tue,10:00,Gym,29
2026-11-03,Tue,10:30,Gym,33
2026-11-03,Tue,11:00,Gym,34
2026-11-03,Tue,11:30,Gym,38
2026-11-03,Tue,12:00,Gym,33
2026-11-03,Tue,12:30,Gym,37
2026-11-03,Tue,13:00,Gym,26
2026-11-03,Tue,13:30,Gym,30
2026-11-03,Tue,08:00,Computer_Room,18
2026-11-03,Tue,08:30,Computer_Room,22
2026-11-03,Tue,09:00,Computer_Room,17
2026-11-03,Tue,09:30,Computer_Room,26
2026-11-03,Tue,10:00,Computer_Room,30
2026-11-03,Tue,10:30,Computer_Room,25
2026-11-03,Tue,11:00,Computer_Room,35
2026-11-03,Tue,11:30,Computer_Room,30
2026-11-03,Tue,12:00,Computer_Room,34
2026-11-03,Tue,12:30,Computer_Room,29
2026-11-03,Tue,13:00,Computer_Room,27
2026-11-03,Tue,13:30,Computer_Room,22
2026-11-03,Tue,08:00,Science_Lab,14
2026-11-03,Tue,08:30,Science_Lab,9
2026-11-03,Tue,09:00,Science_Lab,13
2026-11-03,Tue,09:30,Science_Lab,22
2026-11-03,Tue,10:00,Science_Lab,17
2026-11-03,Tue,10:30,Science_Lab,21
2026-11-03,Tue,11:00,Science_Lab,22
2026-11-03,Tue,11:30,Science_Lab,26
2026-11-03,Tue,12:00,Science_Lab,21
2026-11-03,Tue,12:30,Science_Lab,25
2026-11-03,Tue,13:00,Science_Lab,14
2026-11-03,Tue,13:30,Science_Lab,18
2026-11-03,Tue,08:00,Art_Room,7
2026-11-03,Tue,08:30,Art_Room,11
2026-11-03,Tue,09:00,Art_Room,15
2026-11-03,Tue,09:30,Art_Room,15
2026-11-03,Tue,10:00,Art_Room,19
2026-11-03,Tue,10:30,Art_Room,14
2026-11-03,Tue,11:00,Art_Room,24
2026-11-03,Tue,11:30,Art_Room,19
2026-11-03,Tue,12:00,Art_Room,23
2026-11-03,Tue,12:30,Art_Room,18
2026-11-03,Tue,13:00,Art_Room,16
2026-11-03,Tue,13:30,Art_Room,20
2026-11-03,Tue,08:00,Music_Room,15
2026-11-03,Tue,08:30,Music_Room,19
2026-11-03,Tue,09:00,Music_Room,14
2026-11-03,Tue,09:30,Music_Room,23
2026-11-03,Tue,10:00,Music_Room,18
2026-11-03,Tue,10:30,Music_Room,22
2026-11-03,Tue,11:00,Music_Room,23
2026-11-03,Tue,11:30,Music_Room,27
2026-11-03,Tue,12:00,Music_Room,22
2026-11-03,Tue,12:30,Music_Room,26
2026-11-03,Tue,13:00,Music_Room,24
2026-11-03,Tue,13:30,Music_Room,19
2026-11-04,Wed,08:00,Library,15
2026-11-04,Wed,08:30,Library,19
2026-11-04,Wed,09:00,Library,14
2026-11-04,Wed,09:30,Library,23
2026-11-04,Wed,10:00,Library,27
2026-11-04,Wed,10:30,Library,22
2026-11-04,Wed,11:00,Library,32
2026-11-04,Wed,11:30,Library,27
2026-11-04,Wed,12:00,Library,31
2026-11-04,Wed,12:30,Library,26
2026-11-04,Wed,13:00,Library,24
2026-11-04,Wed,13:30,Library,19
2026-11-04,Wed,08:00,Gym,25
2026-11-04,Wed,08:30,Gym,20
2026-11-04,Wed,09:00,Gym,24
2026-11-04,Wed,09:30,Gym,33
2026-11-04,Wed,10:00,Gym,28
2026-11-04,Wed,10:30,Gym,32
2026-11-04,Wed,11:00,Gym,33
2026-11-04,Wed,11:30,Gym,37
2026-11-04,Wed,12:00,Gym,32
2026-11-04,Wed,12:30,Gym,36
2026-11-04,Wed,13:00,Gym,25
2026-11-04,Wed,13:30,Gym,29
2026-11-04,Wed,08:00,Computer_Room,17
2026-11-04,Wed,08:30,Computer_Room,21
2026-11-04,Wed,09:00,Computer_Room,25
2026-11-04,Wed,09:30,Computer_Room,25
2026-11-04,Wed,10:00,Computer_Room,29
2026-11-04,Wed,10:30,Computer_Room,24
2026-11-04,Wed,11:00,Computer_Room,34
2026-11-04,Wed,11:30,Computer_Room,29
2026-11-04,Wed,12:00,Computer_Room,33
2026-11-04,Wed,12:30,Computer_Room,28
2026-11-04,Wed,13:00,Computer_Room,26
2026-11-04,Wed,13:30,Computer_Room,30
2026-11-04,Wed,08:00,Science_Lab,13
2026-11-04,Wed,08:30,Science_Lab,17
2026-11-04,Wed,09:00,Science_Lab,12
2026-11-04,Wed,09:30,Science_Lab,21
2026-11-04,Wed,10:00,Science_Lab,16
2026-11-04,Wed,10:30,Science_Lab,20
2026-11-04,Wed,11:00,Science_Lab,21
2026-11-04,Wed,11:30,Science_Lab,25
2026-11-04,Wed,12:00,Science_Lab,20
2026-11-04,Wed,12:30,Science_Lab,24
2026-11-04,Wed,13:00,Science_Lab,22
2026-11-04,Wed,13:30,Science_Lab,17
2026-11-04,Wed,08:00,Art_Room,15
2026-11-04,Wed,08:30,Art_Room,10
2026-11-04,Wed,09:00,Art_Room,14
2026-11-04,Wed,09:30,Art_Room,14
2026-11-04,Wed,10:00,Art_Room,18
2026-11-04,Wed,10:30,Art_Room,13
2026-11-04,Wed,11:00,Art_Room,23
2026-11-04,Wed,11:30,Art_Room,18
2026-11-04,Wed,12:00,Art_Room,22
2026-11-04,Wed,12:30,Art_Room,26
2026-11-04,Wed,13:00,Art_Room,15
2026-11-04,Wed,13:30,Art_Room,19
2026-11-04,Wed,08:00,Music_Room,14
2026-11-04,Wed,08:30,Music_Room,18
2026-11-04,Wed,09:00,Music_Room,13
2026-11-04,Wed,09:30,Music_Room,22
2026-11-04,Wed,10:00,Music_Room,17
2026-11-04,Wed,10:30,Music_Room,21
2026-11-04,Wed,11:00,Music_Room,22
2026-11-04,Wed,11:30,Music_Room,26
2026-11-04,Wed,12:00,Music_Room,30
2026-11-04,Wed,12:30,Music_Room,25
2026-11-04,Wed,13:00,Music_Room,23
2026-11-04,Wed,13:30,Music_Room,18
2026-11-05,Thu,08:00,Library,14
2026-11-05,Thu,08:30,Library,18
2026-11-05,Thu,09:00,Library,22
2026-11-05,Thu,09:30,Library,22
2026-11-05,Thu,10:00,Library,26
2026-11-05,Thu,10:30,Library,21
2026-11-05,Thu,11:00,Library,31
2026-11-05,Thu,11:30,Library,26
2026-11-05,Thu,12:00,Library,30
2026-11-05,Thu,12:30,Library,25
2026-11-05,Thu,13:00,Library,23
2026-11-05,Thu,13:30,Library,27
2026-11-05,Thu,08:00,Gym,24
2026-11-05,Thu,08:30,Gym,28
2026-11-05,Thu,09:00,Gym,23
2026-11-05,Thu,09:30,Gym,32
2026-11-05,Thu,10:00,Gym,27
2026-11-05,Thu,10:30,Gym,31
2026-11-05,Thu,11:00,Gym,32
2026-11-05,Thu,11:30,Gym,36
2026-11-05,Thu,12:00,Gym,31
2026-11-05,Thu,12:30,Gym,35
2026-11-05,Thu,13:00,Gym,33
2026-11-05,Thu,13:30,Gym,28
2026-11-05,Thu,08:00,Computer_Room,25
2026-11-05,Thu,08:30,Computer_Room,20
2026-11-05,Thu,09:00,Computer_Room,24
2026-11-05,Thu,09:30,Computer_Room,24
2026-11-05,Thu,10:00,Computer_Room,28
2026-11-05,Thu,10:30,Computer_Room,23
2026-11-05,Thu,11:00,Computer_Room,33
2026-11-05,Thu,11:30,Computer_Room,28
2026-11-05,Thu,12:00,Computer_Room,32
2026-11-05,Thu,12:30,Computer_Room,36
2026-11-05,Thu,13:00,Computer_Room,25
2026-11-05,Thu,13:30,Computer_Room,29
2026-11-05,Thu,08:00,Science_Lab,12
2026-11-05,Thu,08:30,Science_Lab,16
2026-11-05,Thu,09:00,Science_Lab,11
2026-11-05,Thu,09:30,Science_Lab,20
2026-11-05,Thu,10:00,Science_Lab,15
2026-11-05,Thu,10:30,Science_Lab,19
2026-11-05,Thu,11:00,Science_Lab,20
2026-11-05,Thu,11:30,Science_Lab,24
2026-11-05,Thu,12:00,Science_Lab,28
2026-11-05,Thu,12:30,Science_Lab,23
2026-11-05,Thu,13:00,Science_Lab,21
2026-11-05,Thu,13:30,Science_Lab,16
2026-11-05,Thu,08:00,Art_Room,14
2026-11-05,Thu,08:30,Art_Room,9
2026-11-05,Thu,09:00,Art_Room,13
2026-11-05,Thu,09:30,Art_Room,13
2026-11-05,Thu,10:00,Art_Room,17
2026-11-05,Thu,10:30,Art_Room,12
2026-11-05,Thu,11:00,Art_Room,22
2026-11-05,Thu,11:30,Art_Room,26
2026-11-05,Thu,12:00,Art_Room,21
2026-11-05,Thu,12:30,Art_Room,25
2026-11-05,Thu,13:00,Art_Room,14
2026-11-05,Thu,13:30,Art_Room,18
2026-11-05,Thu,08:00,Music_Room,13
2026-11-05,Thu,08:30,Music_Room,17
2026-11-05,Thu,09:00,Music_Room,12
2026-11-05,Thu,09:30,Music_Room,21
2026-11-05,Thu,10:00,Music_Room,16
2026-11-05,Thu,10:30,Music_Room,20
2026-11-05,Thu,11:00,Music_Room,30
2026-11-05,Thu,11:30,Music_Room,25
2026-11-05,Thu,12:00,Music_Room,29
2026-11-05,Thu,12:30,Music_Room,24
2026-11-05,Thu,13:00,Music_Room,22
2026-11-05,Thu,13:30,Music_Room,17
2026-11-06,Fri,08:00,Library,26
2026-11-06,Fri,08:30,Library,21
2026-11-06,Fri,09:00,Library,25
2026-11-06,Fri,09:30,Library,25
2026-11-06,Fri,10:00,Library,29
2026-11-06,Fri,10:30,Library,24
2026-11-06,Fri,11:00,Library,34
2026-11-06,Fri,11:30,Library,29
2026-11-06,Fri,12:00,Library,33
2026-11-06,Fri,12:30,Library,37
2026-11-06,Fri,13:00,Library,26
2026-11-06,Fri,13:30,Library,30
2026-11-06,Fri,08:00,Gym,27
2026-11-06,Fri,08:30,Gym,31
2026-11-06,Fri,09:00,Gym,26
2026-11-06,Fri,09:30,Gym,35
2026-11-06,Fri,10:00,Gym,30
2026-11-06,Fri,10:30,Gym,34
2026-11-06,Fri,11:00,Gym,35
2026-11-06,Fri,11:30,Gym,39
2026-11-06,Fri,12:00,Gym,43
2026-11-06,Fri,12:30,Gym,38
2026-11-06,Fri,13:00,Gym,36
2026-11-06,Fri,13:30,Gym,31
2026-11-06,Fri,08:00,Computer_Room,28
2026-11-06,Fri,08:30,Computer_Room,23
2026-11-06,Fri,09:00,Computer_Room,27
2026-11-06,Fri,09:30,Computer_Room,27
2026-11-06,Fri,10:00,Computer_Room,31
2026-11-06,Fri,10:30,Computer_Room,26
2026-11-06,Fri,11:00,Computer_Room,36
2026-11-06,Fri,11:30,Computer_Room,40
2026-11-06,Fri,12:00,Computer_Room,35
2026-11-06,Fri,12:30,Computer_Room,39
2026-11-06,Fri,13:00,Computer_Room,28
2026-11-06,Fri,13:30,Computer_Room,32
2026-11-06,Fri,08:00,Science_Lab,15
2026-11-06,Fri,08:30,Science_Lab,19
2026-11-06,Fri,09:00,Science_Lab,14
2026-11-06,Fri,09:30,Science_Lab,23
2026-11-06,Fri,10:00,Science_Lab,18
2026-11-06,Fri,10:30,Science_Lab,22
2026-11-06,Fri,11:00,Science_Lab,32
2026-11-06,Fri,11:30,Science_Lab,27
2026-11-06,Fri,12:00,Science_Lab,31
2026-11-06,Fri,12:30,Science_Lab,26
2026-11-06,Fri,13:00,Science_Lab,24
2026-11-06,Fri,13:30,Science_Lab,19
2026-11-06,Fri,08:00,Art_Room,17
2026-11-06,Fri,08:30,Art_Room,12
2026-11-06,Fri,09:00,Art_Room,16
2026-11-06,Fri,09:30,Art_Room,16
2026-11-06,Fri,10:00,Art_Room,20
2026-11-06,Fri,10:30,Art_Room,24
2026-11-06,Fri,11:00,Art_Room,25
2026-11-06,Fri,11:30,Art_Room,29
2026-11-06,Fri,12:00,Art_Room,24
2026-11-06,Fri,12:30,Art_Room,28
2026-11-06,Fri,13:00,Art_Room,17
2026-11-06,Fri,13:30,Art_Room,21
2026-11-06,Fri,08:00,Music_Room,16
2026-11-06,Fri,08:30,Music_Room,20
2026-11-06,Fri,09:00,Music_Room,15
2026-11-06,Fri,09:30,Music_Room,24
2026-11-06,Fri,10:00,Music_Room,28
2026-11-06,Fri,10:30,Music_Room,23
2026-11-06,Fri,11:00,Music_Room,33
2026-11-06,Fri,11:30,Music_Room,28
2026-11-06,Fri,12:00,Music_Room,32
2026-11-06,Fri,12:30,Music_Room,27
2026-11-06,Fri,13:00,Music_Room,25
2026-11-06,Fri,13:30,Music_Room,20
